timestamp,route,speed_kmh,free_flow_speed,delay_per_km_min,current_travel_time,free_flow_travel_time,confidence,congestion_ratio,road_closure,incident_count,weather,weather_detail,temperature,humidity,wind_speed,is_weekend,hour,day_of_week,month,data_source
2026-04-03 23:52:09,Nguyen Trai,31,31,0,326,326,1,1.0,0,0,Clear,bầu trời quang đãng,25.98,88,4.56,0,23,4,4,tomtom_realtime
2026-04-03 23:52:09,Vanh Dai 3,41,41,0,497,497,1,1.0,0,0,Clear,bầu trời quang đãng,25.98,88,4.56,0,23,4,4,tomtom_realtime
2026-04-03 23:52:09,Ton Duc Thang,28,28,0,408,408,1,1.0,0,0,Clear,bầu trời quang đãng,25.98,88,4.56,0,23,4,4,tomtom_realtime
2026-04-03 23:57:13,Nguyen Trai,28,31,0.21,361,326,1,0.9032,0,0,Clear,bầu trời quang đãng,25.98,88,4.56,0,23,4,4,tomtom_realtime
2026-04-03 23:57:13,Vanh Dai 3,41,41,0.0,497,497,1,1.0,0,0,Clear,bầu trời quang đãng,25.98,88,4.56,0,23,4,4,tomtom_realtime
2026-04-03 23:57:13,Ton Duc Thang,28,28,0.0,408,408,1,1.0,0,0,Clear,bầu trời quang đãng,25.98,88,4.56,0,23,4,4,tomtom_realtime
2026-04-04 00:17:28,Nguyen Trai,31,31,0.0,326,326,1,1.0,0,0,Clear,bầu trời quang đãng,25.98,89,4.56,1,0,5,4,tomtom_realtime
2026-04-04 00:17:28,Vanh Dai 3,41,41,0.0,497,497,1,1.0,0,0,Clear,bầu trời quang đãng,25.98,89,4.56,1,0,5,4,tomtom_realtime
2026-04-04 00:17:28,Ton Duc Thang,24,28,0.36,476,408,1,0.8571,0,0,Clear,bầu trời quang đãng,25.98,89,4.56,1,0,5,4,tomtom_realtime
2026-04-04 00:22:32,Vanh Dai 3,41,41,0,497,497,1,1.0,0,0,Clear,bầu trời quang đãng,25.98,89,4.56,1,0,5,4,tomtom_realtime
2026-04-04 00:28:10,Nguyen Trai,31,31,0,326,326,1,1.0,0,0,Clear,bầu trời quang đãng,25.98,89,4.56,1,0,5,4,tomtom_realtime
2026-04-04 00:28:10,Vanh Dai 3,41,41,0,497,497,1,1.0,0,0,Clear,bầu trời quang đãng,25.98,89,4.56,1,0,5,4,tomtom_realtime
2026-04-04 00:28:10,Ton Duc Thang,28,28,0,408,408,1,1.0,0,0,Clear,bầu trời quang đãng,25.98,89,4.56,1,0,5,4,tomtom_realtime
2026-04-04 00:33:15,Nguyen Trai,31,31,0,326,326,1,1.0,0,0,Clear,bầu trời quang đãng,25.98,89,4.56,1,0,5,4,tomtom_realtime
2026-04-04 00:33:15,Vanh Dai 3,41,41,0,497,497,1,1.0,0,0,Clear,bầu trời quang đãng,25.98,89,4.56,1,0,5,4,tomtom_realtime
2026-04-04 00:33:15,Ton Duc Thang,28,28,0,408,408,1,1.0,0,0,Clear,bầu trời quang đãng,25.98,89,4.56,1,0,5,4,tomtom_realtime
2026-04-04 00:38:19,Nguyen Trai,31,31,0,326,326,1,1.0,0,0,Clear,bầu trời quang đãng,25.98,89,4.56,1,0,5,4,tomtom_realtime
2026-04-04 00:38:19,Vanh Dai 3,41,41,0,497,497,1,1.0,0,0,Clear,bầu trời quang đãng,25.98,89,4.56,1,0,5,4,tomtom_realtime
2026-04-04 00:43:44,Nguyen Trai,31,31,0,326,326,1,1.0,0,0,Clear,bầu trời quang đãng,25.96,87,4.09,1,0,5,4,tomtom_realtime
2026-04-04 00:43:44,Vanh Dai 3,41,41,0,497,497,1,1.0,0,0,Clear,bầu trời quang đãng,25.96,87,4.09,1,0,5,4,tomtom_realtime
2026-04-04 00:43:44,Ton Duc Thang,28,28,0,408,408,1,1.0,0,0,Clear,bầu trời quang đãng,25.96,87,4.09,1,0,5,4,tomtom_realtime
2026-04-04 00:48:49,Nguyen Trai,31,31,0,326,326,1,1.0,0,0,Clear,bầu trời quang đãng,25.96,87,4.09,1,0,5,4,tomtom_realtime
2026-04-04 00:48:49,Vanh Dai 3,41,41,0,497,497,1,1.0,0,0,Clear,bầu trời quang đãng,25.96,87,4.09,1,0,5,4,tomtom_realtime
2026-04-04 00:48:49,Ton Duc Thang,28,28,0,408,408,1,1.0,0,0,Clear,bầu trời quang đãng,25.96,87,4.09,1,0,5,4,tomtom_realtime
2026-04-04 00:53:53,Nguyen Trai,31,31,0.0,326,326,1,1.0,0,0,Clear,bầu trời quang đãng,25.98,87,4.07,1,0,5,4,tomtom_realtime
2026-04-04 00:53:53,Vanh Dai 3,41,41,0.0,497,497,1,1.0,0,0,Clear,bầu trời quang đãng,25.98,87,4.07,1,0,5,4,tomtom_realtime
2026-04-04 00:53:53,Ton Duc Thang,24,28,0.36,476,408,1,0.8571,0,0,Clear,bầu trời quang đãng,25.98,87,4.07,1,0,5,4,tomtom_realtime
2026-04-04 00:58:58,Nguyen Trai,31,31,0,326,326,1,1.0,0,0,Clear,bầu trời quang đãng,25.98,87,4.07,1,0,5,4,tomtom_realtime
2026-04-04 00:58:58,Vanh Dai 3,41,41,0,497,497,1,1.0,0,0,Clear,bầu trời quang đãng,25.98,87,4.07,1,0,5,4,tomtom_realtime
2026-04-04 00:58:58,Ton Duc Thang,28,28,0,408,408,1,1.0,0,0,Clear,bầu trời quang đãng,25.98,87,4.07,1,0,5,4,tomtom_realtime
2026-04-04 01:04:02,Nguyen Trai,31,31,0,326,326,1,1.0,0,0,Clear,bầu trời quang đãng,25.98,87,4.07,1,1,5,4,tomtom_realtime
2026-04-04 01:04:02,Vanh Dai 3,41,41,0,497,497,1,1.0,0,0,Clear,bầu trời quang đãng,25.98,87,4.07,1,1,5,4,tomtom_realtime
2026-04-04 01:04:02,Ton Duc Thang,28,28,0,408,408,1,1.0,0,0,Clear,bầu trời quang đãng,25.98,87,4.07,1,1,5,4,tomtom_realtime
2026-04-04 01:09:07,Nguyen Trai,31,31,0,326,326,1,1.0,0,0,Clear,bầu trời quang đãng,25.98,87,4.07,1,1,5,4,tomtom_realtime
2026-04-04 01:09:07,Vanh Dai 3,41,41,0,497,497,1,1.0,0,0,Clear,bầu trời quang đãng,25.98,87,4.07,1,1,5,4,tomtom_realtime
2026-04-04 01:09:07,Ton Duc Thang,28,28,0,408,408,1,1.0,0,0,Clear,bầu trời quang đãng,25.98,87,4.07,1,1,5,4,tomtom_realtime
2026-04-04 01:14:11,Nguyen Trai,31,31,0.0,326,326,1,1.0,0,0,Clear,bầu trời quang đãng,25.98,87,4.07,1,1,5,4,tomtom_realtime
2026-04-04 01:14:11,Vanh Dai 3,41,41,0.0,497,497,1,1.0,0,0,Clear,bầu trời quang đãng,25.98,87,4.07,1,1,5,4,tomtom_realtime
2026-04-04 01:14:11,Ton Duc Thang,22,28,0.58,520,408,1,0.7857,0,0,Clear,bầu trời quang đãng,25.98,87,4.07,1,1,5,4,tomtom_realtime
2026-04-04 01:19:15,Nguyen Trai,31,31,0,326,326,1,1.0,0,0,Clear,bầu trời quang đãng,25.98,87,4.07,1,1,5,4,tomtom_realtime
2026-04-04 01:19:15,Vanh Dai 3,41,41,0,497,497,1,1.0,0,0,Clear,bầu trời quang đãng,25.98,87,4.07,1,1,5,4,tomtom_realtime
2026-04-04 01:19:15,Ton Duc Thang,28,28,0,408,408,1,1.0,0,0,Clear,bầu trời quang đãng,25.98,87,4.07,1,1,5,4,tomtom_realtime
2026-04-04 01:24:18,Nguyen Trai,26,30,0.31,388,337,1,0.8667,0,0,Clear,bầu trời quang đãng,25.96,87,4.07,1,1,5,4,tomtom_realtime
2026-04-04 01:24:18,Vanh Dai 3,41,41,0.0,497,497,1,1.0,0,0,Clear,bầu trời quang đãng,25.96,87,4.07,1,1,5,4,tomtom_realtime
2026-04-04 01:24:18,Ton Duc Thang,28,28,0.0,408,408,1,1.0,0,0,Clear,bầu trời quang đãng,25.96,87,4.07,1,1,5,4,tomtom_realtime
2026-04-04 01:29:23,Nguyen Trai,31,31,0,326,326,1,1.0,0,0,Clear,bầu trời quang đãng,25.98,87,4.07,1,1,5,4,tomtom_realtime
2026-04-04 01:29:23,Vanh Dai 3,41,41,0,497,497,1,1.0,0,0,Clear,bầu trời quang đãng,25.98,87,4.07,1,1,5,4,tomtom_realtime
2026-04-04 01:29:23,Ton Duc Thang,28,28,0,408,408,1,1.0,0,0,Clear,bầu trời quang đãng,25.98,87,4.07,1,1,5,4,tomtom_realtime
2026-04-04 01:34:27,Nguyen Trai,31,31,0,326,326,1,1.0,0,0,Clear,bầu trời quang đãng,25.98,87,4.07,1,1,5,4,tomtom_realtime
2026-04-04 01:34:27,Vanh Dai 3,41,41,0,497,497,1,1.0,0,0,Clear,bầu trời quang đãng,25.98,87,4.07,1,1,5,4,tomtom_realtime
2026-04-04 01:34:27,Ton Duc Thang,28,28,0,408,408,1,1.0,0,0,Clear,bầu trời quang đãng,25.98,87,4.07,1,1,5,4,tomtom_realtime
2026-04-04 01:39:31,Nguyen Trai,31,31,0,326,326,1,1.0,0,0,Clear,mây rải rác,25.98,86,3.51,1,1,5,4,tomtom_realtime
2026-04-04 01:39:31,Vanh Dai 3,41,41,0,497,497,1,1.0,0,0,Clear,mây rải rác,25.98,86,3.51,1,1,5,4,tomtom_realtime
2026-04-04 01:39:31,Ton Duc Thang,28,28,0,408,408,1,1.0,0,0,Clear,mây rải rác,25.98,86,3.51,1,1,5,4,tomtom_realtime
2026-04-04 01:44:36,Nguyen Trai,31,31,0,326,326,1,1.0,0,0,Clear,mây rải rác,25.98,86,3.51,1,1,5,4,tomtom_realtime
2026-04-04 01:44:36,Vanh Dai 3,41,41,0,497,497,1,1.0,0,0,Clear,mây rải rác,25.98,86,3.51,1,1,5,4,tomtom_realtime
2026-04-04 01:44:36,Ton Duc Thang,28,28,0,408,408,1,1.0,0,0,Clear,mây rải rác,25.98,86,3.51,1,1,5,4,tomtom_realtime
2026-04-04 01:49:41,Nguyen Trai,31,31,0,326,326,1,1.0,0,0,Clear,mây rải rác,25.96,86,3.51,1,1,5,4,tomtom_realtime
2026-04-04 01:49:41,Vanh Dai 3,41,41,0,497,497,1,1.0,0,0,Clear,mây rải rác,25.96,86,3.51,1,1,5,4,tomtom_realtime
2026-04-04 01:49:41,Ton Duc Thang,28,28,0,408,408,1,1.0,0,0,Clear,mây rải rác,25.96,86,3.51,1,1,5,4,tomtom_realtime
2026-04-04 01:54:45,Nguyen Trai,31,31,0,326,326,1,1.0,0,0,Clear,mây rải rác,25.96,86,3.51,1,1,5,4,tomtom_realtime
2026-04-04 01:54:45,Vanh Dai 3,41,41,0,497,497,1,1.0,0,0,Clear,mây rải rác,25.96,86,3.51,1,1,5,4,tomtom_realtime
2026-04-04 01:54:45,Ton Duc Thang,28,28,0,408,408,1,1.0,0,0,Clear,mây rải rác,25.96,86,3.51,1,1,5,4,tomtom_realtime
2026-04-04 01:59:50,Nguyen Trai,31,31,0,326,326,1,1.0,0,0,Clear,mây rải rác,25.98,88,3.51,1,1,5,4,tomtom_realtime
2026-04-04 01:59:50,Vanh Dai 3,41,41,0,497,497,1,1.0,0,0,Clear,mây rải rác,25.98,88,3.51,1,1,5,4,tomtom_realtime
2026-04-04 01:59:50,Ton Duc Thang,28,28,0,408,408,1,1.0,0,0,Clear,mây rải rác,25.98,88,3.51,1,1,5,4,tomtom_realtime
2026-04-04 02:04:54,Nguyen Trai,31,31,0,326,326,1,1.0,0,0,Clear,mây rải rác,25.98,88,3.51,1,2,5,4,tomtom_realtime
2026-04-04 02:04:54,Vanh Dai 3,41,41,0,497,497,1,1.0,0,0,Clear,mây rải rác,25.98,88,3.51,1,2,5,4,tomtom_realtime
2026-04-04 02:04:54,Ton Duc Thang,28,28,0,408,408,1,1.0,0,0,Clear,mây rải rác,25.98,88,3.51,1,2,5,4,tomtom_realtime
2026-04-04 02:09:58,Nguyen Trai,31,31,0.0,326,326,1,1.0,0,0,Clear,mây rải rác,25.98,88,3.51,1,2,5,4,tomtom_realtime
2026-04-04 02:09:58,Vanh Dai 3,33,41,0.35,618,497,1,0.8049,0,0,Clear,mây rải rác,25.98,88,3.51,1,2,5,4,tomtom_realtime
2026-04-04 02:09:58,Ton Duc Thang,28,28,0.0,408,408,1,1.0,0,0,Clear,mây rải rác,25.98,88,3.51,1,2,5,4,tomtom_realtime
2026-04-04 02:15:03,Nguyen Trai,31,31,0,326,326,1,1.0,0,0,Clear,mây rải rác,25.98,88,3.51,1,2,5,4,tomtom_realtime
2026-04-04 02:15:03,Vanh Dai 3,41,41,0,497,497,1,1.0,0,0,Clear,mây rải rác,25.98,88,3.51,1,2,5,4,tomtom_realtime
2026-04-04 02:15:03,Ton Duc Thang,28,28,0,408,408,1,1.0,0,0,Clear,mây rải rác,25.98,88,3.51,1,2,5,4,tomtom_realtime
2026-04-04 02:20:07,Nguyen Trai,28,31,0.21,361,326,1.0,0.9032,0,0,Clear,mây rải rác,24.98,88,3.51,1,2,5,4,tomtom_realtime
2026-04-04 02:20:07,Vanh Dai 3,41,41,0.0,497,497,1.0,1.0,0,0,Clear,mây rải rác,24.98,88,3.51,1,2,5,4,tomtom_realtime
2026-04-04 02:20:07,Ton Duc Thang,28,28,0.0,408,408,1.0,1.0,0,0,Clear,mây rải rác,24.98,88,3.51,1,2,5,4,tomtom_realtime
2026-04-04 02:25:11,Nguyen Trai,31,31,0,326,326,1,1.0,0,0,Clear,mây rải rác,24.98,88,3.51,1,2,5,4,tomtom_realtime
2026-04-04 02:25:11,Vanh Dai 3,41,41,0,497,497,1,1.0,0,0,Clear,mây rải rác,24.98,88,3.51,1,2,5,4,tomtom_realtime
2026-04-04 02:25:11,Ton Duc Thang,28,28,0,408,408,1,1.0,0,0,Clear,mây rải rác,24.98,88,3.51,1,2,5,4,tomtom_realtime
2026-04-04 02:30:15,Nguyen Trai,31,31,0,326,326,1,1.0,0,0,Clear,mây rải rác,24.98,88,3.51,1,2,5,4,tomtom_realtime
2026-04-04 02:30:15,Vanh Dai 3,41,41,0,497,497,1,1.0,0,0,Clear,mây rải rác,24.98,88,3.51,1,2,5,4,tomtom_realtime
2026-04-04 02:30:15,Ton Duc Thang,28,28,0,408,408,1,1.0,0,0,Clear,mây rải rác,24.98,88,3.51,1,2,5,4,tomtom_realtime
2026-04-04 02:35:19,Nguyen Trai,27,30,0.22,374,337,1.0,0.9,0,0,Clear,mây rải rác,24.98,88,3.51,1,2,5,4,tomtom_realtime
2026-04-04 02:35:19,Vanh Dai 3,41,41,0.0,497,497,1.0,1.0,0,0,Clear,mây rải rác,24.98,88,3.51,1,2,5,4,tomtom_realtime
2026-04-04 02:35:19,Ton Duc Thang,28,28,0.0,408,408,1.0,1.0,0,0,Clear,mây rải rác,24.98,88,3.51,1,2,5,4,tomtom_realtime
2026-04-04 02:40:23,Nguyen Trai,31,31,0,326,326,1,1.0,0,0,Clear,mây cụm,24.98,87,2.74,1,2,5,4,tomtom_realtime
2026-04-04 02:40:23,Vanh Dai 3,41,41,0,497,497,1,1.0,0,0,Clear,mây cụm,24.98,87,2.74,1,2,5,4,tomtom_realtime
2026-04-04 02:40:23,Ton Duc Thang,28,28,0,408,408,1,1.0,0,0,Clear,mây cụm,24.98,87,2.74,1,2,5,4,tomtom_realtime
2026-04-04 02:45:28,Nguyen Trai,31,31,0,326,326,1,1.0,0,0,Clear,mây cụm,24.98,87,2.74,1,2,5,4,tomtom_realtime
2026-04-04 02:45:28,Vanh Dai 3,41,41,0,497,497,1,1.0,0,0,Clear,mây cụm,24.98,87,2.74,1,2,5,4,tomtom_realtime
2026-04-04 02:45:28,Ton Duc Thang,28,28,0,408,408,1,1.0,0,0,Clear,mây cụm,24.98,87,2.74,1,2,5,4,tomtom_realtime
2026-04-04 02:50:32,Nguyen Trai,31,31,0,326,326,1,1.0,0,0,Clear,mây cụm,24.98,87,2.74,1,2,5,4,tomtom_realtime
2026-04-04 02:50:32,Vanh Dai 3,41,41,0,497,497,1,1.0,0,0,Clear,mây cụm,24.98,87,2.74,1,2,5,4,tomtom_realtime
2026-04-04 02:50:32,Ton Duc Thang,28,28,0,408,408,1,1.0,0,0,Clear,mây cụm,24.98,87,2.74,1,2,5,4,tomtom_realtime
2026-04-04 02:55:36,Nguyen Trai,31,31,0,326,326,1,1.0,0,0,Clear,mây cụm,24.98,87,2.74,1,2,5,4,tomtom_realtime
2026-04-04 02:55:36,Vanh Dai 3,41,41,0,497,497,1,1.0,0,0,Clear,mây cụm,24.98,87,2.74,1,2,5,4,tomtom_realtime
2026-04-04 02:55:36,Ton Duc Thang,28,28,0,408,408,1,1.0,0,0,Clear,mây cụm,24.98,87,2.74,1,2,5,4,tomtom_realtime
2026-04-04 03:00:40,Nguyen Trai,31,31,0,326,326,1,1.0,0,0,Clear,mây cụm,24.98,89,2.74,1,3,5,4,tomtom_realtime
2026-04-04 03:00:40,Vanh Dai 3,41,41,0,497,497,1,1.0,0,0,Clear,mây cụm,24.98,89,2.74,1,3,5,4,tomtom_realtime
2026-04-04 03:00:40,Ton Duc Thang,28,28,0,408,408,1,1.0,0,0,Clear,mây cụm,24.98,89,2.74,1,3,5,4,tomtom_realtime
2026-04-04 03:05:45,Nguyen Trai,31,31,0,326,326,1,1.0,0,0,Clear,mây cụm,24.98,89,2.74,1,3,5,4,tomtom_realtime
2026-04-04 03:05:45,Vanh Dai 3,41,41,0,497,497,1,1.0,0,0,Clear,mây cụm,24.98,89,2.74,1,3,5,4,tomtom_realtime
2026-04-04 03:05:45,Ton Duc Thang,28,28,0,408,408,1,1.0,0,0,Clear,mây cụm,24.98,89,2.74,1,3,5,4,tomtom_realtime
2026-04-04 03:10:49,Nguyen Trai,31,31,0,326,326,1,1.0,0,0,Clear,mây cụm,24.98,91,2.74,1,3,5,4,tomtom_realtime
2026-04-04 03:10:49,Vanh Dai 3,41,41,0,497,497,1,1.0,0,0,Clear,mây cụm,24.98,91,2.74,1,3,5,4,tomtom_realtime
2026-04-04 03:10:49,Ton Duc Thang,28,28,0,408,408,1,1.0,0,0,Clear,mây cụm,24.98,91,2.74,1,3,5,4,tomtom_realtime
2026-04-04 03:15:54,Nguyen Trai,31,31,0,326,326,1,1.0,0,0,Clear,mây cụm,24.98,91,2.74,1,3,5,4,tomtom_realtime
2026-04-04 03:15:54,Vanh Dai 3,41,41,0,497,497,1,1.0,0,0,Clear,mây cụm,24.98,91,2.74,1,3,5,4,tomtom_realtime
2026-04-04 03:15:54,Ton Duc Thang,28,28,0,408,408,1,1.0,0,0,Clear,mây cụm,24.98,91,2.74,1,3,5,4,tomtom_realtime
2026-04-04 03:20:59,Nguyen Trai,31,31,0,326,326,1,1.0,0,0,Clear,mây cụm,24.98,91,2.74,1,3,5,4,tomtom_realtime
2026-04-04 03:20:59,Vanh Dai 3,41,41,0,497,497,1,1.0,0,0,Clear,mây cụm,24.98,91,2.74,1,3,5,4,tomtom_realtime
2026-04-04 03:20:59,Ton Duc Thang,28,28,0,408,408,1,1.0,0,0,Clear,mây cụm,24.98,91,2.74,1,3,5,4,tomtom_realtime
2026-04-04 03:26:04,Nguyen Trai,31,31,0,326,326,1,1.0,0,0,Clear,mây cụm,24.98,91,2.74,1,3,5,4,tomtom_realtime
2026-04-04 03:26:04,Vanh Dai 3,41,41,0,497,497,1,1.0,0,0,Clear,mây cụm,24.98,91,2.74,1,3,5,4,tomtom_realtime
2026-04-04 03:26:04,Ton Duc Thang,28,28,0,408,408,1,1.0,0,0,Clear,mây cụm,24.98,91,2.74,1,3,5,4,tomtom_realtime
2026-04-04 03:31:08,Nguyen Trai,31,31,0,326,326,1,1.0,0,0,Clear,mây cụm,24.98,87,2.74,1,3,5,4,tomtom_realtime
2026-04-04 03:31:08,Vanh Dai 3,41,41,0,497,497,1,1.0,0,0,Clear,mây cụm,24.98,87,2.74,1,3,5,4,tomtom_realtime
2026-04-04 03:31:08,Ton Duc Thang,28,28,0,408,408,1,1.0,0,0,Clear,mây cụm,24.98,87,2.74,1,3,5,4,tomtom_realtime
2026-04-04 03:36:12,Nguyen Trai,27,30,0.22,374,337,0.99,0.9,0,0,Clear,mây cụm,24.98,86,2.43,1,3,5,4,tomtom_realtime
2026-04-04 03:36:12,Vanh Dai 3,41,41,0.0,497,497,1.0,1.0,0,0,Clear,mây cụm,24.98,86,2.43,1,3,5,4,tomtom_realtime
2026-04-04 03:36:12,Ton Duc Thang,28,28,0.0,408,408,1.0,1.0,0,0,Clear,mây cụm,24.98,86,2.43,1,3,5,4,tomtom_realtime
2026-04-04 03:41:16,Nguyen Trai,31,31,0,326,326,1,1.0,0,0,Clear,mây cụm,24.98,86,2.43,1,3,5,4,tomtom_realtime
2026-04-04 03:41:16,Vanh Dai 3,41,41,0,497,497,1,1.0,0,0,Clear,mây cụm,24.98,86,2.43,1,3,5,4,tomtom_realtime
2026-04-04 03:41:16,Ton Duc Thang,28,28,0,408,408,1,1.0,0,0,Clear,mây cụm,24.98,86,2.43,1,3,5,4,tomtom_realtime
2026-04-04 03:46:20,Nguyen Trai,31,31,0,326,326,1,1.0,0,0,Clear,mây cụm,24.98,86,2.43,1,3,5,4,tomtom_realtime
2026-04-04 03:46:20,Vanh Dai 3,41,41,0,497,497,1,1.0,0,0,Clear,mây cụm,24.98,86,2.43,1,3,5,4,tomtom_realtime
2026-04-04 03:46:20,Ton Duc Thang,28,28,0,408,408,1,1.0,0,0,Clear,mây cụm,24.98,86,2.43,1,3,5,4,tomtom_realtime
2026-04-04 03:51:24,Nguyen Trai,31,31,0,326,326,1,1.0,0,0,Clear,mây cụm,24.98,86,2.43,1,3,5,4,tomtom_realtime
2026-04-04 03:51:24,Vanh Dai 3,41,41,0,497,497,1,1.0,0,0,Clear,mây cụm,24.98,86,2.43,1,3,5,4,tomtom_realtime
2026-04-04 03:51:24,Ton Duc Thang,28,28,0,408,408,1,1.0,0,0,Clear,mây cụm,24.98,86,2.43,1,3,5,4,tomtom_realtime
2026-04-04 03:56:28,Nguyen Trai,25,31,0.46,404,326,0.99,0.8065,0,0,Clear,mây cụm,24.98,87,2.43,1,3,5,4,tomtom_realtime
2026-04-04 03:56:28,Vanh Dai 3,41,41,0.0,497,497,1.0,1.0,0,0,Clear,mây cụm,24.98,87,2.43,1,3,5,4,tomtom_realtime
2026-04-04 03:56:28,Ton Duc Thang,28,28,0.0,408,408,1.0,1.0,0,0,Clear,mây cụm,24.98,87,2.43,1,3,5,4,tomtom_realtime
2026-04-04 04:01:34,Nguyen Trai,31,31,0,326,326,1,1.0,0,0,Clear,mây cụm,24.98,87,2.43,1,4,5,4,tomtom_realtime
2026-04-04 04:01:34,Vanh Dai 3,41,41,0,497,497,1,1.0,0,0,Clear,mây cụm,24.98,87,2.43,1,4,5,4,tomtom_realtime
2026-04-04 04:01:34,Ton Duc Thang,28,28,0,408,408,1,1.0,0,0,Clear,mây cụm,24.98,87,2.43,1,4,5,4,tomtom_realtime
2026-04-04 04:06:39,Nguyen Trai,31,31,0,326,326,1,1.0,0,0,Clear,mây cụm,24.98,88,2.43,1,4,5,4,tomtom_realtime
2026-04-04 04:06:39,Vanh Dai 3,41,41,0,497,497,1,1.0,0,0,Clear,mây cụm,24.98,88,2.43,1,4,5,4,tomtom_realtime
2026-04-04 04:06:39,Ton Duc Thang,28,28,0,408,408,1,1.0,0,0,Clear,mây cụm,24.98,88,2.43,1,4,5,4,tomtom_realtime
2026-04-04 04:11:43,Nguyen Trai,31,31,0,326,326,1,1.0,0,0,Clear,mây cụm,24.98,88,2.43,1,4,5,4,tomtom_realtime
2026-04-04 04:11:43,Vanh Dai 3,41,41,0,497,497,1,1.0,0,0,Clear,mây cụm,24.98,88,2.43,1,4,5,4,tomtom_realtime
2026-04-04 04:11:43,Ton Duc Thang,28,28,0,408,408,1,1.0,0,0,Clear,mây cụm,24.98,88,2.43,1,4,5,4,tomtom_realtime
2026-04-04 04:16:48,Nguyen Trai,31,31,0,326,326,1,1.0,0,0,Clear,mây cụm,24.98,88,2.43,1,4,5,4,tomtom_realtime
2026-04-04 04:16:48,Vanh Dai 3,41,41,0,497,497,1,1.0,0,0,Clear,mây cụm,24.98,88,2.43,1,4,5,4,tomtom_realtime
2026-04-04 04:16:48,Ton Duc Thang,28,28,0,408,408,1,1.0,0,0,Clear,mây cụm,24.98,88,2.43,1,4,5,4,tomtom_realtime
2026-04-04 04:21:52,Nguyen Trai,26,31,0.37,388,326,0.98,0.8387,0,0,Clear,mây cụm,24.98,89,2.43,1,4,5,4,tomtom_realtime
2026-04-04 04:21:52,Vanh Dai 3,41,41,0.0,497,497,1.0,1.0,0,0,Clear,mây cụm,24.98,89,2.43,1,4,5,4,tomtom_realtime
2026-04-04 04:21:52,Ton Duc Thang,28,28,0.0,408,408,1.0,1.0,0,0,Clear,mây cụm,24.98,89,2.43,1,4,5,4,tomtom_realtime
2026-04-04 04:26:56,Nguyen Trai,27,32,0.35,374,316,0.99,0.8438,0,0,Clear,mây cụm,24.98,89,2.43,1,4,5,4,tomtom_realtime
2026-04-04 04:26:56,Vanh Dai 3,41,41,0.0,497,497,1.0,1.0,0,0,Clear,mây cụm,24.98,89,2.43,1,4,5,4,tomtom_realtime
2026-04-04 04:26:56,Ton Duc Thang,28,28,0.0,408,408,1.0,1.0,0,0,Clear,mây cụm,24.98,89,2.43,1,4,5,4,tomtom_realtime
2026-04-04 04:32:00,Nguyen Trai,31,31,0,326,326,1,1.0,0,0,Clear,mây cụm,24.98,89,2.43,1,4,5,4,tomtom_realtime
2026-04-04 04:32:00,Vanh Dai 3,41,41,0,497,497,1,1.0,0,0,Clear,mây cụm,24.98,89,2.43,1,4,5,4,tomtom_realtime
2026-04-04 04:32:00,Ton Duc Thang,28,28,0,408,408,1,1.0,0,0,Clear,mây cụm,24.98,89,2.43,1,4,5,4,tomtom_realtime
2026-04-04 04:37:04,Nguyen Trai,31,31,0,326,326,1,1.0,0,0,Clear,mây cụm,24.98,89,2.43,1,4,5,4,tomtom_realtime
2026-04-04 04:37:04,Vanh Dai 3,41,41,0,497,497,1,1.0,0,0,Clear,mây cụm,24.98,89,2.43,1,4,5,4,tomtom_realtime
2026-04-04 04:37:04,Ton Duc Thang,28,28,0,408,408,1,1.0,0,0,Clear,mây cụm,24.98,89,2.43,1,4,5,4,tomtom_realtime
2026-04-04 04:42:09,Nguyen Trai,31,31,0,326,326,1,1.0,0,0,Clear,mây cụm,24.98,87,1.94,1,4,5,4,tomtom_realtime
2026-04-04 04:42:09,Vanh Dai 3,41,41,0,497,497,1,1.0,0,0,Clear,mây cụm,24.98,87,1.94,1,4,5,4,tomtom_realtime
2026-04-04 04:42:09,Ton Duc Thang,28,28,0,408,408,1,1.0,0,0,Clear,mây cụm,24.98,87,1.94,1,4,5,4,tomtom_realtime
2026-04-04 04:47:14,Nguyen Trai,26,31,0.37,388,326,0.98,0.8387,0,0,Clear,mây cụm,24.98,87,1.94,1,4,5,4,tomtom_realtime
2026-04-04 04:47:14,Vanh Dai 3,41,41,0.0,497,497,1.0,1.0,0,0,Clear,mây cụm,24.98,87,1.94,1,4,5,4,tomtom_realtime
2026-04-04 04:47:14,Ton Duc Thang,28,28,0.0,408,408,1.0,1.0,0,0,Clear,mây cụm,24.98,87,1.94,1,4,5,4,tomtom_realtime
2026-04-04 04:52:18,Nguyen Trai,26,31,0.37,388,326,0.99,0.8387,0,0,Clear,mây cụm,24.98,84,1.94,1,4,5,4,tomtom_realtime
2026-04-04 04:52:18,Vanh Dai 3,41,41,0.0,497,497,1.0,1.0,0,0,Clear,mây cụm,24.98,84,1.94,1,4,5,4,tomtom_realtime
2026-04-04 04:52:18,Ton Duc Thang,28,28,0.0,408,408,1.0,1.0,0,0,Clear,mây cụm,24.98,84,1.94,1,4,5,4,tomtom_realtime
2026-04-04 04:57:23,Nguyen Trai,27,31,0.29,374,326,0.99,0.871,0,0,Clear,mây cụm,24.98,84,1.94,1,4,5,4,tomtom_realtime
2026-04-04 04:57:23,Vanh Dai 3,41,41,0.0,497,497,1.0,1.0,0,0,Clear,mây cụm,24.98,84,1.94,1,4,5,4,tomtom_realtime
2026-04-04 04:57:23,Ton Duc Thang,28,28,0.0,408,408,1.0,1.0,0,0,Clear,mây cụm,24.98,84,1.94,1,4,5,4,tomtom_realtime
2026-04-04 05:02:27,Nguyen Trai,26,31,0.37,388,326,1.0,0.8387,0,0,Clear,mây cụm,24.98,84,1.94,1,5,5,4,tomtom_realtime
2026-04-04 05:02:27,Vanh Dai 3,41,41,0.0,497,497,1.0,1.0,0,0,Clear,mây cụm,24.98,84,1.94,1,5,5,4,tomtom_realtime
2026-04-04 05:02:27,Ton Duc Thang,24,28,0.36,476,408,0.99,0.8571,0,0,Clear,mây cụm,24.98,84,1.94,1,5,5,4,tomtom_realtime
2026-04-04 05:07:31,Nguyen Trai,31,31,0.0,326,326,1,1.0,0,0,Clear,mây cụm,24.98,84,1.94,1,5,5,4,tomtom_realtime
2026-04-04 05:07:31,Vanh Dai 3,36,41,0.2,567,497,1,0.878,0,0,Clear,mây cụm,24.98,84,1.94,1,5,5,4,tomtom_realtime
2026-04-04 05:07:31,Ton Duc Thang,28,28,0.0,408,408,1,1.0,0,0,Clear,mây cụm,24.98,84,1.94,1,5,5,4,tomtom_realtime
2026-04-04 05:12:35,Nguyen Trai,31,31,0,326,326,1,1.0,0,0,Clear,mây cụm,24.98,84,1.94,1,5,5,4,tomtom_realtime
2026-04-04 05:12:35,Vanh Dai 3,41,41,0,497,497,1,1.0,0,0,Clear,mây cụm,24.98,84,1.94,1,5,5,4,tomtom_realtime
2026-04-04 05:12:35,Ton Duc Thang,28,28,0,408,408,1,1.0,0,0,Clear,mây cụm,24.98,84,1.94,1,5,5,4,tomtom_realtime
2026-04-04 05:17:39,Nguyen Trai,31,31,0,326,326,1,1.0,0,0,Clear,mây cụm,24.98,84,1.94,1,5,5,4,tomtom_realtime
2026-04-04 05:17:39,Vanh Dai 3,41,41,0,497,497,1,1.0,0,0,Clear,mây cụm,24.98,84,1.94,1,5,5,4,tomtom_realtime
2026-04-04 05:17:39,Ton Duc Thang,28,28,0,408,408,1,1.0,0,0,Clear,mây cụm,24.98,84,1.94,1,5,5,4,tomtom_realtime
2026-04-04 05:22:43,Nguyen Trai,31,31,0.0,326,326,1,1.0,0,0,Clear,mây cụm,24.98,84,1.94,1,5,5,4,tomtom_realtime
2026-04-04 05:22:43,Vanh Dai 3,32,41,0.41,637,497,1,0.7805,0,0,Clear,mây cụm,24.98,84,1.94,1,5,5,4,tomtom_realtime
2026-04-04 05:22:43,Ton Duc Thang,23,28,0.47,497,408,1,0.8214,0,0,Clear,mây cụm,24.98,84,1.94,1,5,5,4,tomtom_realtime
2026-04-04 05:27:47,Nguyen Trai,31,31,0,326,326,1,1.0,0,0,Clear,mây cụm,24.98,84,1.94,1,5,5,4,tomtom_realtime
2026-04-04 05:27:47,Vanh Dai 3,41,41,0,497,497,1,1.0,0,0,Clear,mây cụm,24.98,84,1.94,1,5,5,4,tomtom_realtime
2026-04-04 05:27:47,Ton Duc Thang,28,28,0,408,408,1,1.0,0,0,Clear,mây cụm,24.98,84,1.94,1,5,5,4,tomtom_realtime
2026-04-04 05:32:52,Nguyen Trai,31,31,0,326,326,1,1.0,0,0,Clear,mây cụm,24.98,86,2.13,1,5,5,4,tomtom_realtime
2026-04-04 05:32:52,Vanh Dai 3,41,41,0,497,497,1,1.0,0,0,Clear,mây cụm,24.98,86,2.13,1,5,5,4,tomtom_realtime
2026-04-04 05:32:52,Ton Duc Thang,28,28,0,408,408,1,1.0,0,0,Clear,mây cụm,24.98,86,2.13,1,5,5,4,tomtom_realtime
2026-04-04 05:37:56,Nguyen Trai,31,31,0,326,326,1,1.0,0,0,Clear,mây cụm,24.98,86,2.13,1,5,5,4,tomtom_realtime
2026-04-04 05:37:56,Vanh Dai 3,41,41,0,497,497,1,1.0,0,0,Clear,mây cụm,24.98,86,2.13,1,5,5,4,tomtom_realtime
2026-04-04 05:37:56,Ton Duc Thang,28,28,0,408,408,1,1.0,0,0,Clear,mây cụm,24.98,86,2.13,1,5,5,4,tomtom_realtime
2026-04-04 05:43:00,Nguyen Trai,25,31,0.46,404,326,1,0.8065,0,0,Clear,mây cụm,24.98,86,2.13,1,5,5,4,tomtom_realtime
2026-04-04 05:43:00,Vanh Dai 3,33,40,0.32,618,510,1,0.825,0,0,Clear,mây cụm,24.98,86,2.13,1,5,5,4,tomtom_realtime
2026-04-04 05:43:00,Ton Duc Thang,28,28,0.0,408,408,1,1.0,0,0,Clear,mây cụm,24.98,86,2.13,1,5,5,4,tomtom_realtime
2026-04-04 05:48:04,Nguyen Trai,24,30,0.5,421,337,1,0.8,0,0,Clear,mây cụm,24.98,86,2.13,1,5,5,4,tomtom_realtime
2026-04-04 05:48:04,Vanh Dai 3,33,39,0.28,618,523,1,0.8462,0,0,Clear,mây cụm,24.98,86,2.13,1,5,5,4,tomtom_realtime
2026-04-04 05:48:04,Ton Duc Thang,28,28,0.0,408,408,1,1.0,0,0,Clear,mây cụm,24.98,86,2.13,1,5,5,4,tomtom_realtime
2026-04-04 05:53:08,Nguyen Trai,25,30,0.4,404,337,1,0.8333,0,0,Clear,mây cụm,24.98,86,2.13,1,5,5,4,tomtom_realtime
2026-04-04 05:53:08,Vanh Dai 3,41,41,0.0,497,497,1,1.0,0,0,Clear,mây cụm,24.98,86,2.13,1,5,5,4,tomtom_realtime
2026-04-04 05:53:08,Ton Duc Thang,28,28,0.0,408,408,1,1.0,0,0,Clear,mây cụm,24.98,86,2.13,1,5,5,4,tomtom_realtime
2026-04-04 05:58:12,Nguyen Trai,25,31,0.46,404,326,1,0.8065,0,0,Clear,mây cụm,24.98,86,2.13,1,5,5,4,tomtom_realtime
2026-04-04 05:58:12,Vanh Dai 3,35,40,0.21,583,510,1,0.875,0,0,Clear,mây cụm,24.98,86,2.13,1,5,5,4,tomtom_realtime
2026-04-04 05:58:12,Ton Duc Thang,28,28,0.0,408,408,1,1.0,0,0,Clear,mây cụm,24.98,86,2.13,1,5,5,4,tomtom_realtime
2026-04-04 06:03:16,Nguyen Trai,26,31,0.37,388,326,1,0.8387,0,0,Clear,mây cụm,24.98,86,2.13,1,6,5,4,tomtom_realtime
2026-04-04 06:03:16,Vanh Dai 3,41,41,0.0,497,497,1,1.0,0,0,Clear,mây cụm,24.98,86,2.13,1,6,5,4,tomtom_realtime
2026-04-04 06:03:16,Ton Duc Thang,28,28,0.0,408,408,1,1.0,0,0,Clear,mây cụm,24.98,86,2.13,1,6,5,4,tomtom_realtime
2026-04-04 06:08:20,Nguyen Trai,25,31,0.46,404,326,1,0.8065,0,0,Clear,mây cụm,24.98,87,2.13,1,6,5,4,tomtom_realtime
2026-04-04 06:08:20,Vanh Dai 3,41,41,0.0,497,497,1,1.0,0,0,Clear,mây cụm,24.98,87,2.13,1,6,5,4,tomtom_realtime
2026-04-04 06:08:20,Ton Duc Thang,28,28,0.0,408,408,1,1.0,0,0,Clear,mây cụm,24.98,87,2.13,1,6,5,4,tomtom_realtime
2026-04-04 06:13:24,Nguyen Trai,25,30,0.4,404,337,1,0.8333,0,0,Clear,mây cụm,24.98,87,2.13,1,6,5,4,tomtom_realtime
2026-04-04 06:13:24,Vanh Dai 3,41,41,0.0,497,497,1,1.0,0,0,Clear,mây cụm,24.98,87,2.13,1,6,5,4,tomtom_realtime
2026-04-04 06:13:24,Ton Duc Thang,23,28,0.47,497,408,1,0.8214,0,0,Clear,mây cụm,24.98,87,2.13,1,6,5,4,tomtom_realtime
2026-04-04 06:18:29,Nguyen Trai,25,31,0.46,404,326,1,0.8065,0,0,Clear,mây cụm,25.98,87,2.13,1,6,5,4,tomtom_realtime
2026-04-04 06:18:29,Vanh Dai 3,41,41,0.0,497,497,1,1.0,0,0,Clear,mây cụm,25.98,87,2.13,1,6,5,4,tomtom_realtime
2026-04-04 06:18:29,Ton Duc Thang,22,28,0.58,520,408,1,0.7857,0,0,Clear,mây cụm,25.98,87,2.13,1,6,5,4,tomtom_realtime
2026-04-04 06:23:33,Nguyen Trai,24,31,0.56,421,326,1,0.7742,0,0,Clear,mây cụm,25.98,87,2.13,1,6,5,4,tomtom_realtime
2026-04-04 06:23:33,Vanh Dai 3,41,41,0.0,497,497,1,1.0,0,0,Clear,mây cụm,25.98,87,2.13,1,6,5,4,tomtom_realtime
2026-04-04 06:23:33,Ton Duc Thang,21,28,0.71,545,408,1,0.75,0,0,Clear,mây cụm,25.98,87,2.13,1,6,5,4,tomtom_realtime
2026-04-04 06:28:37,Nguyen Trai,25,32,0.52,404,316,1,0.7812,0,0,Clear,mây cụm,25.96,87,2.13,1,6,5,4,tomtom_realtime
2026-04-04 06:28:37,Vanh Dai 3,41,41,0.0,497,497,1,1.0,0,0,Clear,mây cụm,25.96,87,2.13,1,6,5,4,tomtom_realtime
2026-04-04 06:28:37,Ton Duc Thang,20,28,0.86,572,408,1,0.7143,0,0,Clear,mây cụm,25.96,87,2.13,1,6,5,4,tomtom_realtime
2026-04-04 06:33:41,Nguyen Trai,31,31,0.0,326,326,1,1.0,0,0,Clear,mây cụm,25.98,87,2.13,1,6,5,4,tomtom_realtime
2026-04-04 06:33:41,Vanh Dai 3,34,40,0.26,600,510,1,0.85,0,0,Clear,mây cụm,25.98,87,2.13,1,6,5,4,tomtom_realtime
2026-04-04 06:33:41,Ton Duc Thang,22,28,0.58,520,408,1,0.7857,0,0,Clear,mây cụm,25.98,87,2.13,1,6,5,4,tomtom_realtime
2026-04-04 06:38:45,Nguyen Trai,26,31,0.37,388,326,1,0.8387,0,0,Clear,mây cụm,25.98,87,2.13,1,6,5,4,tomtom_realtime
2026-04-04 06:38:45,Vanh Dai 3,33,40,0.32,618,510,1,0.825,0,0,Clear,mây cụm,25.98,87,2.13,1,6,5,4,tomtom_realtime
2026-04-04 06:38:45,Ton Duc Thang,22,28,0.58,520,408,1,0.7857,0,0,Clear,mây cụm,25.98,87,2.13,1,6,5,4,tomtom_realtime
2026-04-04 06:43:49,Nguyen Trai,25,31,0.46,404,326,1,0.8065,0,0,Clear,mây cụm,24.98,82,2.86,1,6,5,4,tomtom_realtime
2026-04-04 06:43:49,Vanh Dai 3,33,41,0.35,618,497,1,0.8049,0,0,Clear,mây cụm,24.98,82,2.86,1,6,5,4,tomtom_realtime
2026-04-04 06:43:49,Ton Duc Thang,20,28,0.86,572,408,1,0.7143,0,0,Clear,mây cụm,24.98,82,2.86,1,6,5,4,tomtom_realtime
2026-04-04 06:48:54,Nguyen Trai,23,31,0.67,439,326,1,0.7419,0,0,Clear,mây cụm,24.98,82,2.86,1,6,5,4,tomtom_realtime
2026-04-04 06:48:54,Vanh Dai 3,41,41,0.0,497,497,1,1.0,0,0,Clear,mây cụm,24.98,82,2.86,1,6,5,4,tomtom_realtime
2026-04-04 06:48:54,Ton Duc Thang,20,28,0.86,572,408,1,0.7143,0,0,Clear,mây cụm,24.98,82,2.86,1,6,5,4,tomtom_realtime
2026-04-04 06:53:58,Nguyen Trai,25,31,0.46,404,326,1,0.8065,0,0,Clear,mây cụm,24.98,82,2.86,1,6,5,4,tomtom_realtime
2026-04-04 06:53:58,Vanh Dai 3,31,40,0.44,658,510,1,0.775,0,0,Clear,mây cụm,24.98,82,2.86,1,6,5,4,tomtom_realtime
2026-04-04 06:53:58,Ton Duc Thang,18,28,1.19,635,408,1,0.6429,0,0,Clear,mây cụm,24.98,82,2.86,1,6,5,4,tomtom_realtime
2026-04-04 06:59:02,Nguyen Trai,22,31,0.79,459,326,1,0.7097,0,0,Clear,mây đen u ám,24.98,81,2.82,1,6,5,4,tomtom_realtime
2026-04-04 06:59:02,Vanh Dai 3,31,40,0.44,658,510,1,0.775,0,0,Clear,mây đen u ám,24.98,81,2.82,1,6,5,4,tomtom_realtime
2026-04-04 06:59:02,Ton Duc Thang,20,29,0.93,572,394,1,0.6897,0,0,Clear,mây đen u ám,24.98,81,2.82,1,6,5,4,tomtom_realtime
2026-04-04 07:04:07,Nguyen Trai,22,31,0.79,459,326,1,0.7097,0,0,Clear,mây đen u ám,24.98,81,2.82,1,7,5,4,tomtom_realtime
2026-04-04 07:04:07,Vanh Dai 3,32,41,0.41,637,497,1,0.7805,0,0,Clear,mây đen u ám,24.98,81,2.82,1,7,5,4,tomtom_realtime
2026-04-04 07:04:07,Ton Duc Thang,19,27,0.94,602,423,1,0.7037,0,0,Clear,mây đen u ám,24.98,81,2.82,1,7,5,4,tomtom_realtime
2026-04-04 07:09:11,Nguyen Trai,22,31,0.79,459,326,1,0.7097,0,0,Clear,mây đen u ám,24.98,81,2.82,1,7,5,4,tomtom_realtime
2026-04-04 07:09:11,Vanh Dai 3,31,41,0.47,658,497,1,0.7561,0,0,Clear,mây đen u ám,24.98,81,2.82,1,7,5,4,tomtom_realtime
2026-04-04 07:09:11,Ton Duc Thang,18,28,1.19,635,408,1,0.6429,0,0,Clear,mây đen u ám,24.98,81,2.82,1,7,5,4,tomtom_realtime
2026-04-04 07:14:15,Nguyen Trai,22,31,0.79,459,326,1,0.7097,0,0,Clear,mây đen u ám,24.98,81,2.82,1,7,5,4,tomtom_realtime
2026-04-04 07:14:15,Vanh Dai 3,30,41,0.54,680,497,1,0.7317,0,0,Clear,mây đen u ám,24.98,81,2.82,1,7,5,4,tomtom_realtime
2026-04-04 07:14:15,Ton Duc Thang,19,28,1.02,602,408,1,0.6786,0,0,Clear,mây đen u ám,24.98,81,2.82,1,7,5,4,tomtom_realtime
2026-04-04 07:19:19,Nguyen Trai,20,31,1.06,505,326,1,0.6452,0,0,Rain,mưa nhẹ,25.98,81,2.82,1,7,5,4,tomtom_realtime
2026-04-04 07:19:19,Vanh Dai 3,29,41,0.61,703,497,1,0.7073,0,0,Rain,mưa nhẹ,25.98,81,2.82,1,7,5,4,tomtom_realtime
2026-04-04 07:19:19,Ton Duc Thang,19,28,1.02,602,408,1,0.6786,0,0,Rain,mưa nhẹ,25.98,81,2.82,1,7,5,4,tomtom_realtime
2026-04-04 07:24:23,Nguyen Trai,21,31,0.92,481,326,1,0.6774,0,0,Clear,mây đen u ám,25.98,81,2.82,1,7,5,4,tomtom_realtime
2026-04-04 07:24:23,Vanh Dai 3,30,41,0.54,680,497,1,0.7317,0,0,Clear,mây đen u ám,25.98,81,2.82,1,7,5,4,tomtom_realtime
2026-04-04 07:24:23,Ton Duc Thang,20,28,0.86,572,408,1,0.7143,0,0,Clear,mây đen u ám,25.98,81,2.82,1,7,5,4,tomtom_realtime
2026-04-04 07:29:27,Nguyen Trai,21,31,0.92,481,326,1,0.6774,0,0,Clear,mây đen u ám,25.98,81,2.82,1,7,5,4,tomtom_realtime
2026-04-04 07:29:27,Vanh Dai 3,28,39,0.6,729,523,1,0.7179,0,0,Clear,mây đen u ám,25.98,81,2.82,1,7,5,4,tomtom_realtime
2026-04-04 07:29:27,Ton Duc Thang,18,28,1.19,635,408,1,0.6429,0,0,Clear,mây đen u ám,25.98,81,2.82,1,7,5,4,tomtom_realtime
2026-04-04 07:34:31,Nguyen Trai,21,31,0.92,481,326,1,0.6774,0,0,Clear,mây đen u ám,25.98,81,2.82,1,7,5,4,tomtom_realtime
2026-04-04 07:34:31,Vanh Dai 3,31,41,0.47,658,497,1,0.7561,0,0,Clear,mây đen u ám,25.98,81,2.82,1,7,5,4,tomtom_realtime
2026-04-04 07:34:31,Ton Duc Thang,20,28,0.86,572,408,1,0.7143,0,0,Clear,mây đen u ám,25.98,81,2.82,1,7,5,4,tomtom_realtime
2026-04-04 07:37:21,Nguyen Trai,22,31,0.79,459,326,1,0.7097,0,0,Rain,mưa nhẹ,25.98,76,4.06,1,7,5,4,tomtom_realtime
2026-04-04 07:37:21,Vanh Dai 3,29,41,0.61,703,497,1,0.7073,0,0,Rain,mưa nhẹ,25.98,76,4.06,1,7,5,4,tomtom_realtime
2026-04-04 07:37:21,Ton Duc Thang,19,28,1.02,602,408,1,0.6786,0,0,Rain,mưa nhẹ,25.98,76,4.06,1,7,5,4,tomtom_realtime
2026-04-04 07:42:25,Nguyen Trai,20,30,1.0,505,337,1,0.6667,0,0,Rain,mưa nhẹ,25.98,76,4.06,1,7,5,4,tomtom_realtime
2026-04-04 07:42:25,Vanh Dai 3,29,40,0.57,703,510,1,0.725,0,0,Rain,mưa nhẹ,25.98,76,4.06,1,7,5,4,tomtom_realtime
2026-04-04 07:42:25,Ton Duc Thang,18,28,1.19,635,408,1,0.6429,0,0,Rain,mưa nhẹ,25.98,76,4.06,1,7,5,4,tomtom_realtime
2026-04-04 07:47:29,Nguyen Trai,22,31,0.79,459,326,1,0.7097,0,0,Clear,mây đen u ám,24.98,76,4.06,1,7,5,4,tomtom_realtime
2026-04-04 07:47:29,Vanh Dai 3,27,40,0.72,756,510,1,0.675,0,0,Clear,mây đen u ám,24.98,76,4.06,1,7,5,4,tomtom_realtime
2026-04-04 07:47:29,Ton Duc Thang,18,27,1.11,635,423,1,0.6667,0,0,Clear,mây đen u ám,24.98,76,4.06,1,7,5,4,tomtom_realtime
2026-04-04 07:52:33,Nguyen Trai,21,31,0.92,481,326,1,0.6774,0,0,Clear,mây đen u ám,24.98,76,4.06,1,7,5,4,tomtom_realtime
2026-04-04 07:52:33,Vanh Dai 3,26,41,0.84,785,497,1,0.6341,0,0,Clear,mây đen u ám,24.98,76,4.06,1,7,5,4,tomtom_realtime
2026-04-04 07:52:33,Ton Duc Thang,18,27,1.11,635,423,1,0.6667,0,0,Clear,mây đen u ám,24.98,76,4.06,1,7,5,4,tomtom_realtime
2026-04-04 07:57:37,Nguyen Trai,18,31,1.4,561,326,1,0.5806,0,0,Clear,mây đen u ám,24.98,76,4.06,1,7,5,4,tomtom_realtime
2026-04-04 07:57:37,Vanh Dai 3,28,40,0.64,729,510,1,0.7,0,0,Clear,mây đen u ám,24.98,76,4.06,1,7,5,4,tomtom_realtime
2026-04-04 07:57:37,Ton Duc Thang,16,27,1.53,715,423,1,0.5926,0,0,Clear,mây đen u ám,24.98,76,4.06,1,7,5,4,tomtom_realtime
2026-04-04 08:02:41,Nguyen Trai,21,31,0.92,481,326,1,0.6774,0,0,Clear,mây đen u ám,24.98,76,4.06,1,8,5,4,tomtom_realtime
2026-04-04 08:02:41,Vanh Dai 3,27,41,0.76,756,497,1,0.6585,0,0,Clear,mây đen u ám,24.98,76,4.06,1,8,5,4,tomtom_realtime
2026-04-04 08:02:41,Ton Duc Thang,17,27,1.31,673,423,1,0.6296,0,0,Clear,mây đen u ám,24.98,76,4.06,1,8,5,4,tomtom_realtime
2026-04-04 08:07:45,Nguyen Trai,22,31,0.79,459,326,1,0.7097,0,0,Clear,mây đen u ám,24.98,76,4.06,1,8,5,4,tomtom_realtime
2026-04-04 08:07:45,Vanh Dai 3,29,41,0.61,703,497,1,0.7073,0,0,Clear,mây đen u ám,24.98,76,4.06,1,8,5,4,tomtom_realtime
2026-04-04 08:07:45,Ton Duc Thang,18,28,1.19,635,408,1,0.6429,0,0,Clear,mây đen u ám,24.98,76,4.06,1,8,5,4,tomtom_realtime
2026-04-04 08:12:49,Nguyen Trai,20,30,1.0,505,337,1,0.6667,0,0,Clear,mây đen u ám,23.98,85,4.06,1,8,5,4,tomtom_realtime
2026-04-04 08:12:49,Vanh Dai 3,25,41,0.94,816,497,1,0.6098,0,0,Clear,mây đen u ám,23.98,85,4.06,1,8,5,4,tomtom_realtime
2026-04-04 08:12:49,Ton Duc Thang,16,28,1.61,715,408,1,0.5714,0,0,Clear,mây đen u ám,23.98,85,4.06,1,8,5,4,tomtom_realtime
2026-04-04 08:17:53,Nguyen Trai,21,31,0.92,481,326,1,0.6774,0,0,Clear,mây đen u ám,23.98,85,4.06,1,8,5,4,tomtom_realtime
2026-04-04 08:17:53,Vanh Dai 3,28,40,0.64,729,510,1,0.7,0,0,Clear,mây đen u ám,23.98,85,4.06,1,8,5,4,tomtom_realtime
2026-04-04 08:17:53,Ton Duc Thang,16,27,1.53,715,423,1,0.5926,0,0,Clear,mây đen u ám,23.98,85,4.06,1,8,5,4,tomtom_realtime
2026-04-04 08:22:57,Nguyen Trai,20,31,1.06,505,326,1,0.6452,0,0,Clear,mây đen u ám,23.98,90,4.06,1,8,5,4,tomtom_realtime
2026-04-04 08:22:57,Vanh Dai 3,28,40,0.64,729,510,1,0.7,0,0,Clear,mây đen u ám,23.98,90,4.06,1,8,5,4,tomtom_realtime
2026-04-04 08:22:57,Ton Duc Thang,18,28,1.19,635,408,1,0.6429,0,0,Clear,mây đen u ám,23.98,90,4.06,1,8,5,4,tomtom_realtime
2026-04-04 08:28:02,Nguyen Trai,19,31,1.22,532,326,1,0.6129,0,0,Clear,mây đen u ám,23.96,90,4.06,1,8,5,4,tomtom_realtime
2026-04-04 08:28:02,Vanh Dai 3,27,41,0.76,756,497,1,0.6585,0,0,Clear,mây đen u ám,23.96,90,4.06,1,8,5,4,tomtom_realtime
2026-04-04 08:28:02,Ton Duc Thang,18,28,1.19,635,408,1,0.6429,0,0,Clear,mây đen u ám,23.96,90,4.06,1,8,5,4,tomtom_realtime
2026-04-04 08:33:06,Nguyen Trai,17,31,1.59,594,326,1,0.5484,0,0,Clear,mây đen u ám,23.96,90,4.06,1,8,5,4,tomtom_realtime
2026-04-04 08:33:06,Vanh Dai 3,26,41,0.84,785,497,1,0.6341,0,0,Clear,mây đen u ám,23.96,90,4.06,1,8,5,4,tomtom_realtime
2026-04-04 08:33:06,Ton Duc Thang,18,28,1.19,635,408,1,0.6429,0,0,Clear,mây đen u ám,23.96,90,4.06,1,8,5,4,tomtom_realtime
2026-04-04 08:38:10,Nguyen Trai,18,31,1.4,561,326,1,0.5806,0,0,Clear,mây đen u ám,23.97,83,4.15,1,8,5,4,tomtom_realtime
2026-04-04 08:38:10,Vanh Dai 3,28,41,0.68,729,497,1,0.6829,0,0,Clear,mây đen u ám,23.97,83,4.15,1,8,5,4,tomtom_realtime
2026-04-04 08:38:10,Ton Duc Thang,17,28,1.39,673,408,1,0.6071,0,0,Clear,mây đen u ám,23.97,83,4.15,1,8,5,4,tomtom_realtime
2026-04-04 08:43:14,Nguyen Trai,19,31,1.22,532,326,1,0.6129,0,0,Clear,mây đen u ám,23.97,83,4.15,1,8,5,4,tomtom_realtime
2026-04-04 08:43:14,Vanh Dai 3,24,40,1.0,850,510,1,0.6,0,0,Clear,mây đen u ám,23.97,83,4.15,1,8,5,4,tomtom_realtime
2026-04-04 08:43:14,Ton Duc Thang,17,27,1.31,673,423,1,0.6296,0,0,Clear,mây đen u ám,23.97,83,4.15,1,8,5,4,tomtom_realtime
2026-04-04 08:48:18,Nguyen Trai,20,30,1.0,505,337,1,0.6667,0,0,Clear,mây đen u ám,24.98,83,4.15,1,8,5,4,tomtom_realtime
2026-04-04 08:48:18,Vanh Dai 3,26,40,0.81,785,510,1,0.65,0,0,Clear,mây đen u ám,24.98,83,4.15,1,8,5,4,tomtom_realtime
2026-04-04 08:48:18,Ton Duc Thang,18,28,1.19,635,408,1,0.6429,0,0,Clear,mây đen u ám,24.98,83,4.15,1,8,5,4,tomtom_realtime
2026-04-04 08:53:23,Nguyen Trai,23,31,0.67,439,326,1,0.7419,0,0,Clear,mây đen u ám,24.98,79,4.15,1,8,5,4,tomtom_realtime
2026-04-04 08:53:23,Vanh Dai 3,24,40,1.0,850,510,1,0.6,0,0,Clear,mây đen u ám,24.98,79,4.15,1,8,5,4,tomtom_realtime
2026-04-04 08:53:23,Ton Duc Thang,15,28,1.86,763,408,1,0.5357,0,0,Clear,mây đen u ám,24.98,79,4.15,1,8,5,4,tomtom_realtime
2026-04-04 08:58:27,Nguyen Trai,21,31,0.92,481,326,1,0.6774,0,0,Clear,mây đen u ám,24.98,79,4.15,1,8,5,4,tomtom_realtime
2026-04-04 08:58:27,Vanh Dai 3,28,40,0.64,729,510,1,0.7,0,0,Clear,mây đen u ám,24.98,79,4.15,1,8,5,4,tomtom_realtime
2026-04-04 08:58:27,Ton Duc Thang,16,29,1.68,715,394,1,0.5517,0,0,Clear,mây đen u ám,24.98,79,4.15,1,8,5,4,tomtom_realtime
2026-04-04 09:03:31,Nguyen Trai,18,30,1.33,561,337,1,0.6,0,0,Clear,mây đen u ám,24.98,79,4.15,1,9,5,4,tomtom_realtime
2026-04-04 09:03:31,Vanh Dai 3,27,40,0.72,756,510,1,0.675,0,0,Clear,mây đen u ám,24.98,79,4.15,1,9,5,4,tomtom_realtime
2026-04-04 09:03:31,Ton Duc Thang,15,28,1.86,763,408,1,0.5357,0,0,Clear,mây đen u ám,24.98,79,4.15,1,9,5,4,tomtom_realtime
2026-04-04 09:08:35,Nguyen Trai,20,31,1.06,505,326,1,0.6452,0,0,Clear,mây đen u ám,24.98,81,4.15,1,9,5,4,tomtom_realtime
2026-04-04 09:08:35,Vanh Dai 3,27,41,0.76,756,497,1,0.6585,0,0,Clear,mây đen u ám,24.98,81,4.15,1,9,5,4,tomtom_realtime
2026-04-04 09:08:35,Ton Duc Thang,14,27,2.06,817,423,1,0.5185,0,0,Clear,mây đen u ám,24.98,81,4.15,1,9,5,4,tomtom_realtime
2026-04-04 09:13:39,Nguyen Trai,21,32,0.98,481,316,1,0.6562,0,0,Clear,mây đen u ám,24.98,81,4.15,1,9,5,4,tomtom_realtime
2026-04-04 09:13:39,Vanh Dai 3,26,39,0.77,785,523,1,0.6667,0,0,Clear,mây đen u ám,24.98,81,4.15,1,9,5,4,tomtom_realtime
2026-04-04 09:13:39,Ton Duc Thang,15,27,1.78,763,423,1,0.5556,0,0,Clear,mây đen u ám,24.98,81,4.15,1,9,5,4,tomtom_realtime
2026-04-04 09:18:43,Nguyen Trai,20,31,1.06,505,326,1,0.6452,0,0,Clear,mây đen u ám,24.98,81,4.15,1,9,5,4,tomtom_realtime
2026-04-04 09:18:43,Vanh Dai 3,27,41,0.76,756,497,1,0.6585,0,0,Clear,mây đen u ám,24.98,81,4.15,1,9,5,4,tomtom_realtime
2026-04-04 09:18:43,Ton Duc Thang,14,27,2.06,817,423,1,0.5185,0,0,Clear,mây đen u ám,24.98,81,4.15,1,9,5,4,tomtom_realtime
2026-04-04 09:23:47,Nguyen Trai,20,31,1.06,505,326,1,0.6452,0,0,Clear,mây đen u ám,24.98,81,4.15,1,9,5,4,tomtom_realtime
2026-04-04 09:23:47,Vanh Dai 3,27,41,0.76,756,497,1,0.6585,0,0,Clear,mây đen u ám,24.98,81,4.15,1,9,5,4,tomtom_realtime
2026-04-04 09:23:47,Ton Duc Thang,14,27,2.06,817,423,1,0.5185,0,0,Clear,mây đen u ám,24.98,81,4.15,1,9,5,4,tomtom_realtime
2026-04-04 09:28:51,Nguyen Trai,23,30,0.61,439,337,1,0.7667,0,0,Clear,mây đen u ám,24.98,81,4.15,1,9,5,4,tomtom_realtime
2026-04-04 09:28:51,Vanh Dai 3,27,41,0.76,756,497,1,0.6585,0,0,Clear,mây đen u ám,24.98,81,4.15,1,9,5,4,tomtom_realtime
2026-04-04 09:28:51,Ton Duc Thang,14,28,2.14,817,408,1,0.5,0,0,Clear,mây đen u ám,24.98,81,4.15,1,9,5,4,tomtom_realtime
2026-04-04 09:33:59,Nguyen Trai,19,31,1.22,532,326,1,0.6129,0,0,Clear,mây đen u ám,24.98,77,3.52,1,9,5,4,tomtom_realtime
2026-04-04 09:33:59,Vanh Dai 3,26,41,0.84,785,497,1,0.6341,0,0,Clear,mây đen u ám,24.98,77,3.52,1,9,5,4,tomtom_realtime
2026-04-04 09:33:59,Ton Duc Thang,15,28,1.86,763,408,1,0.5357,0,0,Clear,mây đen u ám,24.98,77,3.52,1,9,5,4,tomtom_realtime
2026-04-04 09:39:03,Nguyen Trai,23,31,0.67,439,326,1,0.7419,0,0,Clear,mây đen u ám,24.98,77,3.52,1,9,5,4,tomtom_realtime
2026-04-04 09:39:03,Vanh Dai 3,26,40,0.81,785,510,1,0.65,0,0,Clear,mây đen u ám,24.98,77,3.52,1,9,5,4,tomtom_realtime
2026-04-04 09:39:03,Ton Duc Thang,15,29,1.93,763,394,1,0.5172,0,0,Clear,mây đen u ám,24.98,77,3.52,1,9,5,4,tomtom_realtime
2026-04-04 09:44:07,Nguyen Trai,22,30,0.73,459,337,1,0.7333,0,0,Clear,mây đen u ám,25.98,77,3.52,1,9,5,4,tomtom_realtime
2026-04-04 09:44:07,Vanh Dai 3,27,41,0.76,756,497,1,0.6585,0,0,Clear,mây đen u ám,25.98,77,3.52,1,9,5,4,tomtom_realtime
2026-04-04 09:44:07,Ton Duc Thang,15,29,1.93,763,394,1,0.5172,0,0,Clear,mây đen u ám,25.98,77,3.52,1,9,5,4,tomtom_realtime
2026-04-04 09:49:11,Nguyen Trai,21,31,0.92,481,326,1,0.6774,0,0,Clear,mây đen u ám,25.98,77,3.52,1,9,5,4,tomtom_realtime
2026-04-04 09:49:11,Vanh Dai 3,27,41,0.76,756,497,1,0.6585,0,0,Clear,mây đen u ám,25.98,77,3.52,1,9,5,4,tomtom_realtime
2026-04-04 09:49:11,Ton Duc Thang,16,28,1.61,715,408,1,0.5714,0,0,Clear,mây đen u ám,25.98,77,3.52,1,9,5,4,tomtom_realtime
2026-04-04 09:54:15,Nguyen Trai,19,31,1.22,532,326,1,0.6129,0,0,Clear,mây đen u ám,25.98,77,3.52,1,9,5,4,tomtom_realtime
2026-04-04 09:54:15,Vanh Dai 3,26,41,0.84,785,497,1,0.6341,0,0,Clear,mây đen u ám,25.98,77,3.52,1,9,5,4,tomtom_realtime
2026-04-04 09:54:15,Ton Duc Thang,16,29,1.68,715,394,1,0.5517,0,0,Clear,mây đen u ám,25.98,77,3.52,1,9,5,4,tomtom_realtime
2026-04-04 09:59:19,Nguyen Trai,22,31,0.79,459,326,1,0.7097,0,0,Clear,mây đen u ám,25.98,75,3.52,1,9,5,4,tomtom_realtime
2026-04-04 09:59:19,Vanh Dai 3,26,41,0.84,785,497,1,0.6341,0,0,Clear,mây đen u ám,25.98,75,3.52,1,9,5,4,tomtom_realtime
2026-04-04 09:59:19,Ton Duc Thang,17,28,1.39,673,408,1,0.6071,0,0,Clear,mây đen u ám,25.98,75,3.52,1,9,5,4,tomtom_realtime
2026-04-04 10:04:23,Nguyen Trai,23,31,0.67,439,326,1,0.7419,0,0,Clear,mây đen u ám,25.98,75,3.52,1,10,5,4,tomtom_realtime
2026-04-04 10:04:23,Vanh Dai 3,25,40,0.9,816,510,1,0.625,0,0,Clear,mây đen u ám,25.98,75,3.52,1,10,5,4,tomtom_realtime
2026-04-04 10:04:23,Ton Duc Thang,15,27,1.78,763,423,1,0.5556,0,0,Clear,mây đen u ám,25.98,75,3.52,1,10,5,4,tomtom_realtime
2026-04-04 10:09:28,Nguyen Trai,19,31,1.22,532,326,1,0.6129,0,0,Clear,mây đen u ám,25.98,76,3.52,1,10,5,4,tomtom_realtime
2026-04-04 10:09:28,Vanh Dai 3,26,41,0.84,785,497,1,0.6341,0,0,Clear,mây đen u ám,25.98,76,3.52,1,10,5,4,tomtom_realtime
2026-04-04 10:09:28,Ton Duc Thang,15,28,1.86,763,408,1,0.5357,0,0,Clear,mây đen u ám,25.98,76,3.52,1,10,5,4,tomtom_realtime
2026-04-04 10:14:32,Nguyen Trai,19,31,1.22,532,326,1,0.6129,0,0,Clear,mây đen u ám,25.98,76,3.52,1,10,5,4,tomtom_realtime
2026-04-04 10:14:32,Vanh Dai 3,26,41,0.84,785,497,1,0.6341,0,0,Clear,mây đen u ám,25.98,76,3.52,1,10,5,4,tomtom_realtime
2026-04-04 10:14:32,Ton Duc Thang,16,29,1.68,715,394,1,0.5517,0,0,Clear,mây đen u ám,25.98,76,3.52,1,10,5,4,tomtom_realtime
2026-04-04 10:19:37,Nguyen Trai,19,31,1.22,532,326,1,0.6129,0,0,Clear,mây đen u ám,26.98,76,3.52,1,10,5,4,tomtom_realtime
2026-04-04 10:19:37,Vanh Dai 3,27,40,0.72,756,510,1,0.675,0,0,Clear,mây đen u ám,26.98,76,3.52,1,10,5,4,tomtom_realtime
2026-04-04 10:19:37,Ton Duc Thang,17,28,1.39,673,408,1,0.6071,0,0,Clear,mây đen u ám,26.98,76,3.52,1,10,5,4,tomtom_realtime
2026-04-04 10:24:41,Nguyen Trai,19,32,1.28,532,316,1,0.5938,0,0,Clear,mây đen u ám,26.96,70,3.52,1,10,5,4,tomtom_realtime
2026-04-04 10:24:41,Vanh Dai 3,27,40,0.72,756,510,1,0.675,0,0,Clear,mây đen u ám,26.96,70,3.52,1,10,5,4,tomtom_realtime
2026-04-04 10:24:41,Ton Duc Thang,16,28,1.61,715,408,1,0.5714,0,0,Clear,mây đen u ám,26.96,70,3.52,1,10,5,4,tomtom_realtime
2026-04-04 10:29:45,Nguyen Trai,19,32,1.28,532,316,1,0.5938,0,0,Clear,mây đen u ám,26.98,70,3.52,1,10,5,4,tomtom_realtime
2026-04-04 10:29:45,Vanh Dai 3,27,41,0.76,756,497,1,0.6585,0,0,Clear,mây đen u ám,26.98,70,3.52,1,10,5,4,tomtom_realtime
2026-04-04 10:29:45,Ton Duc Thang,16,28,1.61,715,408,1,0.5714,0,0,Clear,mây đen u ám,26.98,70,3.52,1,10,5,4,tomtom_realtime
2026-04-04 10:34:49,Nguyen Trai,16,31,1.81,632,326,1,0.5161,0,0,Clear,mây đen u ám,26.98,70,3.52,1,10,5,4,tomtom_realtime
2026-04-04 10:34:49,Vanh Dai 3,27,41,0.76,756,497,1,0.6585,0,0,Clear,mây đen u ám,26.98,70,3.52,1,10,5,4,tomtom_realtime
2026-04-04 10:34:49,Ton Duc Thang,15,29,1.93,763,394,1,0.5172,0,0,Clear,mây đen u ám,26.98,70,3.52,1,10,5,4,tomtom_realtime
2026-04-04 10:39:54,Nguyen Trai,22,31,0.79,459,326,1,0.7097,0,0,Clear,mây đen u ám,26.98,69,2.96,1,10,5,4,tomtom_realtime
2026-04-04 10:39:54,Vanh Dai 3,26,40,0.81,785,510,1,0.65,0,0,Clear,mây đen u ám,26.98,69,2.96,1,10,5,4,tomtom_realtime
2026-04-04 10:39:54,Ton Duc Thang,16,27,1.53,715,423,1,0.5926,0,0,Clear,mây đen u ám,26.98,69,2.96,1,10,5,4,tomtom_realtime
2026-04-04 10:44:58,Nguyen Trai,21,31,0.92,481,326,1,0.6774,0,0,Clear,mây đen u ám,26.98,69,2.96,1,10,5,4,tomtom_realtime
2026-04-04 10:44:58,Vanh Dai 3,25,41,0.94,816,497,1,0.6098,0,0,Clear,mây đen u ám,26.98,69,2.96,1,10,5,4,tomtom_realtime
2026-04-04 10:44:58,Ton Duc Thang,16,28,1.61,715,408,1,0.5714,0,0,Clear,mây đen u ám,26.98,69,2.96,1,10,5,4,tomtom_realtime
2026-04-04 10:50:02,Nguyen Trai,21,31,0.92,481,326,1,0.6774,0,0,Clear,mây đen u ám,27.98,69,2.96,1,10,5,4,tomtom_realtime
2026-04-04 10:50:02,Vanh Dai 3,26,41,0.84,785,497,1,0.6341,0,0,Clear,mây đen u ám,27.98,69,2.96,1,10,5,4,tomtom_realtime
2026-04-04 10:50:02,Ton Duc Thang,17,28,1.39,673,408,1,0.6071,0,0,Clear,mây đen u ám,27.98,69,2.96,1,10,5,4,tomtom_realtime
2026-04-04 10:55:06,Nguyen Trai,25,31,0.46,404,326,1,0.8065,0,0,Clear,mây đen u ám,27.96,69,2.96,1,10,5,4,tomtom_realtime
2026-04-04 10:55:06,Vanh Dai 3,26,42,0.88,785,486,1,0.619,0,0,Clear,mây đen u ám,27.96,69,2.96,1,10,5,4,tomtom_realtime
2026-04-04 10:55:06,Ton Duc Thang,18,28,1.19,635,408,1,0.6429,0,0,Clear,mây đen u ám,27.96,69,2.96,1,10,5,4,tomtom_realtime
2026-04-04 11:00:10,Nguyen Trai,19,30,1.16,532,337,1,0.6333,0,0,Clear,mây đen u ám,27.98,69,2.96,1,11,5,4,tomtom_realtime
2026-04-04 11:00:10,Vanh Dai 3,26,40,0.81,785,510,1,0.65,0,0,Clear,mây đen u ám,27.98,69,2.96,1,11,5,4,tomtom_realtime
2026-04-04 11:00:10,Ton Duc Thang,18,28,1.19,635,408,1,0.6429,0,0,Clear,mây đen u ám,27.98,69,2.96,1,11,5,4,tomtom_realtime
2026-04-04 11:05:16,Nguyen Trai,20,31,1.06,505,326,1,0.6452,0,0,Clear,mây đen u ám,27.98,69,2.96,1,11,5,4,tomtom_realtime
2026-04-04 11:05:16,Vanh Dai 3,28,41,0.68,729,497,1,0.6829,0,0,Clear,mây đen u ám,27.98,69,2.96,1,11,5,4,tomtom_realtime
2026-04-04 11:05:16,Ton Duc Thang,18,28,1.19,635,408,1,0.6429,0,0,Clear,mây đen u ám,27.98,69,2.96,1,11,5,4,tomtom_realtime
2026-04-04 11:10:20,Nguyen Trai,19,32,1.28,532,316,1,0.5938,0,0,Clear,mây đen u ám,27.98,69,2.96,1,11,5,4,tomtom_realtime
2026-04-04 11:10:20,Vanh Dai 3,26,40,0.81,785,510,1,0.65,0,0,Clear,mây đen u ám,27.98,69,2.96,1,11,5,4,tomtom_realtime
2026-04-04 11:10:20,Ton Duc Thang,17,28,1.39,673,408,1,0.6071,0,0,Clear,mây đen u ám,27.98,69,2.96,1,11,5,4,tomtom_realtime
2026-04-04 11:15:24,Nguyen Trai,19,32,1.28,532,316,1,0.5938,0,0,Clear,mây đen u ám,27.98,69,2.96,1,11,5,4,tomtom_realtime
2026-04-04 11:15:24,Vanh Dai 3,26,41,0.84,785,497,1,0.6341,0,0,Clear,mây đen u ám,27.98,69,2.96,1,11,5,4,tomtom_realtime
2026-04-04 11:15:24,Ton Duc Thang,18,28,1.19,635,408,1,0.6429,0,0,Clear,mây đen u ám,27.98,69,2.96,1,11,5,4,tomtom_realtime
2026-04-04 11:20:28,Nguyen Trai,19,32,1.28,532,316,1,0.5938,0,0,Clear,mây đen u ám,27.98,69,2.96,1,11,5,4,tomtom_realtime
2026-04-04 11:20:28,Vanh Dai 3,26,41,0.84,785,497,1,0.6341,0,0,Clear,mây đen u ám,27.98,69,2.96,1,11,5,4,tomtom_realtime
2026-04-04 11:20:28,Ton Duc Thang,16,28,1.61,715,408,1,0.5714,0,0,Clear,mây đen u ám,27.98,69,2.96,1,11,5,4,tomtom_realtime
2026-04-04 11:25:31,Nguyen Trai,18,31,1.4,561,326,1,0.5806,0,0,Clear,mây đen u ám,27.98,69,2.96,1,11,5,4,tomtom_realtime
2026-04-04 11:25:31,Vanh Dai 3,26,40,0.81,785,510,1,0.65,0,0,Clear,mây đen u ám,27.98,69,2.96,1,11,5,4,tomtom_realtime
2026-04-04 11:25:31,Ton Duc Thang,14,28,2.14,817,408,1,0.5,0,0,Clear,mây đen u ám,27.98,69,2.96,1,11,5,4,tomtom_realtime
2026-04-04 11:30:36,Nguyen Trai,18,31,1.4,561,326,1,0.5806,0,0,Clear,mây đen u ám,27.98,66,2.96,1,11,5,4,tomtom_realtime
2026-04-04 11:30:36,Vanh Dai 3,27,39,0.68,756,523,1,0.6923,0,0,Clear,mây đen u ám,27.98,66,2.96,1,11,5,4,tomtom_realtime
2026-04-04 11:30:36,Ton Duc Thang,17,28,1.39,673,408,1,0.6071,0,0,Clear,mây đen u ám,27.98,66,2.96,1,11,5,4,tomtom_realtime
2026-04-04 11:35:40,Nguyen Trai,21,31,0.92,481,326,1,0.6774,0,0,Clear,mây đen u ám,27.98,66,2.96,1,11,5,4,tomtom_realtime
2026-04-04 11:35:40,Vanh Dai 3,27,41,0.76,756,497,1,0.6585,0,0,Clear,mây đen u ám,27.98,66,2.96,1,11,5,4,tomtom_realtime
2026-04-04 11:35:40,Ton Duc Thang,16,28,1.61,715,408,1,0.5714,0,0,Clear,mây đen u ám,27.98,66,2.96,1,11,5,4,tomtom_realtime
2026-04-04 11:40:44,Nguyen Trai,18,31,1.4,561,326,1,0.5806,0,0,Clear,mây đen u ám,27.98,65,2.17,1,11,5,4,tomtom_realtime
2026-04-04 11:40:44,Vanh Dai 3,24,41,1.04,850,497,1,0.5854,0,0,Clear,mây đen u ám,27.98,65,2.17,1,11,5,4,tomtom_realtime
2026-04-04 11:40:44,Ton Duc Thang,17,28,1.39,673,408,1,0.6071,0,0,Clear,mây đen u ám,27.98,65,2.17,1,11,5,4,tomtom_realtime
2026-04-04 11:45:48,Nguyen Trai,21,31,0.92,481,326,1,0.6774,0,0,Clear,mây đen u ám,27.98,65,2.17,1,11,5,4,tomtom_realtime
2026-04-04 11:45:48,Vanh Dai 3,26,41,0.84,785,497,1,0.6341,0,0,Clear,mây đen u ám,27.98,65,2.17,1,11,5,4,tomtom_realtime
2026-04-04 11:45:48,Ton Duc Thang,16,27,1.53,715,423,1,0.5926,0,0,Clear,mây đen u ám,27.98,65,2.17,1,11,5,4,tomtom_realtime
2026-04-04 11:50:53,Nguyen Trai,19,31,1.22,532,326,1,0.6129,0,0,Clear,mây đen u ám,28.98,65,2.17,1,11,5,4,tomtom_realtime
2026-04-04 11:50:53,Vanh Dai 3,26,41,0.84,785,497,1,0.6341,0,0,Clear,mây đen u ám,28.98,65,2.17,1,11,5,4,tomtom_realtime
2026-04-04 11:50:53,Ton Duc Thang,19,28,1.02,602,408,1,0.6786,0,0,Clear,mây đen u ám,28.98,65,2.17,1,11,5,4,tomtom_realtime
2026-04-04 11:55:58,Nguyen Trai,18,31,1.4,561,326,1,0.5806,0,0,Clear,mây đen u ám,28.98,65,2.17,1,11,5,4,tomtom_realtime
2026-04-04 11:55:58,Vanh Dai 3,26,40,0.81,785,510,1,0.65,0,0,Clear,mây đen u ám,28.98,65,2.17,1,11,5,4,tomtom_realtime
2026-04-04 11:55:58,Ton Duc Thang,17,28,1.39,673,408,1,0.6071,0,0,Clear,mây đen u ám,28.98,65,2.17,1,11,5,4,tomtom_realtime
2026-04-04 12:01:03,Nguyen Trai,19,31,1.22,532,326,1,0.6129,0,0,Clear,mây đen u ám,28.98,63,2.17,1,12,5,4,tomtom_realtime
2026-04-04 12:01:03,Vanh Dai 3,25,41,0.94,816,497,1,0.6098,0,0,Clear,mây đen u ám,28.98,63,2.17,1,12,5,4,tomtom_realtime
2026-04-04 12:01:03,Ton Duc Thang,18,28,1.19,635,408,1,0.6429,0,0,Clear,mây đen u ám,28.98,63,2.17,1,12,5,4,tomtom_realtime
2026-04-04 12:06:07,Nguyen Trai,20,31,1.06,505,326,1,0.6452,0,0,Clear,mây đen u ám,28.98,63,2.17,1,12,5,4,tomtom_realtime
2026-04-04 12:06:07,Vanh Dai 3,23,41,1.15,887,497,1,0.561,0,0,Clear,mây đen u ám,28.98,63,2.17,1,12,5,4,tomtom_realtime
2026-04-04 12:06:07,Ton Duc Thang,16,28,1.61,715,408,1,0.5714,0,0,Clear,mây đen u ám,28.98,63,2.17,1,12,5,4,tomtom_realtime
2026-04-04 12:11:13,Nguyen Trai,21,31,0.92,481,326,1,0.6774,0,0,Clear,mây đen u ám,28.98,62,2.17,1,12,5,4,tomtom_realtime
2026-04-04 12:11:13,Vanh Dai 3,24,41,1.04,850,497,1,0.5854,0,0,Clear,mây đen u ám,28.98,62,2.17,1,12,5,4,tomtom_realtime
2026-04-04 12:11:13,Ton Duc Thang,18,28,1.19,635,408,1,0.6429,0,0,Clear,mây đen u ám,28.98,62,2.17,1,12,5,4,tomtom_realtime
2026-04-04 12:16:17,Nguyen Trai,17,31,1.59,594,326,1,0.5484,0,0,Clear,mây đen u ám,28.98,62,2.17,1,12,5,4,tomtom_realtime
2026-04-04 12:16:17,Vanh Dai 3,25,41,0.94,816,497,1,0.6098,0,0,Clear,mây đen u ám,28.98,62,2.17,1,12,5,4,tomtom_realtime
2026-04-04 12:16:17,Ton Duc Thang,17,28,1.39,673,408,1,0.6071,0,0,Clear,mây đen u ám,28.98,62,2.17,1,12,5,4,tomtom_realtime
2026-04-04 12:21:21,Nguyen Trai,22,32,0.85,459,316,1,0.6875,0,0,Clear,mây đen u ám,28.95,62,2.17,1,12,5,4,tomtom_realtime
2026-04-04 12:21:21,Vanh Dai 3,23,41,1.15,887,497,1,0.561,0,0,Clear,mây đen u ám,28.95,62,2.17,1,12,5,4,tomtom_realtime
2026-04-04 12:21:21,Ton Duc Thang,18,27,1.11,635,423,1,0.6667,0,0,Clear,mây đen u ám,28.95,62,2.17,1,12,5,4,tomtom_realtime
2026-04-04 12:26:26,Nguyen Trai,18,31,1.4,561,326,1,0.5806,0,0,Clear,mây đen u ám,28.95,62,2.17,1,12,5,4,tomtom_realtime
2026-04-04 12:26:26,Vanh Dai 3,25,40,0.9,816,510,1,0.625,0,0,Clear,mây đen u ám,28.95,62,2.17,1,12,5,4,tomtom_realtime
2026-04-04 12:26:26,Ton Duc Thang,19,28,1.02,602,408,1,0.6786,0,0,Clear,mây đen u ám,28.95,62,2.17,1,12,5,4,tomtom_realtime
2026-04-04 12:31:30,Nguyen Trai,16,30,1.75,632,337,1,0.5333,0,0,Clear,mây đen u ám,28.98,62,2.17,1,12,5,4,tomtom_realtime
2026-04-04 12:31:30,Vanh Dai 3,25,41,0.94,816,497,1,0.6098,0,0,Clear,mây đen u ám,28.98,62,2.17,1,12,5,4,tomtom_realtime
2026-04-04 12:31:30,Ton Duc Thang,17,28,1.39,673,408,1,0.6071,0,0,Clear,mây đen u ám,28.98,62,2.17,1,12,5,4,tomtom_realtime
2026-04-04 12:36:35,Nguyen Trai,18,32,1.46,561,316,1,0.5625,0,0,Clear,mây đen u ám,28.98,62,2.17,1,12,5,4,tomtom_realtime
2026-04-04 12:36:35,Vanh Dai 3,25,41,0.94,816,497,1,0.6098,0,0,Clear,mây đen u ám,28.98,62,2.17,1,12,5,4,tomtom_realtime
2026-04-04 12:36:35,Ton Duc Thang,20,29,0.93,572,394,1,0.6897,0,0,Clear,mây đen u ám,28.98,62,2.17,1,12,5,4,tomtom_realtime
2026-04-04 12:41:39,Nguyen Trai,19,31,1.22,532,326,1,0.6129,0,0,Clear,mây đen u ám,28.97,60,2.04,1,12,5,4,tomtom_realtime
2026-04-04 12:41:39,Vanh Dai 3,25,40,0.9,816,510,1,0.625,0,0,Clear,mây đen u ám,28.97,60,2.04,1,12,5,4,tomtom_realtime
2026-04-04 12:41:39,Ton Duc Thang,19,28,1.02,602,408,1,0.6786,0,0,Clear,mây đen u ám,28.97,60,2.04,1,12,5,4,tomtom_realtime
2026-04-04 12:46:43,Nguyen Trai,19,31,1.22,532,326,1,0.6129,0,0,Clear,mây đen u ám,28.97,60,2.04,1,12,5,4,tomtom_realtime
2026-04-04 12:46:43,Vanh Dai 3,25,40,0.9,816,510,1,0.625,0,0,Clear,mây đen u ám,28.97,60,2.04,1,12,5,4,tomtom_realtime
2026-04-04 12:46:43,Ton Duc Thang,20,28,0.86,572,408,1,0.7143,0,0,Clear,mây đen u ám,28.97,60,2.04,1,12,5,4,tomtom_realtime
2026-04-04 12:51:47,Nguyen Trai,19,32,1.28,532,316,1,0.5938,0,0,Clear,mây đen u ám,28.98,60,2.04,1,12,5,4,tomtom_realtime
2026-04-04 12:51:47,Vanh Dai 3,27,40,0.72,756,510,1,0.675,0,0,Clear,mây đen u ám,28.98,60,2.04,1,12,5,4,tomtom_realtime
2026-04-04 12:51:47,Ton Duc Thang,16,27,1.53,715,423,1,0.5926,0,0,Clear,mây đen u ám,28.98,60,2.04,1,12,5,4,tomtom_realtime
2026-04-04 12:56:51,Nguyen Trai,20,31,1.06,505,326,1,0.6452,0,0,Clear,mây đen u ám,28.98,60,2.04,1,12,5,4,tomtom_realtime
2026-04-04 12:56:51,Vanh Dai 3,29,41,0.61,703,497,1,0.7073,0,0,Clear,mây đen u ám,28.98,60,2.04,1,12,5,4,tomtom_realtime
2026-04-04 12:56:51,Ton Duc Thang,18,28,1.19,635,408,1,0.6429,0,0,Clear,mây đen u ám,28.98,60,2.04,1,12,5,4,tomtom_realtime
2026-04-04 13:01:56,Nguyen Trai,20,30,1.0,505,337,1,0.6667,0,0,Clear,mây đen u ám,28.98,60,2.04,1,13,5,4,tomtom_realtime
2026-04-04 13:01:56,Vanh Dai 3,27,40,0.72,756,510,1,0.675,0,0,Clear,mây đen u ám,28.98,60,2.04,1,13,5,4,tomtom_realtime
2026-04-04 13:01:56,Ton Duc Thang,18,28,1.19,635,408,1,0.6429,0,0,Clear,mây đen u ám,28.98,60,2.04,1,13,5,4,tomtom_realtime
2026-04-04 13:07:00,Nguyen Trai,18,31,1.4,561,326,1,0.5806,0,0,Clear,mây đen u ám,28.98,60,2.04,1,13,5,4,tomtom_realtime
2026-04-04 13:07:00,Vanh Dai 3,27,41,0.76,756,497,1,0.6585,0,0,Clear,mây đen u ám,28.98,60,2.04,1,13,5,4,tomtom_realtime
2026-04-04 13:07:00,Ton Duc Thang,18,28,1.19,635,408,1,0.6429,0,0,Clear,mây đen u ám,28.98,60,2.04,1,13,5,4,tomtom_realtime
2026-04-04 13:12:05,Nguyen Trai,23,31,0.67,439,326,1,0.7419,0,0,Clear,mây đen u ám,28.98,60,2.04,1,13,5,4,tomtom_realtime
2026-04-04 13:12:05,Vanh Dai 3,27,40,0.72,756,510,1,0.675,0,0,Clear,mây đen u ám,28.98,60,2.04,1,13,5,4,tomtom_realtime
2026-04-04 13:12:05,Ton Duc Thang,17,28,1.39,673,408,1,0.6071,0,0,Clear,mây đen u ám,28.98,60,2.04,1,13,5,4,tomtom_realtime
2026-04-04 13:17:10,Nguyen Trai,21,30,0.86,481,337,1,0.7,0,0,Clear,mây đen u ám,28.98,60,2.04,1,13,5,4,tomtom_realtime
2026-04-04 13:17:10,Vanh Dai 3,31,40,0.44,658,510,1,0.775,0,0,Clear,mây đen u ám,28.98,60,2.04,1,13,5,4,tomtom_realtime
2026-04-04 13:17:10,Ton Duc Thang,18,28,1.19,635,408,1,0.6429,0,0,Clear,mây đen u ám,28.98,60,2.04,1,13,5,4,tomtom_realtime
2026-04-04 13:22:14,Nguyen Trai,23,31,0.67,439,326,1,0.7419,0,0,Clear,mây đen u ám,28.96,60,2.04,1,13,5,4,tomtom_realtime
2026-04-04 13:22:14,Vanh Dai 3,31,40,0.44,658,510,1,0.775,0,0,Clear,mây đen u ám,28.96,60,2.04,1,13,5,4,tomtom_realtime
2026-04-04 13:22:14,Ton Duc Thang,17,28,1.39,673,408,1,0.6071,0,0,Clear,mây đen u ám,28.96,60,2.04,1,13,5,4,tomtom_realtime
2026-04-04 13:27:18,Nguyen Trai,17,32,1.65,594,316,1,0.5312,0,0,Clear,mây đen u ám,28.98,60,2.04,1,13,5,4,tomtom_realtime
2026-04-04 13:27:18,Vanh Dai 3,28,41,0.68,729,497,1,0.6829,0,0,Clear,mây đen u ám,28.98,60,2.04,1,13,5,4,tomtom_realtime
2026-04-04 13:27:18,Ton Duc Thang,18,29,1.26,635,394,1,0.6207,0,0,Clear,mây đen u ám,28.98,60,2.04,1,13,5,4,tomtom_realtime
2026-04-04 13:32:22,Nguyen Trai,20,31,1.06,505,326,1,0.6452,0,0,Clear,mây đen u ám,28.98,60,2.04,1,13,5,4,tomtom_realtime
2026-04-04 13:32:22,Vanh Dai 3,26,39,0.77,785,523,1,0.6667,0,0,Clear,mây đen u ám,28.98,60,2.04,1,13,5,4,tomtom_realtime
2026-04-04 13:32:22,Ton Duc Thang,20,28,0.86,572,408,1,0.7143,0,0,Clear,mây đen u ám,28.98,60,2.04,1,13,5,4,tomtom_realtime
2026-04-04 13:37:26,Nguyen Trai,19,31,1.22,532,326,1,0.6129,0,0,Clear,mây đen u ám,28.98,60,2.04,1,13,5,4,tomtom_realtime
2026-04-04 13:37:26,Vanh Dai 3,26,41,0.84,785,497,1,0.6341,0,0,Clear,mây đen u ám,28.98,60,2.04,1,13,5,4,tomtom_realtime
2026-04-04 13:37:26,Ton Duc Thang,18,28,1.19,635,408,1,0.6429,0,0,Clear,mây đen u ám,28.98,60,2.04,1,13,5,4,tomtom_realtime
2026-04-04 13:42:31,Nguyen Trai,22,31,0.79,459,326,1,0.7097,0,0,Clear,mây rải rác,29.98,57,2.85,1,13,5,4,tomtom_realtime
2026-04-04 13:42:31,Vanh Dai 3,29,41,0.61,703,497,1,0.7073,0,0,Clear,mây rải rác,29.98,57,2.85,1,13,5,4,tomtom_realtime
2026-04-04 13:42:31,Ton Duc Thang,16,28,1.61,715,408,1,0.5714,0,0,Clear,mây rải rác,29.98,57,2.85,1,13,5,4,tomtom_realtime
2026-04-04 13:47:35,Nguyen Trai,20,30,1.0,505,337,1,0.6667,0,0,Clear,mây rải rác,29.98,57,2.85,1,13,5,4,tomtom_realtime
2026-04-04 13:47:35,Vanh Dai 3,28,41,0.68,729,497,1,0.6829,0,0,Clear,mây rải rác,29.98,57,2.85,1,13,5,4,tomtom_realtime
2026-04-04 13:47:35,Ton Duc Thang,17,27,1.31,673,423,1,0.6296,0,0,Clear,mây rải rác,29.98,57,2.85,1,13,5,4,tomtom_realtime
2026-04-04 13:52:39,Nguyen Trai,18,31,1.4,561,326,1,0.5806,0,0,Clear,mây rải rác,29.98,57,2.85,1,13,5,4,tomtom_realtime
2026-04-04 13:52:39,Vanh Dai 3,27,40,0.72,756,510,1,0.675,0,0,Clear,mây rải rác,29.98,57,2.85,1,13,5,4,tomtom_realtime
2026-04-04 13:52:39,Ton Duc Thang,18,28,1.19,635,408,1,0.6429,0,0,Clear,mây rải rác,29.98,57,2.85,1,13,5,4,tomtom_realtime
2026-04-04 13:57:44,Nguyen Trai,15,31,2.06,674,326,1,0.4839,0,0,Clear,mây rải rác,29.98,56,2.85,1,13,5,4,tomtom_realtime
2026-04-04 13:57:44,Vanh Dai 3,25,40,0.9,816,510,1,0.625,0,0,Clear,mây rải rác,29.98,56,2.85,1,13,5,4,tomtom_realtime
2026-04-04 13:57:44,Ton Duc Thang,16,27,1.53,715,423,1,0.5926,0,0,Clear,mây rải rác,29.98,56,2.85,1,13,5,4,tomtom_realtime
2026-04-04 14:02:48,Nguyen Trai,20,31,1.06,505,326,1,0.6452,0,0,Clear,mây rải rác,29.98,56,2.85,1,14,5,4,tomtom_realtime
2026-04-04 14:02:48,Vanh Dai 3,25,40,0.9,816,510,1,0.625,0,0,Clear,mây rải rác,29.98,56,2.85,1,14,5,4,tomtom_realtime
2026-04-04 14:02:48,Ton Duc Thang,16,27,1.53,715,423,1,0.5926,0,0,Clear,mây rải rác,29.98,56,2.85,1,14,5,4,tomtom_realtime
2026-04-04 14:07:53,Nguyen Trai,18,32,1.46,561,316,1,0.5625,0,0,Clear,mây rải rác,30.98,57,2.85,1,14,5,4,tomtom_realtime
2026-04-04 14:07:53,Vanh Dai 3,29,41,0.61,703,497,1,0.7073,0,0,Clear,mây rải rác,30.98,57,2.85,1,14,5,4,tomtom_realtime
2026-04-04 14:07:53,Ton Duc Thang,19,28,1.02,602,408,1,0.6786,0,0,Clear,mây rải rác,30.98,57,2.85,1,14,5,4,tomtom_realtime
2026-04-04 14:12:59,Nguyen Trai,20,32,1.12,505,316,1,0.625,0,0,Clear,mây rải rác,30.98,57,2.85,1,14,5,4,tomtom_realtime
2026-04-04 14:12:59,Vanh Dai 3,27,40,0.72,756,510,1,0.675,0,0,Clear,mây rải rác,30.98,57,2.85,1,14,5,4,tomtom_realtime
2026-04-04 14:12:59,Ton Duc Thang,17,28,1.39,673,408,1,0.6071,0,0,Clear,mây rải rác,30.98,57,2.85,1,14,5,4,tomtom_realtime
2026-04-04 14:18:02,Nguyen Trai,17,31,1.59,594,326,1,0.5484,0,0,Clear,mây rải rác,30.98,57,2.85,1,14,5,4,tomtom_realtime
2026-04-04 14:18:02,Vanh Dai 3,26,41,0.84,785,497,1,0.6341,0,0,Clear,mây rải rác,30.98,57,2.85,1,14,5,4,tomtom_realtime
2026-04-04 14:18:02,Ton Duc Thang,19,28,1.02,602,408,1,0.6786,0,0,Clear,mây rải rác,30.98,57,2.85,1,14,5,4,tomtom_realtime
2026-04-04 14:23:07,Nguyen Trai,17,31,1.59,594,326,1,0.5484,0,0,Clear,mây rải rác,30.97,57,2.85,1,14,5,4,tomtom_realtime
2026-04-04 14:23:07,Vanh Dai 3,27,40,0.72,756,510,1,0.675,0,0,Clear,mây rải rác,30.97,57,2.85,1,14,5,4,tomtom_realtime
2026-04-04 14:23:07,Ton Duc Thang,19,28,1.02,602,408,1,0.6786,0,0,Clear,mây rải rác,30.97,57,2.85,1,14,5,4,tomtom_realtime
2026-04-04 14:28:11,Nguyen Trai,20,31,1.06,505,326,1,0.6452,0,0,Clear,mây rải rác,30.97,57,2.85,1,14,5,4,tomtom_realtime
2026-04-04 14:28:11,Vanh Dai 3,30,41,0.54,680,497,1,0.7317,0,0,Clear,mây rải rác,30.97,57,2.85,1,14,5,4,tomtom_realtime
2026-04-04 14:28:11,Ton Duc Thang,15,28,1.86,763,408,1,0.5357,0,0,Clear,mây rải rác,30.97,57,2.85,1,14,5,4,tomtom_realtime
2026-04-04 14:33:15,Nguyen Trai,21,31,0.92,481,326,1,0.6774,0,0,Clear,mây rải rác,30.96,57,2.85,1,14,5,4,tomtom_realtime
2026-04-04 14:33:15,Vanh Dai 3,27,40,0.72,756,510,1,0.675,0,0,Clear,mây rải rác,30.96,57,2.85,1,14,5,4,tomtom_realtime
2026-04-04 14:33:15,Ton Duc Thang,19,28,1.02,602,408,1,0.6786,0,0,Clear,mây rải rác,30.96,57,2.85,1,14,5,4,tomtom_realtime
2026-04-04 14:38:20,Nguyen Trai,20,31,1.06,505,326,1,0.6452,0,0,Clear,mây rải rác,30.96,57,2.85,1,14,5,4,tomtom_realtime
2026-04-04 14:38:20,Vanh Dai 3,26,40,0.81,785,510,1,0.65,0,0,Clear,mây rải rác,30.96,57,2.85,1,14,5,4,tomtom_realtime
2026-04-04 14:38:20,Ton Duc Thang,19,28,1.02,602,408,1,0.6786,0,0,Clear,mây rải rác,30.96,57,2.85,1,14,5,4,tomtom_realtime
2026-04-04 14:43:24,Nguyen Trai,21,31,0.92,481,326,1,0.6774,0,0,Clear,mây rải rác,30.98,55,3.11,1,14,5,4,tomtom_realtime
2026-04-04 14:43:24,Vanh Dai 3,27,41,0.76,756,497,1,0.6585,0,0,Clear,mây rải rác,30.98,55,3.11,1,14,5,4,tomtom_realtime
2026-04-04 14:43:24,Ton Duc Thang,17,27,1.31,673,423,1,0.6296,0,0,Clear,mây rải rác,30.98,55,3.11,1,14,5,4,tomtom_realtime
2026-04-04 14:48:28,Nguyen Trai,18,31,1.4,561,326,1,0.5806,0,0,Clear,mây rải rác,30.98,55,3.11,1,14,5,4,tomtom_realtime
2026-04-04 14:48:28,Vanh Dai 3,28,40,0.64,729,510,1,0.7,0,0,Clear,mây rải rác,30.98,55,3.11,1,14,5,4,tomtom_realtime
2026-04-04 14:48:28,Ton Duc Thang,19,28,1.02,602,408,1,0.6786,0,0,Clear,mây rải rác,30.98,55,3.11,1,14,5,4,tomtom_realtime
2026-04-04 14:53:32,Nguyen Trai,19,31,1.22,532,326,1,0.6129,0,0,Clear,mây rải rác,29.98,55,3.11,1,14,5,4,tomtom_realtime
2026-04-04 14:53:32,Vanh Dai 3,26,40,0.81,785,510,1,0.65,0,0,Clear,mây rải rác,29.98,55,3.11,1,14,5,4,tomtom_realtime
2026-04-04 14:53:32,Ton Duc Thang,20,28,0.86,572,408,1,0.7143,0,0,Clear,mây rải rác,29.98,55,3.11,1,14,5,4,tomtom_realtime
2026-04-04 14:58:36,Nguyen Trai,24,31,0.56,421,326,1,0.7742,0,0,Clear,mây rải rác,29.98,55,3.11,1,14,5,4,tomtom_realtime
2026-04-04 14:58:36,Vanh Dai 3,27,40,0.72,756,510,1,0.675,0,0,Clear,mây rải rác,29.98,55,3.11,1,14,5,4,tomtom_realtime
2026-04-04 14:58:36,Ton Duc Thang,18,28,1.19,635,408,1,0.6429,0,0,Clear,mây rải rác,29.98,55,3.11,1,14,5,4,tomtom_realtime
2026-04-04 15:03:40,Nguyen Trai,20,31,1.06,505,326,1,0.6452,0,0,Clear,mây rải rác,29.98,56,3.11,1,15,5,4,tomtom_realtime
2026-04-04 15:03:40,Vanh Dai 3,25,40,0.9,816,510,1,0.625,0,0,Clear,mây rải rác,29.98,56,3.11,1,15,5,4,tomtom_realtime
2026-04-04 15:03:40,Ton Duc Thang,16,28,1.61,715,408,1,0.5714,0,0,Clear,mây rải rác,29.98,56,3.11,1,15,5,4,tomtom_realtime
2026-04-04 15:08:44,Nguyen Trai,22,32,0.85,459,316,1,0.6875,0,0,Clear,mây rải rác,29.98,56,3.11,1,15,5,4,tomtom_realtime
2026-04-04 15:08:44,Vanh Dai 3,28,41,0.68,729,497,1,0.6829,0,0,Clear,mây rải rác,29.98,56,3.11,1,15,5,4,tomtom_realtime
2026-04-04 15:08:44,Ton Duc Thang,17,28,1.39,673,408,1,0.6071,0,0,Clear,mây rải rác,29.98,56,3.11,1,15,5,4,tomtom_realtime
2026-04-04 15:13:50,Nguyen Trai,19,31,1.22,532,326,1,0.6129,0,0,Clear,mây rải rác,29.98,59,3.11,1,15,5,4,tomtom_realtime
2026-04-04 15:13:50,Vanh Dai 3,30,41,0.54,680,497,1,0.7317,0,0,Clear,mây rải rác,29.98,59,3.11,1,15,5,4,tomtom_realtime
2026-04-04 15:13:50,Ton Duc Thang,19,28,1.02,602,408,1,0.6786,0,0,Clear,mây rải rác,29.98,59,3.11,1,15,5,4,tomtom_realtime
2026-04-04 15:18:54,Nguyen Trai,15,31,2.06,674,326,1,0.4839,0,0,Clear,mây rải rác,29.98,62,3.11,1,15,5,4,tomtom_realtime
2026-04-04 15:18:54,Vanh Dai 3,27,41,0.76,756,497,1,0.6585,0,0,Clear,mây rải rác,29.98,62,3.11,1,15,5,4,tomtom_realtime
2026-04-04 15:18:54,Ton Duc Thang,18,28,1.19,635,408,1,0.6429,0,0,Clear,mây rải rác,29.98,62,3.11,1,15,5,4,tomtom_realtime
2026-04-04 15:23:58,Nguyen Trai,19,31,1.22,532,326,1,0.6129,0,0,Clear,mây rải rác,29.98,62,3.11,1,15,5,4,tomtom_realtime
2026-04-04 15:23:58,Vanh Dai 3,26,39,0.77,785,523,1,0.6667,0,0,Clear,mây rải rác,29.98,62,3.11,1,15,5,4,tomtom_realtime
2026-04-04 15:23:58,Ton Duc Thang,19,28,1.02,602,408,1,0.6786,0,0,Clear,mây rải rác,29.98,62,3.11,1,15,5,4,tomtom_realtime
2026-04-04 15:29:02,Nguyen Trai,22,30,0.73,459,337,1,0.7333,0,0,Clear,mây rải rác,29.98,62,3.11,1,15,5,4,tomtom_realtime
2026-04-04 15:29:02,Vanh Dai 3,28,40,0.64,729,510,1,0.7,0,0,Clear,mây rải rác,29.98,62,3.11,1,15,5,4,tomtom_realtime
2026-04-04 15:29:02,Ton Duc Thang,17,29,1.46,673,394,1,0.5862,0,0,Clear,mây rải rác,29.98,62,3.11,1,15,5,4,tomtom_realtime
2026-04-04 15:34:05,Nguyen Trai,18,31,1.4,561,326,1,0.5806,0,0,Clear,mây rải rác,29.98,62,3.11,1,15,5,4,tomtom_realtime
2026-04-04 15:34:05,Vanh Dai 3,26,40,0.81,785,510,1,0.65,0,0,Clear,mây rải rác,29.98,62,3.11,1,15,5,4,tomtom_realtime
2026-04-04 15:34:05,Ton Duc Thang,17,28,1.39,673,408,1,0.6071,0,0,Clear,mây rải rác,29.98,62,3.11,1,15,5,4,tomtom_realtime
2026-04-04 15:39:11,Nguyen Trai,23,32,0.73,439,316,1,0.7188,0,0,Clear,mây rải rác,29.98,59,3.65,1,15,5,4,tomtom_realtime
2026-04-04 15:39:11,Vanh Dai 3,27,40,0.72,756,510,1,0.675,0,0,Clear,mây rải rác,29.98,59,3.65,1,15,5,4,tomtom_realtime
2026-04-04 15:39:11,Ton Duc Thang,17,29,1.46,673,394,1,0.5862,0,0,Clear,mây rải rác,29.98,59,3.65,1,15,5,4,tomtom_realtime
2026-04-04 15:44:15,Nguyen Trai,18,31,1.4,561,326,1,0.5806,0,0,Clear,mây rải rác,29.98,59,3.65,1,15,5,4,tomtom_realtime
2026-04-04 15:44:15,Vanh Dai 3,27,40,0.72,756,510,1,0.675,0,0,Clear,mây rải rác,29.98,59,3.65,1,15,5,4,tomtom_realtime
2026-04-04 15:44:15,Ton Duc Thang,19,28,1.02,602,408,1,0.6786,0,0,Clear,mây rải rác,29.98,59,3.65,1,15,5,4,tomtom_realtime
2026-04-04 15:49:19,Nguyen Trai,21,31,0.92,481,326,1,0.6774,0,0,Clear,mây rải rác,29.98,58,3.65,1,15,5,4,tomtom_realtime
2026-04-04 15:49:19,Vanh Dai 3,26,40,0.81,785,510,1,0.65,0,0,Clear,mây rải rác,29.98,58,3.65,1,15,5,4,tomtom_realtime
2026-04-04 15:49:19,Ton Duc Thang,17,28,1.39,673,408,1,0.6071,0,0,Clear,mây rải rác,29.98,58,3.65,1,15,5,4,tomtom_realtime
2026-04-04 15:54:23,Nguyen Trai,21,31,0.92,481,326,1,0.6774,0,0,Clear,mây rải rác,29.98,58,3.65,1,15,5,4,tomtom_realtime
2026-04-04 15:54:23,Vanh Dai 3,26,41,0.84,785,497,1,0.6341,0,0,Clear,mây rải rác,29.98,58,3.65,1,15,5,4,tomtom_realtime
2026-04-04 15:54:23,Ton Duc Thang,17,29,1.46,673,394,1,0.5862,0,0,Clear,mây rải rác,29.98,58,3.65,1,15,5,4,tomtom_realtime
2026-04-04 15:59:27,Nguyen Trai,18,31,1.4,561,326,1,0.5806,0,0,Clear,mây rải rác,29.98,58,3.65,1,15,5,4,tomtom_realtime
2026-04-04 15:59:27,Vanh Dai 3,25,41,0.94,816,497,1,0.6098,0,0,Clear,mây rải rác,29.98,58,3.65,1,15,5,4,tomtom_realtime
2026-04-04 15:59:27,Ton Duc Thang,17,28,1.39,673,408,1,0.6071,0,0,Clear,mây rải rác,29.98,58,3.65,1,15,5,4,tomtom_realtime
2026-04-04 16:04:32,Nguyen Trai,18,31,1.4,561,326,1,0.5806,0,0,Clear,mây rải rác,29.98,58,3.65,1,16,5,4,tomtom_realtime
2026-04-04 16:04:32,Vanh Dai 3,26,40,0.81,785,510,1,0.65,0,0,Clear,mây rải rác,29.98,58,3.65,1,16,5,4,tomtom_realtime
2026-04-04 16:04:32,Ton Duc Thang,17,29,1.46,673,394,1,0.5862,0,0,Clear,mây rải rác,29.98,58,3.65,1,16,5,4,tomtom_realtime
2026-04-04 16:09:37,Nguyen Trai,21,31,0.92,481,326,1,0.6774,0,0,Clear,mây rải rác,29.98,62,3.65,1,16,5,4,tomtom_realtime
2026-04-04 16:09:37,Vanh Dai 3,25,41,0.94,816,497,1,0.6098,0,0,Clear,mây rải rác,29.98,62,3.65,1,16,5,4,tomtom_realtime
2026-04-04 16:09:37,Ton Duc Thang,17,28,1.39,673,408,1,0.6071,0,0,Clear,mây rải rác,29.98,62,3.65,1,16,5,4,tomtom_realtime
2026-04-04 16:14:41,Nguyen Trai,22,31,0.79,459,326,1,0.7097,0,0,Clear,mây rải rác,29.98,62,3.65,1,16,5,4,tomtom_realtime
2026-04-04 16:14:41,Vanh Dai 3,24,41,1.04,850,497,1,0.5854,0,0,Clear,mây rải rác,29.98,62,3.65,1,16,5,4,tomtom_realtime
2026-04-04 16:14:41,Ton Duc Thang,18,28,1.19,635,408,1,0.6429,0,0,Clear,mây rải rác,29.98,62,3.65,1,16,5,4,tomtom_realtime
2026-04-04 16:19:46,Nguyen Trai,16,31,1.81,632,326,1,0.5161,0,0,Clear,mây rải rác,29.98,62,3.65,1,16,5,4,tomtom_realtime
2026-04-04 16:19:46,Vanh Dai 3,24,41,1.04,850,497,1,0.5854,0,0,Clear,mây rải rác,29.98,62,3.65,1,16,5,4,tomtom_realtime
2026-04-04 16:19:46,Ton Duc Thang,17,28,1.39,673,408,1,0.6071,0,0,Clear,mây rải rác,29.98,62,3.65,1,16,5,4,tomtom_realtime
2026-04-04 16:24:50,Nguyen Trai,18,32,1.46,561,316,1,0.5625,0,0,Clear,mây rải rác,29.98,62,3.65,1,16,5,4,tomtom_realtime
2026-04-04 16:24:50,Vanh Dai 3,22,41,1.26,927,497,1,0.5366,0,0,Clear,mây rải rác,29.98,62,3.65,1,16,5,4,tomtom_realtime
2026-04-04 16:24:50,Ton Duc Thang,18,28,1.19,635,408,1,0.6429,0,0,Clear,mây rải rác,29.98,62,3.65,1,16,5,4,tomtom_realtime
2026-04-04 16:29:54,Nguyen Trai,18,31,1.4,561,326,1,0.5806,0,0,Clear,mây rải rác,29.98,63,3.65,1,16,5,4,tomtom_realtime
2026-04-04 16:29:54,Vanh Dai 3,23,41,1.15,887,497,1,0.561,0,0,Clear,mây rải rác,29.98,63,3.65,1,16,5,4,tomtom_realtime
2026-04-04 16:29:54,Ton Duc Thang,16,28,1.61,715,408,1,0.5714,0,0,Clear,mây rải rác,29.98,63,3.65,1,16,5,4,tomtom_realtime
2026-04-04 16:35:00,Nguyen Trai,20,31,1.06,505,326,1,0.6452,0,0,Clear,mây rải rác,29.98,63,3.65,1,16,5,4,tomtom_realtime
2026-04-04 16:35:00,Vanh Dai 3,25,40,0.9,816,510,1,0.625,0,0,Clear,mây rải rác,29.98,63,3.65,1,16,5,4,tomtom_realtime
2026-04-04 16:35:00,Ton Duc Thang,16,28,1.61,715,408,1,0.5714,0,0,Clear,mây rải rác,29.98,63,3.65,1,16,5,4,tomtom_realtime
2026-04-04 16:40:05,Nguyen Trai,19,32,1.28,532,316,1,0.5938,0,0,Clear,mây rải rác,29.98,61,3.56,1,16,5,4,tomtom_realtime
2026-04-04 16:40:05,Vanh Dai 3,25,40,0.9,816,510,1,0.625,0,0,Clear,mây rải rác,29.98,61,3.56,1,16,5,4,tomtom_realtime
2026-04-04 16:40:05,Ton Duc Thang,18,28,1.19,635,408,1,0.6429,0,0,Clear,mây rải rác,29.98,61,3.56,1,16,5,4,tomtom_realtime
2026-04-04 16:45:09,Nguyen Trai,19,31,1.22,532,326,1,0.6129,0,0,Clear,mây rải rác,29.98,61,3.56,1,16,5,4,tomtom_realtime
2026-04-04 16:45:09,Vanh Dai 3,24,41,1.04,850,497,1,0.5854,0,0,Clear,mây rải rác,29.98,61,3.56,1,16,5,4,tomtom_realtime
2026-04-04 16:45:09,Ton Duc Thang,16,28,1.61,715,408,1,0.5714,0,0,Clear,mây rải rác,29.98,61,3.56,1,16,5,4,tomtom_realtime
2026-04-04 16:50:13,Nguyen Trai,20,31,1.06,505,326,1,0.6452,0,0,Clear,mây rải rác,29.98,61,3.56,1,16,5,4,tomtom_realtime
2026-04-04 16:50:13,Vanh Dai 3,24,42,1.07,850,486,1,0.5714,0,0,Clear,mây rải rác,29.98,61,3.56,1,16,5,4,tomtom_realtime
2026-04-04 16:50:13,Ton Duc Thang,17,28,1.39,673,408,1,0.6071,0,0,Clear,mây rải rác,29.98,61,3.56,1,16,5,4,tomtom_realtime
2026-04-04 16:55:18,Nguyen Trai,20,31,1.06,505,326,1,0.6452,0,0,Clear,mây rải rác,29.98,60,3.56,1,16,5,4,tomtom_realtime
2026-04-04 16:55:18,Vanh Dai 3,24,40,1.0,850,510,1,0.6,0,0,Clear,mây rải rác,29.98,60,3.56,1,16,5,4,tomtom_realtime
2026-04-04 16:55:18,Ton Duc Thang,16,28,1.61,715,408,1,0.5714,0,0,Clear,mây rải rác,29.98,60,3.56,1,16,5,4,tomtom_realtime
2026-04-04 17:00:23,Nguyen Trai,19,31,1.22,532,326,1,0.6129,0,0,Clear,mây rải rác,29.98,60,3.56,1,17,5,4,tomtom_realtime
2026-04-04 17:00:23,Vanh Dai 3,24,41,1.04,850,497,1,0.5854,0,0,Clear,mây rải rác,29.98,60,3.56,1,17,5,4,tomtom_realtime
2026-04-04 17:00:23,Ton Duc Thang,16,28,1.61,715,408,1,0.5714,0,0,Clear,mây rải rác,29.98,60,3.56,1,17,5,4,tomtom_realtime
2026-04-04 17:05:28,Nguyen Trai,18,31,1.4,561,326,1,0.5806,0,0,Clear,mây rải rác,29.98,60,3.56,1,17,5,4,tomtom_realtime
2026-04-04 17:05:28,Vanh Dai 3,23,40,1.11,887,510,1,0.575,0,0,Clear,mây rải rác,29.98,60,3.56,1,17,5,4,tomtom_realtime
2026-04-04 17:05:28,Ton Duc Thang,16,29,1.68,715,394,1,0.5517,0,0,Clear,mây rải rác,29.98,60,3.56,1,17,5,4,tomtom_realtime
2026-04-04 17:10:33,Nguyen Trai,18,31,1.4,561,326,1,0.5806,0,0,Clear,mây rải rác,28.98,63,3.56,1,17,5,4,tomtom_realtime
2026-04-04 17:10:33,Vanh Dai 3,25,41,0.94,816,497,1,0.6098,0,0,Clear,mây rải rác,28.98,63,3.56,1,17,5,4,tomtom_realtime
2026-04-04 17:10:33,Ton Duc Thang,16,28,1.61,715,408,1,0.5714,0,0,Clear,mây rải rác,28.98,63,3.56,1,17,5,4,tomtom_realtime
2026-04-04 17:15:38,Nguyen Trai,20,31,1.06,505,326,1,0.6452,0,0,Clear,mây rải rác,28.98,63,3.56,1,17,5,4,tomtom_realtime
2026-04-04 17:15:38,Vanh Dai 3,22,41,1.26,927,497,1,0.5366,0,0,Clear,mây rải rác,28.98,63,3.56,1,17,5,4,tomtom_realtime
2026-04-04 17:15:38,Ton Duc Thang,16,27,1.53,715,423,1,0.5926,0,0,Clear,mây rải rác,28.98,63,3.56,1,17,5,4,tomtom_realtime
2026-04-04 17:20:43,Nguyen Trai,18,31,1.4,561,326,1,0.5806,0,0,Clear,mây rải rác,28.98,66,3.56,1,17,5,4,tomtom_realtime
2026-04-04 17:20:43,Vanh Dai 3,25,41,0.94,816,497,1,0.6098,0,0,Clear,mây rải rác,28.98,66,3.56,1,17,5,4,tomtom_realtime
2026-04-04 17:20:43,Ton Duc Thang,17,28,1.39,673,408,1,0.6071,0,0,Clear,mây rải rác,28.98,66,3.56,1,17,5,4,tomtom_realtime
2026-04-04 17:25:47,Nguyen Trai,22,31,0.79,459,326,1,0.7097,0,0,Clear,mây rải rác,28.96,66,3.56,1,17,5,4,tomtom_realtime
2026-04-04 17:25:47,Vanh Dai 3,24,40,1.0,850,510,1,0.6,0,0,Clear,mây rải rác,28.96,66,3.56,1,17,5,4,tomtom_realtime
2026-04-04 17:25:47,Ton Duc Thang,16,28,1.61,715,408,1,0.5714,0,0,Clear,mây rải rác,28.96,66,3.56,1,17,5,4,tomtom_realtime
2026-04-04 17:30:52,Nguyen Trai,19,31,1.22,532,326,1,0.6129,0,0,Clear,mây rải rác,28.96,66,3.56,1,17,5,4,tomtom_realtime
2026-04-04 17:30:52,Vanh Dai 3,24,41,1.04,850,497,1,0.5854,0,0,Clear,mây rải rác,28.96,66,3.56,1,17,5,4,tomtom_realtime
2026-04-04 17:30:52,Ton Duc Thang,16,28,1.61,715,408,1,0.5714,0,0,Clear,mây rải rác,28.96,66,3.56,1,17,5,4,tomtom_realtime
2026-04-04 17:35:56,Nguyen Trai,18,31,1.4,561,326,1,0.5806,0,0,Clear,mây thưa,27.98,67,2.99,1,17,5,4,tomtom_realtime
2026-04-04 17:35:56,Vanh Dai 3,24,41,1.04,850,497,1,0.5854,0,0,Clear,mây thưa,27.98,67,2.99,1,17,5,4,tomtom_realtime
2026-04-04 17:35:56,Ton Duc Thang,15,28,1.86,763,408,1,0.5357,0,0,Clear,mây thưa,27.98,67,2.99,1,17,5,4,tomtom_realtime
2026-04-04 17:41:00,Nguyen Trai,17,31,1.59,594,326,1,0.5484,0,0,Clear,mây thưa,27.98,67,2.99,1,17,5,4,tomtom_realtime
2026-04-04 17:41:00,Vanh Dai 3,24,41,1.04,850,497,1,0.5854,0,0,Clear,mây thưa,27.98,67,2.99,1,17,5,4,tomtom_realtime
2026-04-04 17:41:00,Ton Duc Thang,16,28,1.61,715,408,1,0.5714,0,0,Clear,mây thưa,27.98,67,2.99,1,17,5,4,tomtom_realtime
2026-04-04 17:46:04,Nguyen Trai,21,31,0.92,481,326,1,0.6774,0,0,Clear,mây thưa,27.98,67,2.99,1,17,5,4,tomtom_realtime
2026-04-04 17:46:04,Vanh Dai 3,24,41,1.04,850,497,1,0.5854,0,0,Clear,mây thưa,27.98,67,2.99,1,17,5,4,tomtom_realtime
2026-04-04 17:46:04,Ton Duc Thang,17,27,1.31,673,423,1,0.6296,0,0,Clear,mây thưa,27.98,67,2.99,1,17,5,4,tomtom_realtime
2026-04-04 17:51:08,Nguyen Trai,20,31,1.06,505,326,1,0.6452,0,0,Clear,mây thưa,27.98,67,2.99,1,17,5,4,tomtom_realtime
2026-04-04 17:51:08,Vanh Dai 3,25,40,0.9,816,510,1,0.625,0,0,Clear,mây thưa,27.98,67,2.99,1,17,5,4,tomtom_realtime
2026-04-04 17:51:08,Ton Duc Thang,15,27,1.78,763,423,1,0.5556,0,0,Clear,mây thưa,27.98,67,2.99,1,17,5,4,tomtom_realtime
2026-04-04 17:56:12,Nguyen Trai,19,31,1.22,532,326,1,0.6129,0,0,Clear,mây thưa,27.98,70,2.99,1,17,5,4,tomtom_realtime
2026-04-04 17:56:12,Vanh Dai 3,26,41,0.84,785,497,1,0.6341,0,0,Clear,mây thưa,27.98,70,2.99,1,17,5,4,tomtom_realtime
2026-04-04 17:56:12,Ton Duc Thang,17,28,1.39,673,408,1,0.6071,0,0,Clear,mây thưa,27.98,70,2.99,1,17,5,4,tomtom_realtime
2026-04-04 18:01:17,Nguyen Trai,17,31,1.59,594,326,1,0.5484,0,0,Clear,mây thưa,27.98,70,2.99,1,18,5,4,tomtom_realtime
2026-04-04 18:01:17,Vanh Dai 3,23,41,1.15,887,497,1,0.561,0,0,Clear,mây thưa,27.98,70,2.99,1,18,5,4,tomtom_realtime
2026-04-04 18:01:17,Ton Duc Thang,14,27,2.06,817,423,1,0.5185,0,0,Clear,mây thưa,27.98,70,2.99,1,18,5,4,tomtom_realtime
2026-04-04 18:06:21,Nguyen Trai,21,31,0.92,481,326,1,0.6774,0,0,Clear,mây thưa,27.98,74,2.99,1,18,5,4,tomtom_realtime
2026-04-04 18:06:21,Vanh Dai 3,24,40,1.0,850,510,1,0.6,0,0,Clear,mây thưa,27.98,74,2.99,1,18,5,4,tomtom_realtime
2026-04-04 18:06:21,Ton Duc Thang,15,27,1.78,763,423,1,0.5556,0,0,Clear,mây thưa,27.98,74,2.99,1,18,5,4,tomtom_realtime
2026-04-04 18:11:26,Nguyen Trai,18,31,1.4,561,326,1,0.5806,0,0,Clear,mây thưa,27.98,74,2.99,1,18,5,4,tomtom_realtime
2026-04-04 18:11:26,Vanh Dai 3,25,40,0.9,816,510,1,0.625,0,0,Clear,mây thưa,27.98,74,2.99,1,18,5,4,tomtom_realtime
2026-04-04 18:11:26,Ton Duc Thang,16,27,1.53,715,423,1,0.5926,0,0,Clear,mây thưa,27.98,74,2.99,1,18,5,4,tomtom_realtime
2026-04-04 18:16:30,Nguyen Trai,21,31,0.92,481,326,1,0.6774,0,0,Clear,mây thưa,27.98,74,2.99,1,18,5,4,tomtom_realtime
2026-04-04 18:16:30,Vanh Dai 3,26,41,0.84,785,497,1,0.6341,0,0,Clear,mây thưa,27.98,74,2.99,1,18,5,4,tomtom_realtime
2026-04-04 18:16:30,Ton Duc Thang,15,28,1.86,763,408,1,0.5357,0,0,Clear,mây thưa,27.98,74,2.99,1,18,5,4,tomtom_realtime
2026-04-04 18:21:34,Nguyen Trai,18,31,1.4,561,326,1,0.5806,0,0,Clear,mây thưa,27.98,74,2.99,1,18,5,4,tomtom_realtime
2026-04-04 18:21:34,Vanh Dai 3,25,40,0.9,816,510,1,0.625,0,0,Clear,mây thưa,27.98,74,2.99,1,18,5,4,tomtom_realtime
2026-04-04 18:21:34,Ton Duc Thang,15,28,1.86,763,408,1,0.5357,0,0,Clear,mây thưa,27.98,74,2.99,1,18,5,4,tomtom_realtime
2026-04-04 18:26:39,Nguyen Trai,21,30,0.86,481,337,1,0.7,0,0,Clear,unknown,,,,1,18,5,4,tomtom_realtime
2026-04-04 18:26:39,Vanh Dai 3,24,41,1.04,850,497,1,0.5854,0,0,Clear,unknown,,,,1,18,5,4,tomtom_realtime
2026-04-04 18:26:39,Ton Duc Thang,15,27,1.78,763,423,1,0.5556,0,0,Clear,unknown,,,,1,18,5,4,tomtom_realtime
2026-04-04 18:31:43,Nguyen Trai,20,31,1.06,505,326,1,0.6452,0,0,Clear,mây thưa,27.98,75,2.99,1,18,5,4,tomtom_realtime
2026-04-04 18:31:43,Vanh Dai 3,25,41,0.94,816,497,1,0.6098,0,0,Clear,mây thưa,27.98,75,2.99,1,18,5,4,tomtom_realtime
2026-04-04 18:31:43,Ton Duc Thang,15,28,1.86,763,408,1,0.5357,0,0,Clear,mây thưa,27.98,75,2.99,1,18,5,4,tomtom_realtime
2026-04-04 18:36:48,Nguyen Trai,20,31,1.06,505,326,1,0.6452,0,0,Clear,mây thưa,27.98,73,3.46,1,18,5,4,tomtom_realtime
2026-04-04 18:36:48,Vanh Dai 3,27,41,0.76,756,497,1,0.6585,0,0,Clear,mây thưa,27.98,73,3.46,1,18,5,4,tomtom_realtime
2026-04-04 18:36:48,Ton Duc Thang,16,29,1.68,715,394,1,0.5517,0,0,Clear,mây thưa,27.98,73,3.46,1,18,5,4,tomtom_realtime
2026-04-04 18:41:53,Nguyen Trai,22,31,0.79,459,326,1,0.7097,0,0,Clear,mây thưa,27.98,73,3.46,1,18,5,4,tomtom_realtime
2026-04-04 18:41:53,Vanh Dai 3,25,41,0.94,816,497,1,0.6098,0,0,Clear,mây thưa,27.98,73,3.46,1,18,5,4,tomtom_realtime
2026-04-04 18:41:53,Ton Duc Thang,13,28,2.47,880,408,1,0.4643,0,0,Clear,mây thưa,27.98,73,3.46,1,18,5,4,tomtom_realtime
2026-04-04 18:46:57,Nguyen Trai,20,31,1.06,505,326,1,0.6452,0,0,Clear,mây thưa,27.98,73,3.46,1,18,5,4,tomtom_realtime
2026-04-04 18:46:57,Vanh Dai 3,26,41,0.84,785,497,1,0.6341,0,0,Clear,mây thưa,27.98,73,3.46,1,18,5,4,tomtom_realtime
2026-04-04 18:46:57,Ton Duc Thang,16,29,1.68,715,394,1,0.5517,0,0,Clear,mây thưa,27.98,73,3.46,1,18,5,4,tomtom_realtime
2026-04-04 18:52:01,Nguyen Trai,21,31,0.92,481,326,1,0.6774,0,0,Clear,mây thưa,27.98,73,3.46,1,18,5,4,tomtom_realtime
2026-04-04 18:52:01,Vanh Dai 3,25,41,0.94,816,497,1,0.6098,0,0,Clear,mây thưa,27.98,73,3.46,1,18,5,4,tomtom_realtime
2026-04-04 18:52:01,Ton Duc Thang,17,28,1.39,673,408,1,0.6071,0,0,Clear,mây thưa,27.98,73,3.46,1,18,5,4,tomtom_realtime
2026-04-04 18:57:05,Nguyen Trai,21,31,0.92,481,326,1,0.6774,0,0,Clear,mây rải rác,27.98,72,3.7,1,18,5,4,tomtom_realtime
2026-04-04 18:57:05,Vanh Dai 3,25,41,0.94,816,497,1,0.6098,0,0,Clear,mây rải rác,27.98,72,3.7,1,18,5,4,tomtom_realtime
2026-04-04 18:57:05,Ton Duc Thang,18,27,1.11,635,423,1,0.6667,0,0,Clear,mây rải rác,27.98,72,3.7,1,18,5,4,tomtom_realtime
2026-04-04 19:02:08,Nguyen Trai,23,31,0.67,439,326,1,0.7419,0,0,Clear,mây rải rác,27.98,72,3.7,1,19,5,4,tomtom_realtime
2026-04-04 19:02:08,Vanh Dai 3,27,41,0.76,756,497,1,0.6585,0,0,Clear,mây rải rác,27.98,72,3.7,1,19,5,4,tomtom_realtime
2026-04-04 19:02:08,Ton Duc Thang,17,28,1.39,673,408,1,0.6071,0,0,Clear,mây rải rác,27.98,72,3.7,1,19,5,4,tomtom_realtime
2026-04-04 19:07:12,Nguyen Trai,22,31,0.79,459,326,1,0.7097,0,0,Clear,mây rải rác,27.98,72,3.7,1,19,5,4,tomtom_realtime
2026-04-04 19:07:12,Vanh Dai 3,28,40,0.64,729,510,1,0.7,0,0,Clear,mây rải rác,27.98,72,3.7,1,19,5,4,tomtom_realtime
2026-04-04 19:07:12,Ton Duc Thang,18,29,1.26,635,394,1,0.6207,0,0,Clear,mây rải rác,27.98,72,3.7,1,19,5,4,tomtom_realtime
2026-04-04 19:12:17,Nguyen Trai,20,31,1.06,505,326,1,0.6452,0,0,Clear,mây rải rác,27.98,72,3.7,1,19,5,4,tomtom_realtime
2026-04-04 19:12:17,Vanh Dai 3,27,41,0.76,756,497,1,0.6585,0,0,Clear,mây rải rác,27.98,72,3.7,1,19,5,4,tomtom_realtime
2026-04-04 19:12:17,Ton Duc Thang,18,28,1.19,635,408,1,0.6429,0,0,Clear,mây rải rác,27.98,72,3.7,1,19,5,4,tomtom_realtime
2026-04-04 19:17:21,Nguyen Trai,23,31,0.67,439,326,1,0.7419,0,0,Clear,mây rải rác,27.98,72,3.7,1,19,5,4,tomtom_realtime
2026-04-04 19:17:21,Vanh Dai 3,27,41,0.76,756,497,1,0.6585,0,0,Clear,mây rải rác,27.98,72,3.7,1,19,5,4,tomtom_realtime
2026-04-04 19:17:21,Ton Duc Thang,17,28,1.39,673,408,1,0.6071,0,0,Clear,mây rải rác,27.98,72,3.7,1,19,5,4,tomtom_realtime
2026-04-04 19:22:25,Nguyen Trai,21,31,0.92,481,326,1,0.6774,0,0,Clear,mây rải rác,27.98,72,3.7,1,19,5,4,tomtom_realtime
2026-04-04 19:22:25,Vanh Dai 3,27,40,0.72,756,510,1,0.675,0,0,Clear,mây rải rác,27.98,72,3.7,1,19,5,4,tomtom_realtime
2026-04-04 19:22:25,Ton Duc Thang,18,28,1.19,635,408,1,0.6429,0,0,Clear,mây rải rác,27.98,72,3.7,1,19,5,4,tomtom_realtime
2026-04-04 19:27:29,Nguyen Trai,23,30,0.61,439,337,1,0.7667,0,0,Clear,mây rải rác,27.98,72,3.7,1,19,5,4,tomtom_realtime
2026-04-04 19:27:29,Vanh Dai 3,29,40,0.57,703,510,1,0.725,0,0,Clear,mây rải rác,27.98,72,3.7,1,19,5,4,tomtom_realtime
2026-04-04 19:27:29,Ton Duc Thang,19,28,1.02,602,408,1,0.6786,0,0,Clear,mây rải rác,27.98,72,3.7,1,19,5,4,tomtom_realtime
2026-04-04 19:32:34,Nguyen Trai,22,31,0.79,459,326,1,0.7097,0,0,Clear,mây rải rác,27.98,72,3.7,1,19,5,4,tomtom_realtime
2026-04-04 19:32:34,Vanh Dai 3,28,40,0.64,729,510,1,0.7,0,0,Clear,mây rải rác,27.98,72,3.7,1,19,5,4,tomtom_realtime
2026-04-04 19:32:34,Ton Duc Thang,17,28,1.39,673,408,1,0.6071,0,0,Clear,mây rải rác,27.98,72,3.7,1,19,5,4,tomtom_realtime
2026-04-04 19:37:38,Nguyen Trai,31,31,0.0,326,326,1,1.0,0,0,Clear,bầu trời quang đãng,26.98,75,4.69,1,19,5,4,tomtom_realtime
2026-04-04 19:37:38,Vanh Dai 3,27,40,0.72,756,510,1,0.675,0,0,Clear,bầu trời quang đãng,26.98,75,4.69,1,19,5,4,tomtom_realtime
2026-04-04 19:37:38,Ton Duc Thang,17,28,1.39,673,408,1,0.6071,0,0,Clear,bầu trời quang đãng,26.98,75,4.69,1,19,5,4,tomtom_realtime
2026-04-04 19:42:42,Nguyen Trai,24,31,0.56,421,326,1,0.7742,0,0,Clear,bầu trời quang đãng,26.98,75,4.69,1,19,5,4,tomtom_realtime
2026-04-04 19:42:42,Vanh Dai 3,30,40,0.5,680,510,1,0.75,0,0,Clear,bầu trời quang đãng,26.98,75,4.69,1,19,5,4,tomtom_realtime
2026-04-04 19:42:42,Ton Duc Thang,15,28,1.86,763,408,1,0.5357,0,0,Clear,bầu trời quang đãng,26.98,75,4.69,1,19,5,4,tomtom_realtime
2026-04-04 19:47:47,Nguyen Trai,20,31,1.06,505,326,1,0.6452,0,0,Clear,bầu trời quang đãng,26.98,75,4.69,1,19,5,4,tomtom_realtime
2026-04-04 19:47:47,Vanh Dai 3,27,40,0.72,756,510,1,0.675,0,0,Clear,bầu trời quang đãng,26.98,75,4.69,1,19,5,4,tomtom_realtime
2026-04-04 19:47:47,Ton Duc Thang,17,27,1.31,673,423,1,0.6296,0,0,Clear,bầu trời quang đãng,26.98,75,4.69,1,19,5,4,tomtom_realtime
2026-04-04 19:52:51,Nguyen Trai,23,30,0.61,439,337,1,0.7667,0,0,Clear,bầu trời quang đãng,26.98,75,4.69,1,19,5,4,tomtom_realtime
2026-04-04 19:52:51,Vanh Dai 3,30,41,0.54,680,497,1,0.7317,0,0,Clear,bầu trời quang đãng,26.98,75,4.69,1,19,5,4,tomtom_realtime
2026-04-04 19:52:51,Ton Duc Thang,17,28,1.39,673,408,1,0.6071,0,0,Clear,bầu trời quang đãng,26.98,75,4.69,1,19,5,4,tomtom_realtime
2026-04-04 19:57:57,Nguyen Trai,21,31,0.92,481,326,1,0.6774,0,0,Clear,bầu trời quang đãng,26.98,75,4.69,1,19,5,4,tomtom_realtime
2026-04-04 19:57:57,Vanh Dai 3,31,39,0.4,658,523,1,0.7949,0,0,Clear,bầu trời quang đãng,26.98,75,4.69,1,19,5,4,tomtom_realtime
2026-04-04 19:57:57,Ton Duc Thang,16,28,1.61,715,408,1,0.5714,0,0,Clear,bầu trời quang đãng,26.98,75,4.69,1,19,5,4,tomtom_realtime
2026-04-04 20:03:01,Nguyen Trai,22,31,0.79,459,326,1,0.7097,0,0,Clear,bầu trời quang đãng,26.98,75,4.69,1,20,5,4,tomtom_realtime
2026-04-04 20:03:01,Vanh Dai 3,29,40,0.57,703,510,1,0.725,0,0,Clear,bầu trời quang đãng,26.98,75,4.69,1,20,5,4,tomtom_realtime
2026-04-04 20:03:01,Ton Duc Thang,15,28,1.86,763,408,1,0.5357,0,0,Clear,bầu trời quang đãng,26.98,75,4.69,1,20,5,4,tomtom_realtime
2026-04-04 20:08:05,Nguyen Trai,25,30,0.4,404,337,1,0.8333,0,0,Clear,bầu trời quang đãng,26.95,75,4.69,1,20,5,4,tomtom_realtime
2026-04-04 20:08:05,Vanh Dai 3,32,41,0.41,637,497,1,0.7805,0,0,Clear,bầu trời quang đãng,26.95,75,4.69,1,20,5,4,tomtom_realtime
2026-04-04 20:08:05,Ton Duc Thang,16,28,1.61,715,408,1,0.5714,0,0,Clear,bầu trời quang đãng,26.95,75,4.69,1,20,5,4,tomtom_realtime
2026-04-04 20:13:09,Nguyen Trai,24,31,0.56,421,326,1,0.7742,0,0,Clear,bầu trời quang đãng,26.95,75,4.69,1,20,5,4,tomtom_realtime
2026-04-04 20:13:09,Vanh Dai 3,29,41,0.61,703,497,1,0.7073,0,0,Clear,bầu trời quang đãng,26.95,75,4.69,1,20,5,4,tomtom_realtime
2026-04-04 20:13:09,Ton Duc Thang,17,28,1.39,673,408,1,0.6071,0,0,Clear,bầu trời quang đãng,26.95,75,4.69,1,20,5,4,tomtom_realtime
2026-04-04 20:18:14,Nguyen Trai,24,30,0.5,421,337,1,0.8,0,0,Clear,bầu trời quang đãng,26.98,77,4.69,1,20,5,4,tomtom_realtime
2026-04-04 20:18:14,Vanh Dai 3,29,40,0.57,703,510,1,0.725,0,0,Clear,bầu trời quang đãng,26.98,77,4.69,1,20,5,4,tomtom_realtime
2026-04-04 20:18:14,Ton Duc Thang,16,27,1.53,715,423,1,0.5926,0,0,Clear,bầu trời quang đãng,26.98,77,4.69,1,20,5,4,tomtom_realtime
2026-04-04 20:23:19,Nguyen Trai,22,31,0.79,459,326,1,0.7097,0,0,Clear,bầu trời quang đãng,26.98,77,4.69,1,20,5,4,tomtom_realtime
2026-04-04 20:23:19,Vanh Dai 3,29,39,0.53,703,523,1,0.7436,0,0,Clear,bầu trời quang đãng,26.98,77,4.69,1,20,5,4,tomtom_realtime
2026-04-04 20:23:19,Ton Duc Thang,17,28,1.39,673,408,1,0.6071,0,0,Clear,bầu trời quang đãng,26.98,77,4.69,1,20,5,4,tomtom_realtime
2026-04-04 20:28:23,Nguyen Trai,20,31,1.06,505,326,1,0.6452,0,0,Clear,bầu trời quang đãng,26.98,81,4.69,1,20,5,4,tomtom_realtime
2026-04-04 20:28:23,Vanh Dai 3,29,41,0.61,703,497,1,0.7073,0,0,Clear,bầu trời quang đãng,26.98,81,4.69,1,20,5,4,tomtom_realtime
2026-04-04 20:28:23,Ton Duc Thang,17,28,1.39,673,408,1,0.6071,0,0,Clear,bầu trời quang đãng,26.98,81,4.69,1,20,5,4,tomtom_realtime
2026-04-04 20:33:27,Nguyen Trai,22,31,0.79,459,326,1,0.7097,0,0,Clear,bầu trời quang đãng,26.96,77,4.69,1,20,5,4,tomtom_realtime
2026-04-04 20:33:27,Vanh Dai 3,26,41,0.84,785,497,1,0.6341,0,0,Clear,bầu trời quang đãng,26.96,77,4.69,1,20,5,4,tomtom_realtime
2026-04-04 20:33:27,Ton Duc Thang,18,27,1.11,635,423,1,0.6667,0,0,Clear,bầu trời quang đãng,26.96,77,4.69,1,20,5,4,tomtom_realtime
2026-04-04 20:38:31,Nguyen Trai,20,31,1.06,505,326,1,0.6452,0,0,Clear,bầu trời quang đãng,26.96,77,4.69,1,20,5,4,tomtom_realtime
2026-04-04 20:38:31,Vanh Dai 3,27,40,0.72,756,510,1,0.675,0,0,Clear,bầu trời quang đãng,26.96,77,4.69,1,20,5,4,tomtom_realtime
2026-04-04 20:38:31,Ton Duc Thang,16,27,1.53,715,423,1,0.5926,0,0,Clear,bầu trời quang đãng,26.96,77,4.69,1,20,5,4,tomtom_realtime
2026-04-04 20:43:36,Nguyen Trai,23,32,0.73,439,316,1,0.7188,0,0,Clear,bầu trời quang đãng,26.98,80,5.06,1,20,5,4,tomtom_realtime
2026-04-04 20:43:36,Vanh Dai 3,27,41,0.76,756,497,1,0.6585,0,0,Clear,bầu trời quang đãng,26.98,80,5.06,1,20,5,4,tomtom_realtime
2026-04-04 20:43:36,Ton Duc Thang,16,28,1.61,715,408,1,0.5714,0,0,Clear,bầu trời quang đãng,26.98,80,5.06,1,20,5,4,tomtom_realtime
2026-04-04 20:48:40,Nguyen Trai,22,30,0.73,459,337,1,0.7333,0,0,Clear,bầu trời quang đãng,26.98,80,5.06,1,20,5,4,tomtom_realtime
2026-04-04 20:48:40,Vanh Dai 3,27,40,0.72,756,510,1,0.675,0,0,Clear,bầu trời quang đãng,26.98,80,5.06,1,20,5,4,tomtom_realtime
2026-04-04 20:48:40,Ton Duc Thang,14,29,2.22,817,394,1,0.4828,0,0,Clear,bầu trời quang đãng,26.98,80,5.06,1,20,5,4,tomtom_realtime
2026-04-04 20:53:44,Nguyen Trai,22,31,0.79,459,326,1,0.7097,0,0,Clear,bầu trời quang đãng,26.98,80,5.06,1,20,5,4,tomtom_realtime
2026-04-04 20:53:44,Vanh Dai 3,29,41,0.61,703,497,1,0.7073,0,0,Clear,bầu trời quang đãng,26.98,80,5.06,1,20,5,4,tomtom_realtime
2026-04-04 20:53:44,Ton Duc Thang,16,27,1.53,715,423,1,0.5926,0,0,Clear,bầu trời quang đãng,26.98,80,5.06,1,20,5,4,tomtom_realtime
2026-04-04 20:58:49,Nguyen Trai,22,32,0.85,459,316,1,0.6875,0,0,Clear,bầu trời quang đãng,26.98,80,5.06,1,20,5,4,tomtom_realtime
2026-04-04 20:58:49,Vanh Dai 3,30,40,0.5,680,510,1,0.75,0,0,Clear,bầu trời quang đãng,26.98,80,5.06,1,20,5,4,tomtom_realtime
2026-04-04 20:58:49,Ton Duc Thang,15,28,1.86,763,408,1,0.5357,0,0,Clear,bầu trời quang đãng,26.98,80,5.06,1,20,5,4,tomtom_realtime
2026-04-04 21:03:54,Nguyen Trai,22,31,0.79,459,326,1,0.7097,0,0,Clear,bầu trời quang đãng,26.97,79,5.06,1,21,5,4,tomtom_realtime
2026-04-04 21:03:54,Vanh Dai 3,31,41,0.47,658,497,1,0.7561,0,0,Clear,bầu trời quang đãng,26.97,79,5.06,1,21,5,4,tomtom_realtime
2026-04-04 21:03:54,Ton Duc Thang,17,28,1.39,673,408,1,0.6071,0,0,Clear,bầu trời quang đãng,26.97,79,5.06,1,21,5,4,tomtom_realtime
2026-04-04 21:08:58,Nguyen Trai,19,31,1.22,532,326,1,0.6129,0,0,Clear,bầu trời quang đãng,26.97,79,5.06,1,21,5,4,tomtom_realtime
2026-04-04 21:08:58,Vanh Dai 3,30,40,0.5,680,510,1,0.75,0,0,Clear,bầu trời quang đãng,26.97,79,5.06,1,21,5,4,tomtom_realtime
2026-04-04 21:08:58,Ton Duc Thang,16,28,1.61,715,408,1,0.5714,0,0,Clear,bầu trời quang đãng,26.97,79,5.06,1,21,5,4,tomtom_realtime
2026-04-04 21:14:02,Nguyen Trai,22,31,0.79,459,326,1,0.7097,0,0,Clear,bầu trời quang đãng,26.98,79,5.06,1,21,5,4,tomtom_realtime
2026-04-04 21:14:02,Vanh Dai 3,29,41,0.61,703,497,1,0.7073,0,0,Clear,bầu trời quang đãng,26.98,79,5.06,1,21,5,4,tomtom_realtime
2026-04-04 21:14:02,Ton Duc Thang,17,28,1.39,673,408,1,0.6071,0,0,Clear,bầu trời quang đãng,26.98,79,5.06,1,21,5,4,tomtom_realtime
2026-04-04 21:19:06,Nguyen Trai,22,31,0.79,459,326,1,0.7097,0,0,Clear,bầu trời quang đãng,26.98,79,5.06,1,21,5,4,tomtom_realtime
2026-04-04 21:19:06,Vanh Dai 3,28,40,0.64,729,510,1,0.7,0,0,Clear,bầu trời quang đãng,26.98,79,5.06,1,21,5,4,tomtom_realtime
2026-04-04 21:19:06,Ton Duc Thang,16,28,1.61,715,408,1,0.5714,0,0,Clear,bầu trời quang đãng,26.98,79,5.06,1,21,5,4,tomtom_realtime
2026-04-04 21:24:11,Nguyen Trai,22,30,0.73,459,337,1,0.7333,0,0,Clear,bầu trời quang đãng,26.98,79,5.06,1,21,5,4,tomtom_realtime
2026-04-04 21:24:11,Vanh Dai 3,28,41,0.68,729,497,1,0.6829,0,0,Clear,bầu trời quang đãng,26.98,79,5.06,1,21,5,4,tomtom_realtime
2026-04-04 21:24:11,Ton Duc Thang,16,27,1.53,715,423,1,0.5926,0,0,Clear,bầu trời quang đãng,26.98,79,5.06,1,21,5,4,tomtom_realtime
2026-04-04 21:29:15,Nguyen Trai,22,30,0.73,459,337,1,0.7333,0,0,Clear,bầu trời quang đãng,26.98,76,5.06,1,21,5,4,tomtom_realtime
2026-04-04 21:29:15,Vanh Dai 3,29,41,0.61,703,497,1,0.7073,0,0,Clear,bầu trời quang đãng,26.98,76,5.06,1,21,5,4,tomtom_realtime
2026-04-04 21:29:15,Ton Duc Thang,17,28,1.39,673,408,1,0.6071,0,0,Clear,bầu trời quang đãng,26.98,76,5.06,1,21,5,4,tomtom_realtime
2026-04-04 21:34:22,Nguyen Trai,20,31,1.06,505,326,1,0.6452,0,0,Clear,bầu trời quang đãng,26.98,76,5.06,1,21,5,4,tomtom_realtime
2026-04-04 21:34:22,Vanh Dai 3,28,41,0.68,729,497,1,0.6829,0,0,Clear,bầu trời quang đãng,26.98,76,5.06,1,21,5,4,tomtom_realtime
2026-04-04 21:34:22,Ton Duc Thang,17,27,1.31,673,423,1,0.6296,0,0,Clear,bầu trời quang đãng,26.98,76,5.06,1,21,5,4,tomtom_realtime
2026-04-04 21:39:27,Nguyen Trai,24,31,0.56,421,326,1,0.7742,0,0,Clear,bầu trời quang đãng,26.98,76,5.06,1,21,5,4,tomtom_realtime
2026-04-04 21:39:27,Vanh Dai 3,29,41,0.61,703,497,1,0.7073,0,0,Clear,bầu trời quang đãng,26.98,76,5.06,1,21,5,4,tomtom_realtime
2026-04-04 21:39:27,Ton Duc Thang,17,28,1.39,673,408,1,0.6071,0,0,Clear,bầu trời quang đãng,26.98,76,5.06,1,21,5,4,tomtom_realtime
2026-04-04 21:44:31,Nguyen Trai,23,30,0.61,439,337,1,0.7667,0,0,Clear,mây thưa,26.98,79,5.23,1,21,5,4,tomtom_realtime
2026-04-04 21:44:31,Vanh Dai 3,28,40,0.64,729,510,1,0.7,0,0,Clear,mây thưa,26.98,79,5.23,1,21,5,4,tomtom_realtime
2026-04-04 21:44:31,Ton Duc Thang,19,28,1.02,602,408,1,0.6786,0,0,Clear,mây thưa,26.98,79,5.23,1,21,5,4,tomtom_realtime
2026-04-04 21:49:35,Nguyen Trai,22,31,0.79,459,326,1,0.7097,0,0,Clear,mây thưa,26.98,79,5.23,1,21,5,4,tomtom_realtime
2026-04-04 21:49:35,Vanh Dai 3,29,41,0.61,703,497,1,0.7073,0,0,Clear,mây thưa,26.98,79,5.23,1,21,5,4,tomtom_realtime
2026-04-04 21:49:35,Ton Duc Thang,18,28,1.19,635,408,1,0.6429,0,0,Clear,mây thưa,26.98,79,5.23,1,21,5,4,tomtom_realtime
2026-04-04 21:54:40,Nguyen Trai,23,31,0.67,439,326,1,0.7419,0,0,Clear,mây thưa,26.98,79,5.23,1,21,5,4,tomtom_realtime
2026-04-04 21:54:40,Vanh Dai 3,28,40,0.64,729,510,1,0.7,0,0,Clear,mây thưa,26.98,79,5.23,1,21,5,4,tomtom_realtime
2026-04-04 21:54:40,Ton Duc Thang,19,28,1.02,602,408,1,0.6786,0,0,Clear,mây thưa,26.98,79,5.23,1,21,5,4,tomtom_realtime
2026-04-04 21:59:44,Nguyen Trai,23,30,0.61,439,337,1,0.7667,0,0,Clear,mây thưa,26.96,78,5.23,1,21,5,4,tomtom_realtime
2026-04-04 21:59:44,Vanh Dai 3,28,40,0.64,729,510,1,0.7,0,0,Clear,mây thưa,26.96,78,5.23,1,21,5,4,tomtom_realtime
2026-04-04 21:59:44,Ton Duc Thang,16,29,1.68,715,394,1,0.5517,0,0,Clear,mây thưa,26.96,78,5.23,1,21,5,4,tomtom_realtime
2026-04-04 22:04:48,Nguyen Trai,22,31,0.79,459,326,1,0.7097,0,0,Clear,mây thưa,26.96,78,5.23,1,22,5,4,tomtom_realtime
2026-04-04 22:04:48,Vanh Dai 3,27,41,0.76,756,497,1,0.6585,0,0,Clear,mây thưa,26.96,78,5.23,1,22,5,4,tomtom_realtime
2026-04-04 22:04:48,Ton Duc Thang,18,28,1.19,635,408,1,0.6429,0,0,Clear,mây thưa,26.96,78,5.23,1,22,5,4,tomtom_realtime
2026-04-04 22:09:51,Nguyen Trai,24,30,0.5,421,337,1,0.8,0,0,Clear,mây thưa,25.96,74,5.23,1,22,5,4,tomtom_realtime
2026-04-04 22:09:51,Vanh Dai 3,31,40,0.44,658,510,1,0.775,0,0,Clear,mây thưa,25.96,74,5.23,1,22,5,4,tomtom_realtime
2026-04-04 22:09:51,Ton Duc Thang,20,28,0.86,572,408,1,0.7143,0,0,Clear,mây thưa,25.96,74,5.23,1,22,5,4,tomtom_realtime
2026-04-04 22:14:56,Nguyen Trai,22,31,0.79,459,326,1,0.7097,0,0,Clear,mây thưa,26.98,74,5.23,1,22,5,4,tomtom_realtime
2026-04-04 22:14:56,Vanh Dai 3,29,41,0.61,703,497,1,0.7073,0,0,Clear,mây thưa,26.98,74,5.23,1,22,5,4,tomtom_realtime
2026-04-04 22:14:56,Ton Duc Thang,19,28,1.02,602,408,1,0.6786,0,0,Clear,mây thưa,26.98,74,5.23,1,22,5,4,tomtom_realtime
2026-04-04 22:20:02,Nguyen Trai,23,31,0.67,439,326,1,0.7419,0,0,Clear,mây thưa,25.98,76,5.23,1,22,5,4,tomtom_realtime
2026-04-04 22:20:02,Vanh Dai 3,28,40,0.64,729,510,1,0.7,0,0,Clear,mây thưa,25.98,76,5.23,1,22,5,4,tomtom_realtime
2026-04-04 22:20:02,Ton Duc Thang,19,27,0.94,602,423,1,0.7037,0,0,Clear,mây thưa,25.98,76,5.23,1,22,5,4,tomtom_realtime
2026-04-04 22:25:07,Nguyen Trai,23,31,0.67,439,326,1,0.7419,0,0,Clear,mây thưa,25.98,76,5.23,1,22,5,4,tomtom_realtime
2026-04-04 22:25:07,Vanh Dai 3,28,40,0.64,729,510,1,0.7,0,0,Clear,mây thưa,25.98,76,5.23,1,22,5,4,tomtom_realtime
2026-04-04 22:25:07,Ton Duc Thang,20,28,0.86,572,408,1,0.7143,0,0,Clear,mây thưa,25.98,76,5.23,1,22,5,4,tomtom_realtime
2026-04-04 22:30:11,Nguyen Trai,23,30,0.61,439,337,1,0.7667,0,0,Clear,mây thưa,25.98,76,5.23,1,22,5,4,tomtom_realtime
2026-04-04 22:30:11,Vanh Dai 3,30,42,0.57,680,486,1,0.7143,0,0,Clear,mây thưa,25.98,76,5.23,1,22,5,4,tomtom_realtime
2026-04-04 22:30:11,Ton Duc Thang,21,28,0.71,545,408,1,0.75,0,0,Clear,mây thưa,25.98,76,5.23,1,22,5,4,tomtom_realtime
2026-04-04 22:35:15,Nguyen Trai,23,31,0.67,439,326,1,0.7419,0,0,Clear,mây thưa,25.98,76,5.23,1,22,5,4,tomtom_realtime
2026-04-04 22:35:15,Vanh Dai 3,29,41,0.61,703,497,1,0.7073,0,0,Clear,mây thưa,25.98,76,5.23,1,22,5,4,tomtom_realtime
2026-04-04 22:35:15,Ton Duc Thang,20,28,0.86,572,408,1,0.7143,0,0,Clear,mây thưa,25.98,76,5.23,1,22,5,4,tomtom_realtime
2026-04-04 22:40:19,Nguyen Trai,24,31,0.56,421,326,1,0.7742,0,0,Clear,mây thưa,25.98,80,5.26,1,22,5,4,tomtom_realtime
2026-04-04 22:40:19,Vanh Dai 3,32,41,0.41,637,497,1,0.7805,0,0,Clear,mây thưa,25.98,80,5.26,1,22,5,4,tomtom_realtime
2026-04-04 22:40:19,Ton Duc Thang,21,28,0.71,545,408,1,0.75,0,0,Clear,mây thưa,25.98,80,5.26,1,22,5,4,tomtom_realtime
2026-04-04 22:45:24,Nguyen Trai,24,31,0.56,421,326,1,0.7742,0,0,Clear,mây thưa,25.98,80,5.26,1,22,5,4,tomtom_realtime
2026-04-04 22:45:24,Vanh Dai 3,30,40,0.5,680,510,1,0.75,0,0,Clear,mây thưa,25.98,80,5.26,1,22,5,4,tomtom_realtime
2026-04-04 22:45:24,Ton Duc Thang,20,27,0.78,572,423,1,0.7407,0,0,Clear,mây thưa,25.98,80,5.26,1,22,5,4,tomtom_realtime
2026-04-04 22:50:28,Nguyen Trai,24,31,0.56,421,326,1,0.7742,0,0,Clear,mây thưa,25.98,79,5.26,1,22,5,4,tomtom_realtime
2026-04-04 22:50:28,Vanh Dai 3,32,40,0.38,637,510,1,0.8,0,0,Clear,mây thưa,25.98,79,5.26,1,22,5,4,tomtom_realtime
2026-04-04 22:50:28,Ton Duc Thang,20,28,0.86,572,408,1,0.7143,0,0,Clear,mây thưa,25.98,79,5.26,1,22,5,4,tomtom_realtime
2026-04-04 22:55:32,Nguyen Trai,23,31,0.67,439,326,1,0.7419,0,0,Clear,mây thưa,25.98,79,5.26,1,22,5,4,tomtom_realtime
2026-04-04 22:55:32,Vanh Dai 3,41,41,0.0,497,497,1,1.0,0,0,Clear,mây thưa,25.98,79,5.26,1,22,5,4,tomtom_realtime
2026-04-04 22:55:32,Ton Duc Thang,23,29,0.54,497,394,1,0.7931,0,0,Clear,mây thưa,25.98,79,5.26,1,22,5,4,tomtom_realtime
2026-04-04 23:00:37,Nguyen Trai,21,31,0.92,481,326,1,0.6774,0,0,Clear,mây thưa,25.98,79,5.26,1,23,5,4,tomtom_realtime
2026-04-04 23:00:37,Vanh Dai 3,41,41,0.0,497,497,1,1.0,0,0,Clear,mây thưa,25.98,79,5.26,1,23,5,4,tomtom_realtime
2026-04-04 23:00:37,Ton Duc Thang,21,27,0.63,545,423,1,0.7778,0,0,Clear,mây thưa,25.98,79,5.26,1,23,5,4,tomtom_realtime
2026-04-04 23:05:41,Nguyen Trai,21,31,0.92,481,326,1,0.6774,0,0,Clear,mây thưa,25.98,79,5.26,1,23,5,4,tomtom_realtime
2026-04-04 23:05:41,Vanh Dai 3,34,41,0.3,600,497,1,0.8293,0,0,Clear,mây thưa,25.98,79,5.26,1,23,5,4,tomtom_realtime
2026-04-04 23:05:41,Ton Duc Thang,20,27,0.78,572,423,1,0.7407,0,0,Clear,mây thưa,25.98,79,5.26,1,23,5,4,tomtom_realtime
2026-04-04 23:10:46,Nguyen Trai,27,30,0.22,374,337,1,0.9,0,0,Clear,mây thưa,25.98,75,5.26,1,23,5,4,tomtom_realtime
2026-04-04 23:10:46,Vanh Dai 3,41,41,0.0,497,497,1,1.0,0,0,Clear,mây thưa,25.98,75,5.26,1,23,5,4,tomtom_realtime
2026-04-04 23:10:46,Ton Duc Thang,22,28,0.58,520,408,1,0.7857,0,0,Clear,mây thưa,25.98,75,5.26,1,23,5,4,tomtom_realtime
2026-04-04 23:15:50,Nguyen Trai,20,31,1.06,505,326,1,0.6452,0,0,Clear,mây thưa,25.98,75,5.26,1,23,5,4,tomtom_realtime
2026-04-04 23:15:50,Vanh Dai 3,41,41,0.0,497,497,1,1.0,0,0,Clear,mây thưa,25.98,75,5.26,1,23,5,4,tomtom_realtime
2026-04-04 23:15:50,Ton Duc Thang,21,28,0.71,545,408,1,0.75,0,0,Clear,mây thưa,25.98,75,5.26,1,23,5,4,tomtom_realtime
2026-04-04 23:20:55,Nguyen Trai,23,31,0.67,439,326,1,0.7419,0,0,Clear,mây thưa,25.98,73,5.26,1,23,5,4,tomtom_realtime
2026-04-04 23:20:55,Vanh Dai 3,33,40,0.32,618,510,1,0.825,0,0,Clear,mây thưa,25.98,73,5.26,1,23,5,4,tomtom_realtime
2026-04-04 23:20:55,Ton Duc Thang,22,28,0.58,520,408,1,0.7857,0,0,Clear,mây thưa,25.98,73,5.26,1,23,5,4,tomtom_realtime
2026-04-04 23:26:00,Nguyen Trai,31,31,0.0,326,326,1,1.0,0,0,Clear,mây thưa,25.98,73,5.26,1,23,5,4,tomtom_realtime
2026-04-04 23:26:00,Vanh Dai 3,41,41,0.0,497,497,1,1.0,0,0,Clear,mây thưa,25.98,73,5.26,1,23,5,4,tomtom_realtime
2026-04-04 23:26:00,Ton Duc Thang,22,28,0.58,520,408,1,0.7857,0,0,Clear,mây thưa,25.98,73,5.26,1,23,5,4,tomtom_realtime
2026-04-04 23:31:04,Nguyen Trai,27,30,0.22,374,337,1,0.9,0,0,Clear,mây thưa,25.98,73,5.26,1,23,5,4,tomtom_realtime
2026-04-04 23:31:04,Vanh Dai 3,30,40,0.5,680,510,1,0.75,0,0,Clear,mây thưa,25.98,73,5.26,1,23,5,4,tomtom_realtime
2026-04-04 23:31:04,Ton Duc Thang,23,28,0.47,497,408,1,0.8214,0,0,Clear,mây thưa,25.98,73,5.26,1,23,5,4,tomtom_realtime
2026-04-04 23:36:08,Nguyen Trai,23,31,0.67,439,326,1,0.7419,0,0,Clear,mây thưa,25.98,73,5.26,1,23,5,4,tomtom_realtime
2026-04-04 23:36:08,Vanh Dai 3,41,41,0.0,497,497,1,1.0,0,0,Clear,mây thưa,25.98,73,5.26,1,23,5,4,tomtom_realtime
2026-04-04 23:36:08,Ton Duc Thang,28,28,0.0,408,408,1,1.0,0,0,Clear,mây thưa,25.98,73,5.26,1,23,5,4,tomtom_realtime
2026-04-04 23:41:12,Nguyen Trai,23,30,0.61,439,337,1,0.7667,0,0,Clear,mây rải rác,25.98,79,4.52,1,23,5,4,tomtom_realtime
2026-04-04 23:41:12,Vanh Dai 3,41,41,0.0,497,497,1,1.0,0,0,Clear,mây rải rác,25.98,79,4.52,1,23,5,4,tomtom_realtime
2026-04-04 23:41:12,Ton Duc Thang,23,28,0.47,497,408,1,0.8214,0,0,Clear,mây rải rác,25.98,79,4.52,1,23,5,4,tomtom_realtime
2026-04-04 23:46:17,Nguyen Trai,31,31,0,326,326,1,1.0,0,0,Clear,mây rải rác,25.98,79,4.52,1,23,5,4,tomtom_realtime
2026-04-04 23:46:17,Vanh Dai 3,41,41,0,497,497,1,1.0,0,0,Clear,mây rải rác,25.98,79,4.52,1,23,5,4,tomtom_realtime
2026-04-04 23:46:17,Ton Duc Thang,28,28,0,408,408,1,1.0,0,0,Clear,mây rải rác,25.98,79,4.52,1,23,5,4,tomtom_realtime
2026-04-04 23:51:21,Nguyen Trai,31,31,0,326,326,1,1.0,0,0,Clear,mây rải rác,25.98,79,4.52,1,23,5,4,tomtom_realtime
2026-04-04 23:51:21,Vanh Dai 3,41,41,0,497,497,1,1.0,0,0,Clear,mây rải rác,25.98,79,4.52,1,23,5,4,tomtom_realtime
2026-04-04 23:51:21,Ton Duc Thang,28,28,0,408,408,1,1.0,0,0,Clear,mây rải rác,25.98,79,4.52,1,23,5,4,tomtom_realtime
2026-04-04 23:56:25,Nguyen Trai,31,31,0,326,326,1,1.0,0,0,Clear,mây rải rác,25.98,79,4.52,1,23,5,4,tomtom_realtime
2026-04-04 23:56:25,Vanh Dai 3,41,41,0,497,497,1,1.0,0,0,Clear,mây rải rác,25.98,79,4.52,1,23,5,4,tomtom_realtime
2026-04-04 23:56:25,Ton Duc Thang,28,28,0,408,408,1,1.0,0,0,Clear,mây rải rác,25.98,79,4.52,1,23,5,4,tomtom_realtime
2026-04-05 00:01:30,Nguyen Trai,31,31,0,326,326,1,1.0,0,0,Clear,mây rải rác,25.98,79,4.52,1,0,6,4,tomtom_realtime
2026-04-05 00:01:30,Vanh Dai 3,41,41,0,497,497,1,1.0,0,0,Clear,mây rải rác,25.98,79,4.52,1,0,6,4,tomtom_realtime
2026-04-05 00:01:30,Ton Duc Thang,28,28,0,408,408,1,1.0,0,0,Clear,mây rải rác,25.98,79,4.52,1,0,6,4,tomtom_realtime
2026-04-05 00:06:35,Nguyen Trai,26,31,0.37,388,326,1,0.8387,0,0,Clear,mây rải rác,25.98,79,4.52,1,0,6,4,tomtom_realtime
2026-04-05 00:06:35,Vanh Dai 3,41,41,0.0,497,497,1,1.0,0,0,Clear,mây rải rác,25.98,79,4.52,1,0,6,4,tomtom_realtime
2026-04-05 00:06:35,Ton Duc Thang,28,28,0.0,408,408,1,1.0,0,0,Clear,mây rải rác,25.98,79,4.52,1,0,6,4,tomtom_realtime
2026-04-05 00:11:39,Nguyen Trai,31,31,0,326,326,1,1.0,0,0,Clear,mây rải rác,25.98,75,4.52,1,0,6,4,tomtom_realtime
2026-04-05 00:11:39,Vanh Dai 3,41,41,0,497,497,1,1.0,0,0,Clear,mây rải rác,25.98,75,4.52,1,0,6,4,tomtom_realtime
2026-04-05 00:11:39,Ton Duc Thang,28,28,0,408,408,1,1.0,0,0,Clear,mây rải rác,25.98,75,4.52,1,0,6,4,tomtom_realtime
2026-04-05 00:16:43,Nguyen Trai,31,31,0,326,326,1,1.0,0,0,Clear,mây rải rác,25.98,75,4.52,1,0,6,4,tomtom_realtime
2026-04-05 00:16:43,Vanh Dai 3,41,41,0,497,497,1,1.0,0,0,Clear,mây rải rác,25.98,75,4.52,1,0,6,4,tomtom_realtime
2026-04-05 00:16:43,Ton Duc Thang,28,28,0,408,408,1,1.0,0,0,Clear,mây rải rác,25.98,75,4.52,1,0,6,4,tomtom_realtime
2026-04-05 00:21:48,Nguyen Trai,31,31,0.0,326,326,1,1.0,0,0,Clear,mây rải rác,25.98,74,4.52,1,0,6,4,tomtom_realtime
2026-04-05 00:21:48,Vanh Dai 3,41,41,0.0,497,497,1,1.0,0,0,Clear,mây rải rác,25.98,74,4.52,1,0,6,4,tomtom_realtime
2026-04-05 00:21:48,Ton Duc Thang,23,27,0.39,497,423,1,0.8519,0,0,Clear,mây rải rác,25.98,74,4.52,1,0,6,4,tomtom_realtime
2026-04-05 00:26:52,Nguyen Trai,26,31,0.37,388,326,1,0.8387,0,0,Clear,mây rải rác,25.98,74,4.52,1,0,6,4,tomtom_realtime
2026-04-05 00:26:52,Vanh Dai 3,41,41,0.0,497,497,1,1.0,0,0,Clear,mây rải rác,25.98,74,4.52,1,0,6,4,tomtom_realtime
2026-04-05 00:26:52,Ton Duc Thang,22,28,0.58,520,408,1,0.7857,0,0,Clear,mây rải rác,25.98,74,4.52,1,0,6,4,tomtom_realtime
2026-04-05 00:31:58,Nguyen Trai,31,31,0,326,326,1,1.0,0,0,Clear,mây rải rác,25.98,79,4.11,1,0,6,4,tomtom_realtime
2026-04-05 00:31:58,Vanh Dai 3,41,41,0,497,497,1,1.0,0,0,Clear,mây rải rác,25.98,79,4.11,1,0,6,4,tomtom_realtime
2026-04-05 00:31:58,Ton Duc Thang,28,28,0,408,408,1,1.0,0,0,Clear,mây rải rác,25.98,79,4.11,1,0,6,4,tomtom_realtime
2026-04-05 00:37:02,Nguyen Trai,31,31,0,326,326,1,1.0,0,0,Clear,mây rải rác,25.98,79,4.11,1,0,6,4,tomtom_realtime
2026-04-05 00:37:02,Vanh Dai 3,41,41,0,497,497,1,1.0,0,0,Clear,mây rải rác,25.98,79,4.11,1,0,6,4,tomtom_realtime
2026-04-05 00:37:02,Ton Duc Thang,28,28,0,408,408,1,1.0,0,0,Clear,mây rải rác,25.98,79,4.11,1,0,6,4,tomtom_realtime
2026-04-05 00:42:06,Nguyen Trai,31,31,0,326,326,1,1.0,0,0,Clear,mây rải rác,25.98,79,4.11,1,0,6,4,tomtom_realtime
2026-04-05 00:42:06,Vanh Dai 3,41,41,0,497,497,1,1.0,0,0,Clear,mây rải rác,25.98,79,4.11,1,0,6,4,tomtom_realtime
2026-04-05 00:42:06,Ton Duc Thang,28,28,0,408,408,1,1.0,0,0,Clear,mây rải rác,25.98,79,4.11,1,0,6,4,tomtom_realtime
2026-04-05 00:47:10,Nguyen Trai,27,31,0.29,374,326,1,0.871,0,0,Clear,mây rải rác,25.98,79,4.11,1,0,6,4,tomtom_realtime
2026-04-05 00:47:10,Vanh Dai 3,41,41,0.0,497,497,1,1.0,0,0,Clear,mây rải rác,25.98,79,4.11,1,0,6,4,tomtom_realtime
2026-04-05 00:47:10,Ton Duc Thang,28,28,0.0,408,408,1,1.0,0,0,Clear,mây rải rác,25.98,79,4.11,1,0,6,4,tomtom_realtime
2026-04-05 00:52:14,Nguyen Trai,31,31,0,326,326,1,1.0,0,0,Clear,mây rải rác,25.98,79,4.71,1,0,6,4,tomtom_realtime
2026-04-05 00:52:14,Vanh Dai 3,41,41,0,497,497,1,1.0,0,0,Clear,mây rải rác,25.98,79,4.71,1,0,6,4,tomtom_realtime
2026-04-05 00:52:14,Ton Duc Thang,28,28,0,408,408,1,1.0,0,0,Clear,mây rải rác,25.98,79,4.71,1,0,6,4,tomtom_realtime
2026-04-05 00:57:18,Nguyen Trai,31,31,0,326,326,1,1.0,0,0,Clear,mây rải rác,25.98,79,4.71,1,0,6,4,tomtom_realtime
2026-04-05 00:57:18,Vanh Dai 3,41,41,0,497,497,1,1.0,0,0,Clear,mây rải rác,25.98,79,4.71,1,0,6,4,tomtom_realtime
2026-04-05 00:57:18,Ton Duc Thang,28,28,0,408,408,1,1.0,0,0,Clear,mây rải rác,25.98,79,4.71,1,0,6,4,tomtom_realtime
2026-04-05 01:02:22,Nguyen Trai,31,31,0,326,326,1,1.0,0,0,Clear,mây rải rác,25.98,79,4.71,1,1,6,4,tomtom_realtime
2026-04-05 01:02:22,Vanh Dai 3,41,41,0,497,497,1,1.0,0,0,Clear,mây rải rác,25.98,79,4.71,1,1,6,4,tomtom_realtime
2026-04-05 01:02:22,Ton Duc Thang,28,28,0,408,408,1,1.0,0,0,Clear,mây rải rác,25.98,79,4.71,1,1,6,4,tomtom_realtime
2026-04-05 01:07:26,Nguyen Trai,31,31,0,326,326,1,1.0,0,0,Clear,mây rải rác,25.98,79,4.71,1,1,6,4,tomtom_realtime
2026-04-05 01:07:26,Vanh Dai 3,41,41,0,497,497,1,1.0,0,0,Clear,mây rải rác,25.98,79,4.71,1,1,6,4,tomtom_realtime
2026-04-05 01:07:26,Ton Duc Thang,28,28,0,408,408,1,1.0,0,0,Clear,mây rải rác,25.98,79,4.71,1,1,6,4,tomtom_realtime
2026-04-05 01:12:31,Nguyen Trai,26,31,0.37,388,326,1,0.8387,0,0,Clear,mây rải rác,24.98,79,4.71,1,1,6,4,tomtom_realtime
2026-04-05 01:12:31,Vanh Dai 3,41,41,0.0,497,497,1,1.0,0,0,Clear,mây rải rác,24.98,79,4.71,1,1,6,4,tomtom_realtime
2026-04-05 01:12:31,Ton Duc Thang,28,28,0.0,408,408,1,1.0,0,0,Clear,mây rải rác,24.98,79,4.71,1,1,6,4,tomtom_realtime
2026-04-05 01:17:35,Nguyen Trai,31,31,0,326,326,1,1.0,0,0,Clear,mây rải rác,24.98,79,4.71,1,1,6,4,tomtom_realtime
2026-04-05 01:17:35,Vanh Dai 3,41,41,0,497,497,1,1.0,0,0,Clear,mây rải rác,24.98,79,4.71,1,1,6,4,tomtom_realtime
2026-04-05 01:17:35,Ton Duc Thang,28,28,0,408,408,1,1.0,0,0,Clear,mây rải rác,24.98,79,4.71,1,1,6,4,tomtom_realtime
2026-04-05 01:22:40,Nguyen Trai,31,31,0,326,326,1,1.0,0,0,Clear,mây rải rác,24.98,79,4.71,1,1,6,4,tomtom_realtime
2026-04-05 01:22:40,Vanh Dai 3,41,41,0,497,497,1,1.0,0,0,Clear,mây rải rác,24.98,79,4.71,1,1,6,4,tomtom_realtime
2026-04-05 01:22:40,Ton Duc Thang,28,28,0,408,408,1,1.0,0,0,Clear,mây rải rác,24.98,79,4.71,1,1,6,4,tomtom_realtime
2026-04-05 01:27:44,Nguyen Trai,31,31,0,326,326,1,1.0,0,0,Clear,mây rải rác,24.98,79,4.71,1,1,6,4,tomtom_realtime
2026-04-05 01:27:44,Vanh Dai 3,41,41,0,497,497,1,1.0,0,0,Clear,mây rải rác,24.98,79,4.71,1,1,6,4,tomtom_realtime
2026-04-05 01:27:44,Ton Duc Thang,28,28,0,408,408,1,1.0,0,0,Clear,mây rải rác,24.98,79,4.71,1,1,6,4,tomtom_realtime
2026-04-05 01:32:48,Nguyen Trai,31,31,0,326,326,1,1.0,0,0,Clear,mây rải rác,24.97,79,4.71,1,1,6,4,tomtom_realtime
2026-04-05 01:32:48,Vanh Dai 3,41,41,0,497,497,1,1.0,0,0,Clear,mây rải rác,24.97,79,4.71,1,1,6,4,tomtom_realtime
2026-04-05 01:32:48,Ton Duc Thang,28,28,0,408,408,1,1.0,0,0,Clear,mây rải rác,24.97,79,4.71,1,1,6,4,tomtom_realtime
2026-04-05 01:37:52,Nguyen Trai,31,31,0,326,326,1,1.0,0,0,Clear,mây đen u ám,24.98,83,4.53,1,1,6,4,tomtom_realtime
2026-04-05 01:37:52,Vanh Dai 3,41,41,0,497,497,1,1.0,0,0,Clear,mây đen u ám,24.98,83,4.53,1,1,6,4,tomtom_realtime
2026-04-05 01:37:52,Ton Duc Thang,28,28,0,408,408,1,1.0,0,0,Clear,mây đen u ám,24.98,83,4.53,1,1,6,4,tomtom_realtime
2026-04-05 01:42:56,Nguyen Trai,31,31,0,326,326,1,1.0,0,0,Clear,mây đen u ám,24.98,83,4.53,1,1,6,4,tomtom_realtime
2026-04-05 01:42:56,Vanh Dai 3,41,41,0,497,497,1,1.0,0,0,Clear,mây đen u ám,24.98,83,4.53,1,1,6,4,tomtom_realtime
2026-04-05 01:42:56,Ton Duc Thang,28,28,0,408,408,1,1.0,0,0,Clear,mây đen u ám,24.98,83,4.53,1,1,6,4,tomtom_realtime
2026-04-05 01:48:00,Nguyen Trai,31,31,0,326,326,1,1.0,0,0,Clear,mây đen u ám,24.98,82,4.53,1,1,6,4,tomtom_realtime
2026-04-05 01:48:00,Vanh Dai 3,41,41,0,497,497,1,1.0,0,0,Clear,mây đen u ám,24.98,82,4.53,1,1,6,4,tomtom_realtime
2026-04-05 01:48:00,Ton Duc Thang,28,28,0,408,408,1,1.0,0,0,Clear,mây đen u ám,24.98,82,4.53,1,1,6,4,tomtom_realtime
2026-04-05 01:53:04,Nguyen Trai,27,30,0.22,374,337,1,0.9,0,0,Clear,mây đen u ám,24.98,82,4.53,1,1,6,4,tomtom_realtime
2026-04-05 01:53:04,Vanh Dai 3,41,41,0.0,497,497,1,1.0,0,0,Clear,mây đen u ám,24.98,82,4.53,1,1,6,4,tomtom_realtime
2026-04-05 01:53:04,Ton Duc Thang,28,28,0.0,408,408,1,1.0,0,0,Clear,mây đen u ám,24.98,82,4.53,1,1,6,4,tomtom_realtime
2026-04-05 01:58:09,Nguyen Trai,31,31,0,326,326,1,1.0,0,0,Clear,mây đen u ám,24.98,83,4.53,1,1,6,4,tomtom_realtime
2026-04-05 01:58:09,Vanh Dai 3,41,41,0,497,497,1,1.0,0,0,Clear,mây đen u ám,24.98,83,4.53,1,1,6,4,tomtom_realtime
2026-04-05 01:58:09,Ton Duc Thang,28,28,0,408,408,1,1.0,0,0,Clear,mây đen u ám,24.98,83,4.53,1,1,6,4,tomtom_realtime
2026-04-05 02:03:13,Nguyen Trai,31,31,0,326,326,1,1.0,0,0,Clear,mây đen u ám,24.98,83,4.53,1,2,6,4,tomtom_realtime
2026-04-05 02:03:13,Vanh Dai 3,41,41,0,497,497,1,1.0,0,0,Clear,mây đen u ám,24.98,83,4.53,1,2,6,4,tomtom_realtime
2026-04-05 02:03:13,Ton Duc Thang,28,28,0,408,408,1,1.0,0,0,Clear,mây đen u ám,24.98,83,4.53,1,2,6,4,tomtom_realtime
2026-04-05 02:08:17,Nguyen Trai,31,31,0,326,326,1,1.0,0,0,Clear,mây đen u ám,24.98,81,4.53,1,2,6,4,tomtom_realtime
2026-04-05 02:08:17,Vanh Dai 3,41,41,0,497,497,1,1.0,0,0,Clear,mây đen u ám,24.98,81,4.53,1,2,6,4,tomtom_realtime
2026-04-05 02:08:17,Ton Duc Thang,28,28,0,408,408,1,1.0,0,0,Clear,mây đen u ám,24.98,81,4.53,1,2,6,4,tomtom_realtime
2026-04-05 02:13:21,Nguyen Trai,31,31,0,326,326,1,1.0,0,0,Clear,mây đen u ám,24.98,81,4.53,1,2,6,4,tomtom_realtime
2026-04-05 02:13:21,Vanh Dai 3,41,41,0,497,497,1,1.0,0,0,Clear,mây đen u ám,24.98,81,4.53,1,2,6,4,tomtom_realtime
2026-04-05 02:13:21,Ton Duc Thang,28,28,0,408,408,1,1.0,0,0,Clear,mây đen u ám,24.98,81,4.53,1,2,6,4,tomtom_realtime
2026-04-05 02:18:25,Nguyen Trai,31,31,0,326,326,1,1.0,0,0,Clear,mây đen u ám,24.98,80,4.53,1,2,6,4,tomtom_realtime
2026-04-05 02:18:25,Vanh Dai 3,41,41,0,497,497,1,1.0,0,0,Clear,mây đen u ám,24.98,80,4.53,1,2,6,4,tomtom_realtime
2026-04-05 02:18:25,Ton Duc Thang,28,28,0,408,408,1,1.0,0,0,Clear,mây đen u ám,24.98,80,4.53,1,2,6,4,tomtom_realtime
2026-04-05 02:23:29,Nguyen Trai,31,31,0,326,326,1,1.0,0,0,Clear,mây đen u ám,24.98,80,4.53,1,2,6,4,tomtom_realtime
2026-04-05 02:23:29,Vanh Dai 3,41,41,0,497,497,1,1.0,0,0,Clear,mây đen u ám,24.98,80,4.53,1,2,6,4,tomtom_realtime
2026-04-05 02:23:29,Ton Duc Thang,28,28,0,408,408,1,1.0,0,0,Clear,mây đen u ám,24.98,80,4.53,1,2,6,4,tomtom_realtime
2026-04-05 02:28:34,Nguyen Trai,31,31,0,326,326,1,1.0,0,0,Clear,mây đen u ám,24.98,80,4.53,1,2,6,4,tomtom_realtime
2026-04-05 02:28:34,Vanh Dai 3,41,41,0,497,497,1,1.0,0,0,Clear,mây đen u ám,24.98,80,4.53,1,2,6,4,tomtom_realtime
2026-04-05 02:28:34,Ton Duc Thang,28,28,0,408,408,1,1.0,0,0,Clear,mây đen u ám,24.98,80,4.53,1,2,6,4,tomtom_realtime
2026-04-05 02:33:39,Nguyen Trai,31,31,0,326,326,1,1.0,0,0,Clear,mây đen u ám,24.98,80,4.53,1,2,6,4,tomtom_realtime
2026-04-05 02:33:39,Vanh Dai 3,41,41,0,497,497,1,1.0,0,0,Clear,mây đen u ám,24.98,80,4.53,1,2,6,4,tomtom_realtime
2026-04-05 02:33:39,Ton Duc Thang,28,28,0,408,408,1,1.0,0,0,Clear,mây đen u ám,24.98,80,4.53,1,2,6,4,tomtom_realtime
2026-04-05 02:38:42,Nguyen Trai,31,31,0,326,326,1,1.0,0,0,Clear,mây đen u ám,24.98,83,4.78,1,2,6,4,tomtom_realtime
2026-04-05 02:38:42,Vanh Dai 3,41,41,0,497,497,1,1.0,0,0,Clear,mây đen u ám,24.98,83,4.78,1,2,6,4,tomtom_realtime
2026-04-05 02:38:42,Ton Duc Thang,28,28,0,408,408,1,1.0,0,0,Clear,mây đen u ám,24.98,83,4.78,1,2,6,4,tomtom_realtime
2026-04-05 02:43:47,Nguyen Trai,31,31,0,326,326,1,1.0,0,0,Clear,mây đen u ám,24.98,83,4.78,1,2,6,4,tomtom_realtime
2026-04-05 02:43:47,Vanh Dai 3,41,41,0,497,497,1,1.0,0,0,Clear,mây đen u ám,24.98,83,4.78,1,2,6,4,tomtom_realtime
2026-04-05 02:43:47,Ton Duc Thang,28,28,0,408,408,1,1.0,0,0,Clear,mây đen u ám,24.98,83,4.78,1,2,6,4,tomtom_realtime
2026-04-05 02:48:51,Nguyen Trai,31,31,0,326,326,1,1.0,0,0,Clear,mây đen u ám,24.98,83,4.78,1,2,6,4,tomtom_realtime
2026-04-05 02:48:51,Vanh Dai 3,41,41,0,497,497,1,1.0,0,0,Clear,mây đen u ám,24.98,83,4.78,1,2,6,4,tomtom_realtime
2026-04-05 02:48:51,Ton Duc Thang,28,28,0,408,408,1,1.0,0,0,Clear,mây đen u ám,24.98,83,4.78,1,2,6,4,tomtom_realtime
2026-04-05 02:53:56,Nguyen Trai,31,31,0,326,326,1,1.0,0,0,Clear,mây đen u ám,24.98,83,4.78,1,2,6,4,tomtom_realtime
2026-04-05 02:53:56,Vanh Dai 3,41,41,0,497,497,1,1.0,0,0,Clear,mây đen u ám,24.98,83,4.78,1,2,6,4,tomtom_realtime
2026-04-05 02:53:56,Ton Duc Thang,28,28,0,408,408,1,1.0,0,0,Clear,mây đen u ám,24.98,83,4.78,1,2,6,4,tomtom_realtime
2026-04-05 02:59:00,Nguyen Trai,31,31,0,326,326,1,1.0,0,0,Clear,mây đen u ám,24.98,83,4.78,1,2,6,4,tomtom_realtime
2026-04-05 02:59:00,Vanh Dai 3,41,41,0,497,497,1,1.0,0,0,Clear,mây đen u ám,24.98,83,4.78,1,2,6,4,tomtom_realtime
2026-04-05 02:59:00,Ton Duc Thang,28,28,0,408,408,1,1.0,0,0,Clear,mây đen u ám,24.98,83,4.78,1,2,6,4,tomtom_realtime
2026-04-05 03:04:04,Nguyen Trai,26,31,0.37,388,326,1.0,0.8387,0,0,Clear,mây đen u ám,24.98,83,4.78,1,3,6,4,tomtom_realtime
2026-04-05 03:04:04,Vanh Dai 3,41,41,0.0,497,497,1.0,1.0,0,0,Clear,mây đen u ám,24.98,83,4.78,1,3,6,4,tomtom_realtime
2026-04-05 03:04:04,Ton Duc Thang,28,28,0.0,408,408,1.0,1.0,0,0,Clear,mây đen u ám,24.98,83,4.78,1,3,6,4,tomtom_realtime
2026-04-05 03:09:08,Nguyen Trai,24,30,0.5,421,337,1.0,0.8,0,0,Clear,mây đen u ám,24.98,83,4.78,1,3,6,4,tomtom_realtime
2026-04-05 03:09:08,Vanh Dai 3,41,41,0.0,497,497,1.0,1.0,0,0,Clear,mây đen u ám,24.98,83,4.78,1,3,6,4,tomtom_realtime
2026-04-05 03:09:08,Ton Duc Thang,28,28,0.0,408,408,1.0,1.0,0,0,Clear,mây đen u ám,24.98,83,4.78,1,3,6,4,tomtom_realtime
2026-04-05 03:14:12,Nguyen Trai,25,31,0.46,404,326,1.0,0.8065,0,0,Clear,mây đen u ám,24.98,81,4.78,1,3,6,4,tomtom_realtime
2026-04-05 03:14:12,Vanh Dai 3,41,41,0.0,497,497,1.0,1.0,0,0,Clear,mây đen u ám,24.98,81,4.78,1,3,6,4,tomtom_realtime
2026-04-05 03:14:12,Ton Duc Thang,28,28,0.0,408,408,1.0,1.0,0,0,Clear,mây đen u ám,24.98,81,4.78,1,3,6,4,tomtom_realtime
2026-04-05 03:19:16,Nguyen Trai,23,31,0.67,439,326,1.0,0.7419,0,0,Clear,mây đen u ám,24.98,81,4.78,1,3,6,4,tomtom_realtime
2026-04-05 03:19:16,Vanh Dai 3,41,41,0.0,497,497,1.0,1.0,0,0,Clear,mây đen u ám,24.98,81,4.78,1,3,6,4,tomtom_realtime
2026-04-05 03:19:16,Ton Duc Thang,28,28,0.0,408,408,1.0,1.0,0,0,Clear,mây đen u ám,24.98,81,4.78,1,3,6,4,tomtom_realtime
2026-04-05 03:24:21,Nguyen Trai,31,31,0,326,326,1,1.0,0,0,Clear,mây đen u ám,24.98,80,4.78,1,3,6,4,tomtom_realtime
2026-04-05 03:24:21,Vanh Dai 3,41,41,0,497,497,1,1.0,0,0,Clear,mây đen u ám,24.98,80,4.78,1,3,6,4,tomtom_realtime
2026-04-05 03:24:21,Ton Duc Thang,28,28,0,408,408,1,1.0,0,0,Clear,mây đen u ám,24.98,80,4.78,1,3,6,4,tomtom_realtime
2026-04-05 03:29:25,Nguyen Trai,31,31,0,326,326,1,1.0,0,0,Clear,mây đen u ám,24.98,80,4.78,1,3,6,4,tomtom_realtime
2026-04-05 03:29:25,Vanh Dai 3,41,41,0,497,497,1,1.0,0,0,Clear,mây đen u ám,24.98,80,4.78,1,3,6,4,tomtom_realtime
2026-04-05 03:29:25,Ton Duc Thang,28,28,0,408,408,1,1.0,0,0,Clear,mây đen u ám,24.98,80,4.78,1,3,6,4,tomtom_realtime
2026-04-05 03:34:29,Nguyen Trai,31,31,0,326,326,1,1.0,0,0,Clear,mây đen u ám,24.98,83,4.47,1,3,6,4,tomtom_realtime
2026-04-05 03:34:29,Vanh Dai 3,41,41,0,497,497,1,1.0,0,0,Clear,mây đen u ám,24.98,83,4.47,1,3,6,4,tomtom_realtime
2026-04-05 03:34:29,Ton Duc Thang,28,28,0,408,408,1,1.0,0,0,Clear,mây đen u ám,24.98,83,4.47,1,3,6,4,tomtom_realtime
2026-04-05 03:39:33,Nguyen Trai,31,31,0,326,326,1,1.0,0,0,Clear,mây đen u ám,24.98,83,4.47,1,3,6,4,tomtom_realtime
2026-04-05 03:39:33,Vanh Dai 3,41,41,0,497,497,1,1.0,0,0,Clear,mây đen u ám,24.98,83,4.47,1,3,6,4,tomtom_realtime
2026-04-05 03:39:33,Ton Duc Thang,28,28,0,408,408,1,1.0,0,0,Clear,mây đen u ám,24.98,83,4.47,1,3,6,4,tomtom_realtime
2026-04-05 03:44:37,Nguyen Trai,31,31,0,326,326,1,1.0,0,0,Clear,mây đen u ám,23.98,83,4.47,1,3,6,4,tomtom_realtime
2026-04-05 03:44:37,Vanh Dai 3,41,41,0,497,497,1,1.0,0,0,Clear,mây đen u ám,23.98,83,4.47,1,3,6,4,tomtom_realtime
2026-04-05 03:44:37,Ton Duc Thang,28,28,0,408,408,1,1.0,0,0,Clear,mây đen u ám,23.98,83,4.47,1,3,6,4,tomtom_realtime
2026-04-05 03:49:41,Nguyen Trai,31,31,0,326,326,1,1.0,0,0,Clear,mây đen u ám,23.98,83,4.47,1,3,6,4,tomtom_realtime
2026-04-05 03:49:41,Vanh Dai 3,41,41,0,497,497,1,1.0,0,0,Clear,mây đen u ám,23.98,83,4.47,1,3,6,4,tomtom_realtime
2026-04-05 03:49:41,Ton Duc Thang,28,28,0,408,408,1,1.0,0,0,Clear,mây đen u ám,23.98,83,4.47,1,3,6,4,tomtom_realtime
2026-04-05 03:54:45,Nguyen Trai,31,31,0,326,326,1,1.0,0,0,Clear,mây đen u ám,23.95,85,4.47,1,3,6,4,tomtom_realtime
2026-04-05 03:54:45,Vanh Dai 3,41,41,0,497,497,1,1.0,0,0,Clear,mây đen u ám,23.95,85,4.47,1,3,6,4,tomtom_realtime
2026-04-05 03:54:45,Ton Duc Thang,28,28,0,408,408,1,1.0,0,0,Clear,mây đen u ám,23.95,85,4.47,1,3,6,4,tomtom_realtime
2026-04-05 03:59:49,Nguyen Trai,31,31,0,326,326,1,1.0,0,0,Clear,mây đen u ám,23.95,85,4.47,1,3,6,4,tomtom_realtime
2026-04-05 03:59:49,Vanh Dai 3,41,41,0,497,497,1,1.0,0,0,Clear,mây đen u ám,23.95,85,4.47,1,3,6,4,tomtom_realtime
2026-04-05 03:59:49,Ton Duc Thang,28,28,0,408,408,1,1.0,0,0,Clear,mây đen u ám,23.95,85,4.47,1,3,6,4,tomtom_realtime
2026-04-05 04:04:53,Nguyen Trai,31,31,0,326,326,1,1.0,0,0,Clear,mây đen u ám,23.98,85,4.47,1,4,6,4,tomtom_realtime
2026-04-05 04:04:53,Vanh Dai 3,41,41,0,497,497,1,1.0,0,0,Clear,mây đen u ám,23.98,85,4.47,1,4,6,4,tomtom_realtime
2026-04-05 04:04:53,Ton Duc Thang,28,28,0,408,408,1,1.0,0,0,Clear,mây đen u ám,23.98,85,4.47,1,4,6,4,tomtom_realtime
2026-04-05 04:09:57,Nguyen Trai,31,31,0,326,326,1,1.0,0,0,Clear,mây đen u ám,23.98,85,4.47,1,4,6,4,tomtom_realtime
2026-04-05 04:09:57,Vanh Dai 3,41,41,0,497,497,1,1.0,0,0,Clear,mây đen u ám,23.98,85,4.47,1,4,6,4,tomtom_realtime
2026-04-05 04:09:57,Ton Duc Thang,28,28,0,408,408,1,1.0,0,0,Clear,mây đen u ám,23.98,85,4.47,1,4,6,4,tomtom_realtime
2026-04-05 04:15:01,Nguyen Trai,31,31,0,326,326,1,1.0,0,0,Clear,mây đen u ám,23.98,84,4.47,1,4,6,4,tomtom_realtime
2026-04-05 04:15:01,Vanh Dai 3,41,41,0,497,497,1,1.0,0,0,Clear,mây đen u ám,23.98,84,4.47,1,4,6,4,tomtom_realtime
2026-04-05 04:15:01,Ton Duc Thang,28,28,0,408,408,1,1.0,0,0,Clear,mây đen u ám,23.98,84,4.47,1,4,6,4,tomtom_realtime
2026-04-05 04:20:05,Nguyen Trai,31,31,0,326,326,1,1.0,0,0,Clear,mây đen u ám,23.98,84,4.47,1,4,6,4,tomtom_realtime
2026-04-05 04:20:05,Vanh Dai 3,41,41,0,497,497,1,1.0,0,0,Clear,mây đen u ám,23.98,84,4.47,1,4,6,4,tomtom_realtime
2026-04-05 04:20:05,Ton Duc Thang,28,28,0,408,408,1,1.0,0,0,Clear,mây đen u ám,23.98,84,4.47,1,4,6,4,tomtom_realtime
2026-04-05 04:25:09,Nguyen Trai,31,31,0,326,326,1,1.0,0,0,Clear,mây đen u ám,23.95,87,4.47,1,4,6,4,tomtom_realtime
2026-04-05 04:25:09,Vanh Dai 3,41,41,0,497,497,1,1.0,0,0,Clear,mây đen u ám,23.95,87,4.47,1,4,6,4,tomtom_realtime
2026-04-05 04:25:09,Ton Duc Thang,28,28,0,408,408,1,1.0,0,0,Clear,mây đen u ám,23.95,87,4.47,1,4,6,4,tomtom_realtime
2026-04-05 04:30:13,Nguyen Trai,31,31,0,326,326,1,1.0,0,0,Clear,mây đen u ám,23.95,87,4.47,1,4,6,4,tomtom_realtime
2026-04-05 04:30:13,Vanh Dai 3,41,41,0,497,497,1,1.0,0,0,Clear,mây đen u ám,23.95,87,4.47,1,4,6,4,tomtom_realtime
2026-04-05 04:30:13,Ton Duc Thang,28,28,0,408,408,1,1.0,0,0,Clear,mây đen u ám,23.95,87,4.47,1,4,6,4,tomtom_realtime
2026-04-05 04:35:17,Nguyen Trai,31,31,0,326,326,1,1.0,0,0,Clear,mây đen u ám,23.98,87,4.47,1,4,6,4,tomtom_realtime
2026-04-05 04:35:17,Vanh Dai 3,41,41,0,497,497,1,1.0,0,0,Clear,mây đen u ám,23.98,87,4.47,1,4,6,4,tomtom_realtime
2026-04-05 04:35:17,Ton Duc Thang,28,28,0,408,408,1,1.0,0,0,Clear,mây đen u ám,23.98,87,4.47,1,4,6,4,tomtom_realtime
2026-04-05 04:40:21,Nguyen Trai,31,31,0,326,326,1,1.0,0,0,Clear,mây đen u ám,23.98,87,4.15,1,4,6,4,tomtom_realtime
2026-04-05 04:40:21,Vanh Dai 3,41,41,0,497,497,1,1.0,0,0,Clear,mây đen u ám,23.98,87,4.15,1,4,6,4,tomtom_realtime
2026-04-05 04:40:21,Ton Duc Thang,28,28,0,408,408,1,1.0,0,0,Clear,mây đen u ám,23.98,87,4.15,1,4,6,4,tomtom_realtime
2026-04-05 04:45:25,Nguyen Trai,31,31,0,326,326,1,1.0,0,0,Clear,mây đen u ám,23.98,87,4.15,1,4,6,4,tomtom_realtime
2026-04-05 04:45:25,Vanh Dai 3,41,41,0,497,497,1,1.0,0,0,Clear,mây đen u ám,23.98,87,4.15,1,4,6,4,tomtom_realtime
2026-04-05 04:45:25,Ton Duc Thang,28,28,0,408,408,1,1.0,0,0,Clear,mây đen u ám,23.98,87,4.15,1,4,6,4,tomtom_realtime
2026-04-05 04:50:29,Nguyen Trai,31,31,0,326,326,1,1.0,0,0,Clear,mây đen u ám,23.98,87,4.15,1,4,6,4,tomtom_realtime
2026-04-05 04:50:29,Vanh Dai 3,41,41,0,497,497,1,1.0,0,0,Clear,mây đen u ám,23.98,87,4.15,1,4,6,4,tomtom_realtime
2026-04-05 04:50:29,Ton Duc Thang,28,28,0,408,408,1,1.0,0,0,Clear,mây đen u ám,23.98,87,4.15,1,4,6,4,tomtom_realtime
2026-04-05 04:55:33,Nguyen Trai,31,31,0,326,326,1,1.0,0,0,Clear,mây đen u ám,23.98,87,4.15,1,4,6,4,tomtom_realtime
2026-04-05 04:55:33,Vanh Dai 3,41,41,0,497,497,1,1.0,0,0,Clear,mây đen u ám,23.98,87,4.15,1,4,6,4,tomtom_realtime
2026-04-05 04:55:33,Ton Duc Thang,28,28,0,408,408,1,1.0,0,0,Clear,mây đen u ám,23.98,87,4.15,1,4,6,4,tomtom_realtime
2026-04-05 05:00:37,Nguyen Trai,31,31,0,326,326,1,1.0,0,0,Clear,mây đen u ám,23.98,87,4.15,1,5,6,4,tomtom_realtime
2026-04-05 05:00:37,Vanh Dai 3,41,41,0,497,497,1,1.0,0,0,Clear,mây đen u ám,23.98,87,4.15,1,5,6,4,tomtom_realtime
2026-04-05 05:00:37,Ton Duc Thang,28,28,0,408,408,1,1.0,0,0,Clear,mây đen u ám,23.98,87,4.15,1,5,6,4,tomtom_realtime
2026-04-05 05:05:41,Nguyen Trai,31,31,0.0,326,326,1,1.0,0,0,Clear,mây đen u ám,23.98,87,4.15,1,5,6,4,tomtom_realtime
2026-04-05 05:05:41,Vanh Dai 3,41,41,0.0,497,497,1,1.0,0,0,Clear,mây đen u ám,23.98,87,4.15,1,5,6,4,tomtom_realtime
2026-04-05 05:05:41,Ton Duc Thang,22,28,0.58,520,408,1,0.7857,0,0,Clear,mây đen u ám,23.98,87,4.15,1,5,6,4,tomtom_realtime
2026-04-05 05:10:45,Nguyen Trai,31,31,0.0,326,326,1,1.0,0,0,Clear,mây đen u ám,23.98,87,4.15,1,5,6,4,tomtom_realtime
2026-04-05 05:10:45,Vanh Dai 3,41,41,0.0,497,497,1,1.0,0,0,Clear,mây đen u ám,23.98,87,4.15,1,5,6,4,tomtom_realtime
2026-04-05 05:10:45,Ton Duc Thang,23,28,0.47,497,408,1,0.8214,0,0,Clear,mây đen u ám,23.98,87,4.15,1,5,6,4,tomtom_realtime
2026-04-05 05:15:49,Nguyen Trai,31,31,0.0,326,326,1,1.0,0,0,Clear,mây đen u ám,23.98,87,4.15,1,5,6,4,tomtom_realtime
2026-04-05 05:15:49,Vanh Dai 3,41,41,0.0,497,497,1,1.0,0,0,Clear,mây đen u ám,23.98,87,4.15,1,5,6,4,tomtom_realtime
2026-04-05 05:15:49,Ton Duc Thang,22,28,0.58,520,408,1,0.7857,0,0,Clear,mây đen u ám,23.98,87,4.15,1,5,6,4,tomtom_realtime
2026-04-05 05:20:53,Nguyen Trai,26,31,0.37,388,326,1.0,0.8387,0,0,Clear,mây đen u ám,23.98,87,4.15,1,5,6,4,tomtom_realtime
2026-04-05 05:20:53,Vanh Dai 3,41,41,0.0,497,497,1.0,1.0,0,0,Clear,mây đen u ám,23.98,87,4.15,1,5,6,4,tomtom_realtime
2026-04-05 05:20:53,Ton Duc Thang,28,28,0.0,408,408,1.0,1.0,0,0,Clear,mây đen u ám,23.98,87,4.15,1,5,6,4,tomtom_realtime
2026-04-05 05:25:57,Nguyen Trai,24,31,0.56,421,326,1,0.7742,0,0,Clear,mây đen u ám,23.98,88,4.15,1,5,6,4,tomtom_realtime
2026-04-05 05:25:57,Vanh Dai 3,33,40,0.32,618,510,1,0.825,0,0,Clear,mây đen u ám,23.98,88,4.15,1,5,6,4,tomtom_realtime
2026-04-05 05:25:57,Ton Duc Thang,23,27,0.39,497,423,1,0.8519,0,0,Clear,mây đen u ám,23.98,88,4.15,1,5,6,4,tomtom_realtime
2026-04-05 05:31:02,Nguyen Trai,24,31,0.56,421,326,1,0.7742,0,0,Clear,mây đen u ám,23.98,88,4.15,1,5,6,4,tomtom_realtime
2026-04-05 05:31:02,Vanh Dai 3,41,41,0.0,497,497,1,1.0,0,0,Clear,mây đen u ám,23.98,88,4.15,1,5,6,4,tomtom_realtime
2026-04-05 05:31:02,Ton Duc Thang,22,28,0.58,520,408,1,0.7857,0,0,Clear,mây đen u ám,23.98,88,4.15,1,5,6,4,tomtom_realtime
2026-04-05 05:36:06,Nguyen Trai,23,31,0.67,439,326,1,0.7419,0,0,Clear,mây đen u ám,23.98,88,4.15,1,5,6,4,tomtom_realtime
2026-04-05 05:36:06,Vanh Dai 3,33,41,0.35,618,497,1,0.8049,0,0,Clear,mây đen u ám,23.98,88,4.15,1,5,6,4,tomtom_realtime
2026-04-05 05:36:06,Ton Duc Thang,28,28,0.0,408,408,1,1.0,0,0,Clear,mây đen u ám,23.98,88,4.15,1,5,6,4,tomtom_realtime
2026-04-05 05:41:10,Nguyen Trai,27,31,0.29,374,326,1,0.871,0,0,Clear,mây đen u ám,23.98,88,3.72,1,5,6,4,tomtom_realtime
2026-04-05 05:41:10,Vanh Dai 3,41,41,0.0,497,497,1,1.0,0,0,Clear,mây đen u ám,23.98,88,3.72,1,5,6,4,tomtom_realtime
2026-04-05 05:41:10,Ton Duc Thang,28,28,0.0,408,408,1,1.0,0,0,Clear,mây đen u ám,23.98,88,3.72,1,5,6,4,tomtom_realtime
2026-04-05 05:46:14,Nguyen Trai,24,31,0.56,421,326,1,0.7742,0,0,Clear,mây đen u ám,23.98,88,3.72,1,5,6,4,tomtom_realtime
2026-04-05 05:46:14,Vanh Dai 3,41,41,0.0,497,497,1,1.0,0,0,Clear,mây đen u ám,23.98,88,3.72,1,5,6,4,tomtom_realtime
2026-04-05 05:46:14,Ton Duc Thang,24,28,0.36,476,408,1,0.8571,0,0,Clear,mây đen u ám,23.98,88,3.72,1,5,6,4,tomtom_realtime
2026-04-05 05:51:18,Nguyen Trai,22,31,0.79,459,326,1,0.7097,0,0,Clear,mây đen u ám,23.98,88,3.72,1,5,6,4,tomtom_realtime
2026-04-05 05:51:18,Vanh Dai 3,41,41,0.0,497,497,1,1.0,0,0,Clear,mây đen u ám,23.98,88,3.72,1,5,6,4,tomtom_realtime
2026-04-05 05:51:18,Ton Duc Thang,28,28,0.0,408,408,1,1.0,0,0,Clear,mây đen u ám,23.98,88,3.72,1,5,6,4,tomtom_realtime
2026-04-05 05:56:22,Nguyen Trai,24,31,0.56,421,326,1,0.7742,0,0,Clear,mây đen u ám,23.98,88,3.72,1,5,6,4,tomtom_realtime
2026-04-05 05:56:22,Vanh Dai 3,41,41,0.0,497,497,1,1.0,0,0,Clear,mây đen u ám,23.98,88,3.72,1,5,6,4,tomtom_realtime
2026-04-05 05:56:22,Ton Duc Thang,22,27,0.51,520,423,1,0.8148,0,0,Clear,mây đen u ám,23.98,88,3.72,1,5,6,4,tomtom_realtime
2026-04-05 06:01:26,Nguyen Trai,23,30,0.61,439,337,1,0.7667,0,0,Clear,mây đen u ám,23.98,88,3.72,1,6,6,4,tomtom_realtime
2026-04-05 06:01:26,Vanh Dai 3,41,41,0.0,497,497,1,1.0,0,0,Clear,mây đen u ám,23.98,88,3.72,1,6,6,4,tomtom_realtime
2026-04-05 06:01:26,Ton Duc Thang,22,27,0.51,520,423,1,0.8148,0,0,Clear,mây đen u ám,23.98,88,3.72,1,6,6,4,tomtom_realtime
2026-04-05 06:06:30,Nguyen Trai,23,31,0.67,439,326,1,0.7419,0,0,Clear,mây đen u ám,23.98,88,3.72,1,6,6,4,tomtom_realtime
2026-04-05 06:06:30,Vanh Dai 3,41,41,0.0,497,497,1,1.0,0,0,Clear,mây đen u ám,23.98,88,3.72,1,6,6,4,tomtom_realtime
2026-04-05 06:06:30,Ton Duc Thang,21,28,0.71,545,408,1,0.75,0,0,Clear,mây đen u ám,23.98,88,3.72,1,6,6,4,tomtom_realtime
2026-04-05 06:11:35,Nguyen Trai,25,31,0.46,404,326,1,0.8065,0,0,Clear,mây đen u ám,23.96,88,3.72,1,6,6,4,tomtom_realtime
2026-04-05 06:11:35,Vanh Dai 3,41,41,0.0,497,497,1,1.0,0,0,Clear,mây đen u ám,23.96,88,3.72,1,6,6,4,tomtom_realtime
2026-04-05 06:11:35,Ton Duc Thang,23,28,0.47,497,408,1,0.8214,0,0,Clear,mây đen u ám,23.96,88,3.72,1,6,6,4,tomtom_realtime
2026-04-05 06:16:39,Nguyen Trai,24,30,0.5,421,337,1,0.8,0,0,Clear,mây đen u ám,23.96,88,3.72,1,6,6,4,tomtom_realtime
2026-04-05 06:16:39,Vanh Dai 3,41,41,0.0,497,497,1,1.0,0,0,Clear,mây đen u ám,23.96,88,3.72,1,6,6,4,tomtom_realtime
2026-04-05 06:16:39,Ton Duc Thang,21,28,0.71,545,408,1,0.75,0,0,Clear,mây đen u ám,23.96,88,3.72,1,6,6,4,tomtom_realtime
2026-04-05 06:21:44,Nguyen Trai,23,30,0.61,439,337,1,0.7667,0,0,Clear,mây đen u ám,23.98,92,3.72,1,6,6,4,tomtom_realtime
2026-04-05 06:21:44,Vanh Dai 3,41,41,0.0,497,497,1,1.0,0,0,Clear,mây đen u ám,23.98,92,3.72,1,6,6,4,tomtom_realtime
2026-04-05 06:21:44,Ton Duc Thang,22,27,0.51,520,423,1,0.8148,0,0,Clear,mây đen u ám,23.98,92,3.72,1,6,6,4,tomtom_realtime
2026-04-05 06:26:47,Nguyen Trai,25,31,0.46,404,326,1,0.8065,0,0,Clear,mây đen u ám,23.98,92,3.72,1,6,6,4,tomtom_realtime
2026-04-05 06:26:47,Vanh Dai 3,41,41,0.0,497,497,1,1.0,0,0,Clear,mây đen u ám,23.98,92,3.72,1,6,6,4,tomtom_realtime
2026-04-05 06:26:47,Ton Duc Thang,19,28,1.02,602,408,1,0.6786,0,0,Clear,mây đen u ám,23.98,92,3.72,1,6,6,4,tomtom_realtime
2026-04-05 06:31:51,Nguyen Trai,22,30,0.73,459,337,1,0.7333,0,0,Clear,mây đen u ám,23.98,92,3.72,1,6,6,4,tomtom_realtime
2026-04-05 06:31:51,Vanh Dai 3,41,41,0.0,497,497,1,1.0,0,0,Clear,mây đen u ám,23.98,92,3.72,1,6,6,4,tomtom_realtime
2026-04-05 06:31:51,Ton Duc Thang,19,28,1.02,602,408,1,0.6786,0,0,Clear,mây đen u ám,23.98,92,3.72,1,6,6,4,tomtom_realtime
2026-04-05 06:36:55,Nguyen Trai,22,31,0.79,459,326,1,0.7097,0,0,Clear,mây đen u ám,23.98,92,3.72,1,6,6,4,tomtom_realtime
2026-04-05 06:36:55,Vanh Dai 3,41,41,0.0,497,497,1,1.0,0,0,Clear,mây đen u ám,23.98,92,3.72,1,6,6,4,tomtom_realtime
2026-04-05 06:36:55,Ton Duc Thang,20,27,0.78,572,423,1,0.7407,0,0,Clear,mây đen u ám,23.98,92,3.72,1,6,6,4,tomtom_realtime
2026-04-05 06:41:59,Nguyen Trai,24,31,0.56,421,326,1,0.7742,0,0,Clear,mây đen u ám,23.98,91,3.58,1,6,6,4,tomtom_realtime
2026-04-05 06:41:59,Vanh Dai 3,33,39,0.28,618,523,1,0.8462,0,0,Clear,mây đen u ám,23.98,91,3.58,1,6,6,4,tomtom_realtime
2026-04-05 06:41:59,Ton Duc Thang,22,28,0.58,520,408,1,0.7857,0,0,Clear,mây đen u ám,23.98,91,3.58,1,6,6,4,tomtom_realtime
2026-04-05 06:47:04,Nguyen Trai,23,31,0.67,439,326,1,0.7419,0,0,Clear,mây đen u ám,23.98,91,3.58,1,6,6,4,tomtom_realtime
2026-04-05 06:47:04,Vanh Dai 3,32,40,0.38,637,510,1,0.8,0,0,Clear,mây đen u ám,23.98,91,3.58,1,6,6,4,tomtom_realtime
2026-04-05 06:47:04,Ton Duc Thang,20,28,0.86,572,408,1,0.7143,0,0,Clear,mây đen u ám,23.98,91,3.58,1,6,6,4,tomtom_realtime
2026-04-05 06:52:08,Nguyen Trai,20,32,1.12,505,316,1,0.625,0,0,Clear,mây đen u ám,23.96,91,3.81,1,6,6,4,tomtom_realtime
2026-04-05 06:52:08,Vanh Dai 3,33,40,0.32,618,510,1,0.825,0,0,Clear,mây đen u ám,23.96,91,3.81,1,6,6,4,tomtom_realtime
2026-04-05 06:52:08,Ton Duc Thang,20,28,0.86,572,408,1,0.7143,0,0,Clear,mây đen u ám,23.96,91,3.81,1,6,6,4,tomtom_realtime
2026-04-05 06:57:12,Nguyen Trai,24,31,0.56,421,326,1,0.7742,0,0,Clear,mây đen u ám,23.96,91,3.81,1,6,6,4,tomtom_realtime
2026-04-05 06:57:12,Vanh Dai 3,34,41,0.3,600,497,1,0.8293,0,0,Clear,mây đen u ám,23.96,91,3.81,1,6,6,4,tomtom_realtime
2026-04-05 06:57:12,Ton Duc Thang,20,28,0.86,572,408,1,0.7143,0,0,Clear,mây đen u ám,23.96,91,3.81,1,6,6,4,tomtom_realtime
2026-04-05 07:02:16,Nguyen Trai,24,31,0.56,421,326,1,0.7742,0,0,Clear,mây đen u ám,23.98,91,3.81,1,7,6,4,tomtom_realtime
2026-04-05 07:02:16,Vanh Dai 3,35,41,0.25,583,497,1,0.8537,0,0,Clear,mây đen u ám,23.98,91,3.81,1,7,6,4,tomtom_realtime
2026-04-05 07:02:16,Ton Duc Thang,21,29,0.79,545,394,1,0.7241,0,0,Clear,mây đen u ám,23.98,91,3.81,1,7,6,4,tomtom_realtime
2026-04-05 07:07:21,Nguyen Trai,31,31,0.0,326,326,1,1.0,0,0,Clear,mây đen u ám,23.98,91,3.81,1,7,6,4,tomtom_realtime
2026-04-05 07:07:21,Vanh Dai 3,31,39,0.4,658,523,1,0.7949,0,0,Clear,mây đen u ám,23.98,91,3.81,1,7,6,4,tomtom_realtime
2026-04-05 07:07:21,Ton Duc Thang,19,28,1.02,602,408,1,0.6786,0,0,Clear,mây đen u ám,23.98,91,3.81,1,7,6,4,tomtom_realtime
2026-04-05 07:12:25,Nguyen Trai,26,30,0.31,388,337,1,0.8667,0,0,Clear,mây đen u ám,23.98,91,3.81,1,7,6,4,tomtom_realtime
2026-04-05 07:12:25,Vanh Dai 3,34,40,0.26,600,510,1,0.85,0,0,Clear,mây đen u ám,23.98,91,3.81,1,7,6,4,tomtom_realtime
2026-04-05 07:12:25,Ton Duc Thang,18,29,1.26,635,394,1,0.6207,0,0,Clear,mây đen u ám,23.98,91,3.81,1,7,6,4,tomtom_realtime
2026-04-05 07:17:29,Nguyen Trai,23,31,0.67,439,326,1,0.7419,0,0,Clear,mây đen u ám,24.98,91,3.81,1,7,6,4,tomtom_realtime
2026-04-05 07:17:29,Vanh Dai 3,33,41,0.35,618,497,1,0.8049,0,0,Clear,mây đen u ám,24.98,91,3.81,1,7,6,4,tomtom_realtime
2026-04-05 07:17:29,Ton Duc Thang,19,28,1.02,602,408,1,0.6786,0,0,Clear,mây đen u ám,24.98,91,3.81,1,7,6,4,tomtom_realtime
2026-04-05 07:22:33,Nguyen Trai,23,31,0.67,439,326,1,0.7419,0,0,Clear,mây đen u ám,24.98,91,3.81,1,7,6,4,tomtom_realtime
2026-04-05 07:22:33,Vanh Dai 3,31,40,0.44,658,510,1,0.775,0,0,Clear,mây đen u ám,24.98,91,3.81,1,7,6,4,tomtom_realtime
2026-04-05 07:22:33,Ton Duc Thang,21,28,0.71,545,408,1,0.75,0,0,Clear,mây đen u ám,24.98,91,3.81,1,7,6,4,tomtom_realtime
2026-04-05 07:27:37,Nguyen Trai,22,31,0.79,459,326,1,0.7097,0,0,Clear,mây đen u ám,24.98,91,3.81,1,7,6,4,tomtom_realtime
2026-04-05 07:27:37,Vanh Dai 3,34,41,0.3,600,497,1,0.8293,0,0,Clear,mây đen u ám,24.98,91,3.81,1,7,6,4,tomtom_realtime
2026-04-05 07:27:37,Ton Duc Thang,21,28,0.71,545,408,1,0.75,0,0,Clear,mây đen u ám,24.98,91,3.81,1,7,6,4,tomtom_realtime
2026-04-05 07:32:41,Nguyen Trai,27,30,0.22,374,337,1,0.9,0,0,Clear,mây đen u ám,24.98,91,3.81,1,7,6,4,tomtom_realtime
2026-04-05 07:32:41,Vanh Dai 3,33,41,0.35,618,497,1,0.8049,0,0,Clear,mây đen u ám,24.98,91,3.81,1,7,6,4,tomtom_realtime
2026-04-05 07:32:41,Ton Duc Thang,18,28,1.19,635,408,1,0.6429,0,0,Clear,mây đen u ám,24.98,91,3.81,1,7,6,4,tomtom_realtime
2026-04-05 07:37:45,Nguyen Trai,21,31,0.92,481,326,1,0.6774,0,0,Clear,mây đen u ám,24.98,87,3.18,1,7,6,4,tomtom_realtime
2026-04-05 07:37:45,Vanh Dai 3,29,39,0.53,703,523,1,0.7436,0,0,Clear,mây đen u ám,24.98,87,3.18,1,7,6,4,tomtom_realtime
2026-04-05 07:37:45,Ton Duc Thang,20,28,0.86,572,408,1,0.7143,0,0,Clear,mây đen u ám,24.98,87,3.18,1,7,6,4,tomtom_realtime
2026-04-05 07:42:49,Nguyen Trai,23,30,0.61,439,337,1,0.7667,0,0,Clear,mây đen u ám,24.98,87,3.18,1,7,6,4,tomtom_realtime
2026-04-05 07:42:49,Vanh Dai 3,30,40,0.5,680,510,1,0.75,0,0,Clear,mây đen u ám,24.98,87,3.18,1,7,6,4,tomtom_realtime
2026-04-05 07:42:49,Ton Duc Thang,19,28,1.02,602,408,1,0.6786,0,0,Clear,mây đen u ám,24.98,87,3.18,1,7,6,4,tomtom_realtime
2026-04-05 07:47:53,Nguyen Trai,20,31,1.06,505,326,1,0.6452,0,0,Clear,mây đen u ám,24.98,87,3.18,1,7,6,4,tomtom_realtime
2026-04-05 07:47:53,Vanh Dai 3,32,41,0.41,637,497,1,0.7805,0,0,Clear,mây đen u ám,24.98,87,3.18,1,7,6,4,tomtom_realtime
2026-04-05 07:47:53,Ton Duc Thang,18,28,1.19,635,408,1,0.6429,0,0,Clear,mây đen u ám,24.98,87,3.18,1,7,6,4,tomtom_realtime
2026-04-05 07:52:58,Nguyen Trai,21,31,0.92,481,326,1,0.6774,0,0,Clear,mây đen u ám,24.98,87,3.18,1,7,6,4,tomtom_realtime
2026-04-05 07:52:58,Vanh Dai 3,31,40,0.44,658,510,1,0.775,0,0,Clear,mây đen u ám,24.98,87,3.18,1,7,6,4,tomtom_realtime
2026-04-05 07:52:58,Ton Duc Thang,18,28,1.19,635,408,1,0.6429,0,0,Clear,mây đen u ám,24.98,87,3.18,1,7,6,4,tomtom_realtime
2026-04-05 07:58:02,Nguyen Trai,21,30,0.86,481,337,1,0.7,0,0,Clear,mây đen u ám,24.98,87,3.18,1,7,6,4,tomtom_realtime
2026-04-05 07:58:02,Vanh Dai 3,31,41,0.47,658,497,1,0.7561,0,0,Clear,mây đen u ám,24.98,87,3.18,1,7,6,4,tomtom_realtime
2026-04-05 07:58:02,Ton Duc Thang,20,28,0.86,572,408,1,0.7143,0,0,Clear,mây đen u ám,24.98,87,3.18,1,7,6,4,tomtom_realtime
2026-04-05 08:03:06,Nguyen Trai,20,31,1.06,505,326,1,0.6452,0,0,Clear,mây đen u ám,24.98,87,3.18,1,8,6,4,tomtom_realtime
2026-04-05 08:03:06,Vanh Dai 3,30,41,0.54,680,497,1,0.7317,0,0,Clear,mây đen u ám,24.98,87,3.18,1,8,6,4,tomtom_realtime
2026-04-05 08:03:06,Ton Duc Thang,21,28,0.71,545,408,1,0.75,0,0,Clear,mây đen u ám,24.98,87,3.18,1,8,6,4,tomtom_realtime
2026-04-05 08:08:10,Nguyen Trai,21,30,0.86,481,337,1,0.7,0,0,Clear,mây đen u ám,24.97,87,3.18,1,8,6,4,tomtom_realtime
2026-04-05 08:08:10,Vanh Dai 3,29,41,0.61,703,497,1,0.7073,0,0,Clear,mây đen u ám,24.97,87,3.18,1,8,6,4,tomtom_realtime
2026-04-05 08:08:10,Ton Duc Thang,19,28,1.02,602,408,1,0.6786,0,0,Clear,mây đen u ám,24.97,87,3.18,1,8,6,4,tomtom_realtime
2026-04-05 08:13:14,Nguyen Trai,20,31,1.06,505,326,1,0.6452,0,0,Clear,mây đen u ám,24.98,86,3.18,1,8,6,4,tomtom_realtime
2026-04-05 08:13:14,Vanh Dai 3,31,41,0.47,658,497,1,0.7561,0,0,Clear,mây đen u ám,24.98,86,3.18,1,8,6,4,tomtom_realtime
2026-04-05 08:13:14,Ton Duc Thang,21,28,0.71,545,408,1,0.75,0,0,Clear,mây đen u ám,24.98,86,3.18,1,8,6,4,tomtom_realtime
2026-04-05 08:18:18,Nguyen Trai,23,31,0.67,439,326,1,0.7419,0,0,Clear,mây đen u ám,24.98,86,3.18,1,8,6,4,tomtom_realtime
2026-04-05 08:18:18,Vanh Dai 3,31,41,0.47,658,497,1,0.7561,0,0,Clear,mây đen u ám,24.98,86,3.18,1,8,6,4,tomtom_realtime
2026-04-05 08:18:18,Ton Duc Thang,21,28,0.71,545,408,1,0.75,0,0,Clear,mây đen u ám,24.98,86,3.18,1,8,6,4,tomtom_realtime
2026-04-05 08:23:22,Nguyen Trai,21,30,0.86,481,337,1,0.7,0,0,Clear,mây đen u ám,24.98,87,3.18,1,8,6,4,tomtom_realtime
2026-04-05 08:23:22,Vanh Dai 3,30,41,0.54,680,497,1,0.7317,0,0,Clear,mây đen u ám,24.98,87,3.18,1,8,6,4,tomtom_realtime
2026-04-05 08:23:22,Ton Duc Thang,20,28,0.86,572,408,1,0.7143,0,0,Clear,mây đen u ám,24.98,87,3.18,1,8,6,4,tomtom_realtime
2026-04-05 08:28:27,Nguyen Trai,22,32,0.85,459,316,1,0.6875,0,0,Clear,mây đen u ám,24.98,87,3.18,1,8,6,4,tomtom_realtime
2026-04-05 08:28:27,Vanh Dai 3,31,40,0.44,658,510,1,0.775,0,0,Clear,mây đen u ám,24.98,87,3.18,1,8,6,4,tomtom_realtime
2026-04-05 08:28:27,Ton Duc Thang,18,28,1.19,635,408,1,0.6429,0,0,Clear,mây đen u ám,24.98,87,3.18,1,8,6,4,tomtom_realtime
2026-04-05 08:33:31,Nguyen Trai,23,31,0.67,439,326,1,0.7419,0,0,Clear,mây đen u ám,24.98,87,3.18,1,8,6,4,tomtom_realtime
2026-04-05 08:33:31,Vanh Dai 3,31,41,0.47,658,497,1,0.7561,0,0,Clear,mây đen u ám,24.98,87,3.18,1,8,6,4,tomtom_realtime
2026-04-05 08:33:31,Ton Duc Thang,19,28,1.02,602,408,1,0.6786,0,0,Clear,mây đen u ám,24.98,87,3.18,1,8,6,4,tomtom_realtime
2026-04-05 08:38:35,Nguyen Trai,21,31,0.92,481,326,1,0.6774,0,0,Clear,mây đen u ám,24.98,80,2.84,1,8,6,4,tomtom_realtime
2026-04-05 08:38:35,Vanh Dai 3,29,41,0.61,703,497,1,0.7073,0,0,Clear,mây đen u ám,24.98,80,2.84,1,8,6,4,tomtom_realtime
2026-04-05 08:38:35,Ton Duc Thang,18,28,1.19,635,408,1,0.6429,0,0,Clear,mây đen u ám,24.98,80,2.84,1,8,6,4,tomtom_realtime
2026-04-05 08:43:39,Nguyen Trai,21,31,0.92,481,326,1,0.6774,0,0,Clear,mây đen u ám,24.98,80,2.84,1,8,6,4,tomtom_realtime
2026-04-05 08:43:39,Vanh Dai 3,28,41,0.68,729,497,1,0.6829,0,0,Clear,mây đen u ám,24.98,80,2.84,1,8,6,4,tomtom_realtime
2026-04-05 08:43:39,Ton Duc Thang,17,28,1.39,673,408,1,0.6071,0,0,Clear,mây đen u ám,24.98,80,2.84,1,8,6,4,tomtom_realtime
2026-04-05 08:48:44,Nguyen Trai,22,32,0.85,459,316,1,0.6875,0,0,Clear,mây đen u ám,24.98,80,2.84,1,8,6,4,tomtom_realtime
2026-04-05 08:48:44,Vanh Dai 3,29,41,0.61,703,497,1,0.7073,0,0,Clear,mây đen u ám,24.98,80,2.84,1,8,6,4,tomtom_realtime
2026-04-05 08:48:44,Ton Duc Thang,19,27,0.94,602,423,1,0.7037,0,0,Clear,mây đen u ám,24.98,80,2.84,1,8,6,4,tomtom_realtime
2026-04-05 08:53:47,Nguyen Trai,22,31,0.79,459,326,1,0.7097,0,0,Clear,mây đen u ám,24.98,79,2.84,1,8,6,4,tomtom_realtime
2026-04-05 08:53:47,Vanh Dai 3,31,41,0.47,658,497,1,0.7561,0,0,Clear,mây đen u ám,24.98,79,2.84,1,8,6,4,tomtom_realtime
2026-04-05 08:53:47,Ton Duc Thang,18,27,1.11,635,423,1,0.6667,0,0,Clear,mây đen u ám,24.98,79,2.84,1,8,6,4,tomtom_realtime
2026-04-05 08:58:52,Nguyen Trai,27,31,0.29,374,326,1,0.871,0,0,Clear,mây đen u ám,24.98,79,2.84,1,8,6,4,tomtom_realtime
2026-04-05 08:58:52,Vanh Dai 3,29,41,0.61,703,497,1,0.7073,0,0,Clear,mây đen u ám,24.98,79,2.84,1,8,6,4,tomtom_realtime
2026-04-05 08:58:52,Ton Duc Thang,18,29,1.26,635,394,1,0.6207,0,0,Clear,mây đen u ám,24.98,79,2.84,1,8,6,4,tomtom_realtime
2026-04-05 09:03:56,Nguyen Trai,22,30,0.73,459,337,1,0.7333,0,0,Clear,mây đen u ám,24.98,83,2.84,1,9,6,4,tomtom_realtime
2026-04-05 09:03:56,Vanh Dai 3,32,40,0.38,637,510,1,0.8,0,0,Clear,mây đen u ám,24.98,83,2.84,1,9,6,4,tomtom_realtime
2026-04-05 09:03:56,Ton Duc Thang,19,28,1.02,602,408,1,0.6786,0,0,Clear,mây đen u ám,24.98,83,2.84,1,9,6,4,tomtom_realtime
2026-04-05 09:09:00,Nguyen Trai,20,31,1.06,505,326,1,0.6452,0,0,Clear,mây đen u ám,24.98,83,2.84,1,9,6,4,tomtom_realtime
2026-04-05 09:09:00,Vanh Dai 3,30,40,0.5,680,510,1,0.75,0,0,Clear,mây đen u ám,24.98,83,2.84,1,9,6,4,tomtom_realtime
2026-04-05 09:09:00,Ton Duc Thang,18,28,1.19,635,408,1,0.6429,0,0,Clear,mây đen u ám,24.98,83,2.84,1,9,6,4,tomtom_realtime
2026-04-05 09:14:04,Nguyen Trai,23,31,0.67,439,326,1,0.7419,0,0,Clear,mây đen u ám,24.98,83,2.84,1,9,6,4,tomtom_realtime
2026-04-05 09:14:04,Vanh Dai 3,31,40,0.44,658,510,1,0.775,0,0,Clear,mây đen u ám,24.98,83,2.84,1,9,6,4,tomtom_realtime
2026-04-05 09:14:04,Ton Duc Thang,19,28,1.02,602,408,1,0.6786,0,0,Clear,mây đen u ám,24.98,83,2.84,1,9,6,4,tomtom_realtime
2026-04-05 09:19:08,Nguyen Trai,21,30,0.86,481,337,1,0.7,0,0,Clear,mây đen u ám,24.98,84,2.84,1,9,6,4,tomtom_realtime
2026-04-05 09:19:08,Vanh Dai 3,29,41,0.61,703,497,1,0.7073,0,0,Clear,mây đen u ám,24.98,84,2.84,1,9,6,4,tomtom_realtime
2026-04-05 09:19:08,Ton Duc Thang,17,28,1.39,673,408,1,0.6071,0,0,Clear,mây đen u ám,24.98,84,2.84,1,9,6,4,tomtom_realtime
2026-04-05 09:24:12,Nguyen Trai,22,31,0.79,459,326,1,0.7097,0,0,Clear,mây đen u ám,24.98,84,2.84,1,9,6,4,tomtom_realtime
2026-04-05 09:24:12,Vanh Dai 3,27,39,0.68,756,523,1,0.6923,0,0,Clear,mây đen u ám,24.98,84,2.84,1,9,6,4,tomtom_realtime
2026-04-05 09:24:12,Ton Duc Thang,17,28,1.39,673,408,1,0.6071,0,0,Clear,mây đen u ám,24.98,84,2.84,1,9,6,4,tomtom_realtime
2026-04-05 09:29:16,Nguyen Trai,22,31,0.79,459,326,1,0.7097,0,0,Clear,mây đen u ám,24.98,84,2.84,1,9,6,4,tomtom_realtime
2026-04-05 09:29:16,Vanh Dai 3,29,41,0.61,703,497,1,0.7073,0,0,Clear,mây đen u ám,24.98,84,2.84,1,9,6,4,tomtom_realtime
2026-04-05 09:29:16,Ton Duc Thang,16,29,1.68,715,394,1,0.5517,0,0,Clear,mây đen u ám,24.98,84,2.84,1,9,6,4,tomtom_realtime
2026-04-05 09:34:20,Nguyen Trai,25,31,0.46,404,326,1,0.8065,0,0,Clear,mây đen u ám,24.98,84,2.84,1,9,6,4,tomtom_realtime
2026-04-05 09:34:20,Vanh Dai 3,27,40,0.72,756,510,1,0.675,0,0,Clear,mây đen u ám,24.98,84,2.84,1,9,6,4,tomtom_realtime
2026-04-05 09:34:20,Ton Duc Thang,18,29,1.26,635,394,1,0.6207,0,0,Clear,mây đen u ám,24.98,84,2.84,1,9,6,4,tomtom_realtime
2026-04-05 09:39:24,Nguyen Trai,21,30,0.86,481,337,1,0.7,0,0,Clear,mây đen u ám,24.98,74,2.04,1,9,6,4,tomtom_realtime
2026-04-05 09:39:24,Vanh Dai 3,28,41,0.68,729,497,1,0.6829,0,0,Clear,mây đen u ám,24.98,74,2.04,1,9,6,4,tomtom_realtime
2026-04-05 09:39:24,Ton Duc Thang,17,29,1.46,673,394,1,0.5862,0,0,Clear,mây đen u ám,24.98,74,2.04,1,9,6,4,tomtom_realtime
2026-04-05 09:44:28,Nguyen Trai,22,30,0.73,459,337,1,0.7333,0,0,Clear,mây đen u ám,24.98,74,2.04,1,9,6,4,tomtom_realtime
2026-04-05 09:44:28,Vanh Dai 3,28,41,0.68,729,497,1,0.6829,0,0,Clear,mây đen u ám,24.98,74,2.04,1,9,6,4,tomtom_realtime
2026-04-05 09:44:28,Ton Duc Thang,18,28,1.19,635,408,1,0.6429,0,0,Clear,mây đen u ám,24.98,74,2.04,1,9,6,4,tomtom_realtime
2026-04-05 09:49:32,Nguyen Trai,20,30,1.0,505,337,1,0.6667,0,0,Clear,mây đen u ám,25.98,74,2.04,1,9,6,4,tomtom_realtime
2026-04-05 09:49:32,Vanh Dai 3,28,40,0.64,729,510,1,0.7,0,0,Clear,mây đen u ám,25.98,74,2.04,1,9,6,4,tomtom_realtime
2026-04-05 09:49:32,Ton Duc Thang,18,28,1.19,635,408,1,0.6429,0,0,Clear,mây đen u ám,25.98,74,2.04,1,9,6,4,tomtom_realtime
2026-04-05 09:54:37,Nguyen Trai,21,31,0.92,481,326,1,0.6774,0,0,Clear,mây đen u ám,25.98,74,2.04,1,9,6,4,tomtom_realtime
2026-04-05 09:54:37,Vanh Dai 3,31,41,0.47,658,497,1,0.7561,0,0,Clear,mây đen u ám,25.98,74,2.04,1,9,6,4,tomtom_realtime
2026-04-05 09:54:37,Ton Duc Thang,17,28,1.39,673,408,1,0.6071,0,0,Clear,mây đen u ám,25.98,74,2.04,1,9,6,4,tomtom_realtime
2026-04-05 09:59:41,Nguyen Trai,20,31,1.06,505,326,1,0.6452,0,0,Clear,mây đen u ám,25.98,74,2.04,1,9,6,4,tomtom_realtime
2026-04-05 09:59:41,Vanh Dai 3,28,40,0.64,729,510,1,0.7,0,0,Clear,mây đen u ám,25.98,74,2.04,1,9,6,4,tomtom_realtime
2026-04-05 09:59:41,Ton Duc Thang,15,29,1.93,763,394,1,0.5172,0,0,Clear,mây đen u ám,25.98,74,2.04,1,9,6,4,tomtom_realtime
2026-04-05 10:04:45,Nguyen Trai,22,30,0.73,459,337,1,0.7333,0,0,Clear,mây đen u ám,25.98,74,2.04,1,10,6,4,tomtom_realtime
2026-04-05 10:04:45,Vanh Dai 3,28,41,0.68,729,497,1,0.6829,0,0,Clear,mây đen u ám,25.98,74,2.04,1,10,6,4,tomtom_realtime
2026-04-05 10:04:45,Ton Duc Thang,16,28,1.61,715,408,1,0.5714,0,0,Clear,mây đen u ám,25.98,74,2.04,1,10,6,4,tomtom_realtime
2026-04-05 10:09:50,Nguyen Trai,21,30,0.86,481,337,1,0.7,0,0,Clear,mây đen u ám,25.98,74,2.04,1,10,6,4,tomtom_realtime
2026-04-05 10:09:50,Vanh Dai 3,28,42,0.71,729,486,1,0.6667,0,0,Clear,mây đen u ám,25.98,74,2.04,1,10,6,4,tomtom_realtime
2026-04-05 10:09:50,Ton Duc Thang,15,27,1.78,763,423,1,0.5556,0,0,Clear,mây đen u ám,25.98,74,2.04,1,10,6,4,tomtom_realtime
2026-04-05 10:14:54,Nguyen Trai,20,31,1.06,505,326,1,0.6452,0,0,Clear,mây đen u ám,25.98,80,2.04,1,10,6,4,tomtom_realtime
2026-04-05 10:14:54,Vanh Dai 3,26,41,0.84,785,497,1,0.6341,0,0,Clear,mây đen u ám,25.98,80,2.04,1,10,6,4,tomtom_realtime
2026-04-05 10:14:54,Ton Duc Thang,16,28,1.61,715,408,1,0.5714,0,0,Clear,mây đen u ám,25.98,80,2.04,1,10,6,4,tomtom_realtime
2026-04-05 10:19:58,Nguyen Trai,18,30,1.33,561,337,1,0.6,0,0,Clear,mây đen u ám,25.98,80,2.04,1,10,6,4,tomtom_realtime
2026-04-05 10:19:58,Vanh Dai 3,28,40,0.64,729,510,1,0.7,0,0,Clear,mây đen u ám,25.98,80,2.04,1,10,6,4,tomtom_realtime
2026-04-05 10:19:58,Ton Duc Thang,19,28,1.02,602,408,1,0.6786,0,0,Clear,mây đen u ám,25.98,80,2.04,1,10,6,4,tomtom_realtime
2026-04-05 10:25:02,Nguyen Trai,22,30,0.73,459,337,1,0.7333,0,0,Clear,mây đen u ám,25.98,82,2.04,1,10,6,4,tomtom_realtime
2026-04-05 10:25:02,Vanh Dai 3,29,41,0.61,703,497,1,0.7073,0,0,Clear,mây đen u ám,25.98,82,2.04,1,10,6,4,tomtom_realtime
2026-04-05 10:25:02,Ton Duc Thang,19,28,1.02,602,408,1,0.6786,0,0,Clear,mây đen u ám,25.98,82,2.04,1,10,6,4,tomtom_realtime
2026-04-05 10:30:06,Nguyen Trai,24,31,0.56,421,326,1,0.7742,0,0,Clear,mây đen u ám,25.98,82,2.04,1,10,6,4,tomtom_realtime
2026-04-05 10:30:06,Vanh Dai 3,30,41,0.54,680,497,1,0.7317,0,0,Clear,mây đen u ám,25.98,82,2.04,1,10,6,4,tomtom_realtime
2026-04-05 10:30:06,Ton Duc Thang,18,29,1.26,635,394,1,0.6207,0,0,Clear,mây đen u ám,25.98,82,2.04,1,10,6,4,tomtom_realtime
2026-04-05 10:35:10,Nguyen Trai,24,31,0.56,421,326,1,0.7742,0,0,Clear,mây đen u ám,25.98,82,2.04,1,10,6,4,tomtom_realtime
2026-04-05 10:35:10,Vanh Dai 3,29,40,0.57,703,510,1,0.725,0,0,Clear,mây đen u ám,25.98,82,2.04,1,10,6,4,tomtom_realtime
2026-04-05 10:35:10,Ton Duc Thang,18,28,1.19,635,408,1,0.6429,0,0,Clear,mây đen u ám,25.98,82,2.04,1,10,6,4,tomtom_realtime
2026-04-05 10:40:15,Nguyen Trai,20,30,1.0,505,337,1,0.6667,0,0,Clear,mây cụm,25.98,69,1.97,1,10,6,4,tomtom_realtime
2026-04-05 10:40:15,Vanh Dai 3,29,41,0.61,703,497,1,0.7073,0,0,Clear,mây cụm,25.98,69,1.97,1,10,6,4,tomtom_realtime
2026-04-05 10:40:15,Ton Duc Thang,18,28,1.19,635,408,1,0.6429,0,0,Clear,mây cụm,25.98,69,1.97,1,10,6,4,tomtom_realtime
2026-04-05 10:45:19,Nguyen Trai,21,31,0.92,481,326,1,0.6774,0,0,Clear,mây cụm,25.98,69,1.97,1,10,6,4,tomtom_realtime
2026-04-05 10:45:19,Vanh Dai 3,28,41,0.68,729,497,1,0.6829,0,0,Clear,mây cụm,25.98,69,1.97,1,10,6,4,tomtom_realtime
2026-04-05 10:45:19,Ton Duc Thang,15,28,1.86,763,408,1,0.5357,0,0,Clear,mây cụm,25.98,69,1.97,1,10,6,4,tomtom_realtime
2026-04-05 10:50:23,Nguyen Trai,21,31,0.92,481,326,1,0.6774,0,0,Clear,mây cụm,25.95,69,1.97,1,10,6,4,tomtom_realtime
2026-04-05 10:50:23,Vanh Dai 3,27,41,0.76,756,497,1,0.6585,0,0,Clear,mây cụm,25.95,69,1.97,1,10,6,4,tomtom_realtime
2026-04-05 10:50:23,Ton Duc Thang,17,29,1.46,673,394,1,0.5862,0,0,Clear,mây cụm,25.95,69,1.97,1,10,6,4,tomtom_realtime
2026-04-05 10:55:27,Nguyen Trai,24,30,0.5,421,337,1,0.8,0,0,Clear,mây cụm,25.98,68,1.97,1,10,6,4,tomtom_realtime
2026-04-05 10:55:27,Vanh Dai 3,28,41,0.68,729,497,1,0.6829,0,0,Clear,mây cụm,25.98,68,1.97,1,10,6,4,tomtom_realtime
2026-04-05 10:55:27,Ton Duc Thang,18,29,1.26,635,394,1,0.6207,0,0,Clear,mây cụm,25.98,68,1.97,1,10,6,4,tomtom_realtime
2026-04-05 11:00:31,Nguyen Trai,19,31,1.22,532,326,1,0.6129,0,0,Clear,mây cụm,25.98,68,1.97,1,11,6,4,tomtom_realtime
2026-04-05 11:00:31,Vanh Dai 3,27,41,0.76,756,497,1,0.6585,0,0,Clear,mây cụm,25.98,68,1.97,1,11,6,4,tomtom_realtime
2026-04-05 11:00:31,Ton Duc Thang,18,29,1.26,635,394,1,0.6207,0,0,Clear,mây cụm,25.98,68,1.97,1,11,6,4,tomtom_realtime
2026-04-05 11:05:35,Nguyen Trai,20,31,1.06,505,326,1,0.6452,0,0,Clear,mây cụm,25.98,68,1.97,1,11,6,4,tomtom_realtime
2026-04-05 11:05:35,Vanh Dai 3,26,41,0.84,785,497,1,0.6341,0,0,Clear,mây cụm,25.98,68,1.97,1,11,6,4,tomtom_realtime
2026-04-05 11:05:35,Ton Duc Thang,18,28,1.19,635,408,1,0.6429,0,0,Clear,mây cụm,25.98,68,1.97,1,11,6,4,tomtom_realtime
2026-04-05 11:10:40,Nguyen Trai,21,30,0.86,481,337,1,0.7,0,0,Clear,mây cụm,26.98,77,1.97,1,11,6,4,tomtom_realtime
2026-04-05 11:10:40,Vanh Dai 3,28,41,0.68,729,497,1,0.6829,0,0,Clear,mây cụm,26.98,77,1.97,1,11,6,4,tomtom_realtime
2026-04-05 11:10:40,Ton Duc Thang,17,27,1.31,673,423,1,0.6296,0,0,Clear,mây cụm,26.98,77,1.97,1,11,6,4,tomtom_realtime
2026-04-05 11:15:44,Nguyen Trai,24,31,0.56,421,326,1,0.7742,0,0,Clear,mây cụm,26.98,77,1.97,1,11,6,4,tomtom_realtime
2026-04-05 11:15:44,Vanh Dai 3,27,41,0.76,756,497,1,0.6585,0,0,Clear,mây cụm,26.98,77,1.97,1,11,6,4,tomtom_realtime
2026-04-05 11:15:44,Ton Duc Thang,17,28,1.39,673,408,1,0.6071,0,0,Clear,mây cụm,26.98,77,1.97,1,11,6,4,tomtom_realtime
2026-04-05 11:20:48,Nguyen Trai,22,30,0.73,459,337,1,0.7333,0,0,Clear,mây cụm,26.98,75,1.97,1,11,6,4,tomtom_realtime
2026-04-05 11:20:48,Vanh Dai 3,30,41,0.54,680,497,1,0.7317,0,0,Clear,mây cụm,26.98,75,1.97,1,11,6,4,tomtom_realtime
2026-04-05 11:20:48,Ton Duc Thang,18,28,1.19,635,408,1,0.6429,0,0,Clear,mây cụm,26.98,75,1.97,1,11,6,4,tomtom_realtime
2026-04-05 11:25:53,Nguyen Trai,21,31,0.92,481,326,1,0.6774,0,0,Clear,mây cụm,26.98,75,1.97,1,11,6,4,tomtom_realtime
2026-04-05 11:25:53,Vanh Dai 3,29,40,0.57,703,510,1,0.725,0,0,Clear,mây cụm,26.98,75,1.97,1,11,6,4,tomtom_realtime
2026-04-05 11:25:53,Ton Duc Thang,18,28,1.19,635,408,1,0.6429,0,0,Clear,mây cụm,26.98,75,1.97,1,11,6,4,tomtom_realtime
2026-04-05 11:30:57,Nguyen Trai,25,31,0.46,404,326,1,0.8065,0,0,Clear,mây cụm,26.98,75,1.97,1,11,6,4,tomtom_realtime
2026-04-05 11:30:57,Vanh Dai 3,27,41,0.76,756,497,1,0.6585,0,0,Clear,mây cụm,26.98,75,1.97,1,11,6,4,tomtom_realtime
2026-04-05 11:30:57,Ton Duc Thang,19,28,1.02,602,408,1,0.6786,0,0,Clear,mây cụm,26.98,75,1.97,1,11,6,4,tomtom_realtime
2026-04-05 11:36:00,Nguyen Trai,25,31,0.46,404,326,1,0.8065,0,0,Clear,mây cụm,26.98,75,1.97,1,11,6,4,tomtom_realtime
2026-04-05 11:36:00,Vanh Dai 3,29,41,0.61,703,497,1,0.7073,0,0,Clear,mây cụm,26.98,75,1.97,1,11,6,4,tomtom_realtime
2026-04-05 11:36:00,Ton Duc Thang,16,29,1.68,715,394,1,0.5517,0,0,Clear,mây cụm,26.98,75,1.97,1,11,6,4,tomtom_realtime
2026-04-05 11:41:04,Nguyen Trai,23,31,0.67,439,326,1,0.7419,0,0,Clear,mây cụm,26.98,63,2.38,1,11,6,4,tomtom_realtime
2026-04-05 11:41:04,Vanh Dai 3,27,39,0.68,756,523,1,0.6923,0,0,Clear,mây cụm,26.98,63,2.38,1,11,6,4,tomtom_realtime
2026-04-05 11:41:04,Ton Duc Thang,16,27,1.53,715,423,1,0.5926,0,0,Clear,mây cụm,26.98,63,2.38,1,11,6,4,tomtom_realtime
2026-04-05 11:46:08,Nguyen Trai,23,31,0.67,439,326,1,0.7419,0,0,Clear,mây cụm,26.98,63,2.38,1,11,6,4,tomtom_realtime
2026-04-05 11:46:08,Vanh Dai 3,31,40,0.44,658,510,1,0.775,0,0,Clear,mây cụm,26.98,63,2.38,1,11,6,4,tomtom_realtime
2026-04-05 11:46:08,Ton Duc Thang,18,28,1.19,635,408,1,0.6429,0,0,Clear,mây cụm,26.98,63,2.38,1,11,6,4,tomtom_realtime
2026-04-05 11:51:12,Nguyen Trai,25,32,0.52,404,316,1,0.7812,0,0,Clear,mây cụm,26.98,61,2.38,1,11,6,4,tomtom_realtime
2026-04-05 11:51:12,Vanh Dai 3,30,40,0.5,680,510,1,0.75,0,0,Clear,mây cụm,26.98,61,2.38,1,11,6,4,tomtom_realtime
2026-04-05 11:51:12,Ton Duc Thang,17,27,1.31,673,423,1,0.6296,0,0,Clear,mây cụm,26.98,61,2.38,1,11,6,4,tomtom_realtime
2026-04-05 11:56:16,Nguyen Trai,23,31,0.67,439,326,1,0.7419,0,0,Clear,mây cụm,26.98,61,2.38,1,11,6,4,tomtom_realtime
2026-04-05 11:56:16,Vanh Dai 3,29,41,0.61,703,497,1,0.7073,0,0,Clear,mây cụm,26.98,61,2.38,1,11,6,4,tomtom_realtime
2026-04-05 11:56:16,Ton Duc Thang,17,28,1.39,673,408,1,0.6071,0,0,Clear,mây cụm,26.98,61,2.38,1,11,6,4,tomtom_realtime
2026-04-05 12:01:21,Nguyen Trai,23,30,0.61,439,337,1,0.7667,0,0,Clear,mây cụm,26.98,71,2.38,1,12,6,4,tomtom_realtime
2026-04-05 12:01:21,Vanh Dai 3,29,40,0.57,703,510,1,0.725,0,0,Clear,mây cụm,26.98,71,2.38,1,12,6,4,tomtom_realtime
2026-04-05 12:01:21,Ton Duc Thang,19,28,1.02,602,408,1,0.6786,0,0,Clear,mây cụm,26.98,71,2.38,1,12,6,4,tomtom_realtime
2026-04-05 12:06:25,Nguyen Trai,19,31,1.22,532,326,1,0.6129,0,0,Clear,mây cụm,26.98,71,2.38,1,12,6,4,tomtom_realtime
2026-04-05 12:06:25,Vanh Dai 3,29,40,0.57,703,510,1,0.725,0,0,Clear,mây cụm,26.98,71,2.38,1,12,6,4,tomtom_realtime
2026-04-05 12:06:25,Ton Duc Thang,20,28,0.86,572,408,1,0.7143,0,0,Clear,mây cụm,26.98,71,2.38,1,12,6,4,tomtom_realtime
2026-04-05 12:11:29,Nguyen Trai,24,31,0.56,421,326,1,0.7742,0,0,Clear,mây cụm,27.98,71,2.38,1,12,6,4,tomtom_realtime
2026-04-05 12:11:29,Vanh Dai 3,29,41,0.61,703,497,1,0.7073,0,0,Clear,mây cụm,27.98,71,2.38,1,12,6,4,tomtom_realtime
2026-04-05 12:11:29,Ton Duc Thang,21,29,0.79,545,394,1,0.7241,0,0,Clear,mây cụm,27.98,71,2.38,1,12,6,4,tomtom_realtime
2026-04-05 12:16:33,Nguyen Trai,20,31,1.06,505,326,1,0.6452,0,0,Clear,mây cụm,27.98,71,2.38,1,12,6,4,tomtom_realtime
2026-04-05 12:16:33,Vanh Dai 3,30,41,0.54,680,497,1,0.7317,0,0,Clear,mây cụm,27.98,71,2.38,1,12,6,4,tomtom_realtime
2026-04-05 12:16:33,Ton Duc Thang,19,28,1.02,602,408,1,0.6786,0,0,Clear,mây cụm,27.98,71,2.38,1,12,6,4,tomtom_realtime
2026-04-05 12:21:36,Nguyen Trai,23,30,0.61,439,337,1,0.7667,0,0,Clear,mây cụm,27.98,71,2.38,1,12,6,4,tomtom_realtime
2026-04-05 12:21:36,Vanh Dai 3,29,40,0.57,703,510,1,0.725,0,0,Clear,mây cụm,27.98,71,2.38,1,12,6,4,tomtom_realtime
2026-04-05 12:21:36,Ton Duc Thang,20,28,0.86,572,408,1,0.7143,0,0,Clear,mây cụm,27.98,71,2.38,1,12,6,4,tomtom_realtime
2026-04-05 12:26:40,Nguyen Trai,24,31,0.56,421,326,1,0.7742,0,0,Clear,mây cụm,27.98,70,2.38,1,12,6,4,tomtom_realtime
2026-04-05 12:26:40,Vanh Dai 3,31,40,0.44,658,510,1,0.775,0,0,Clear,mây cụm,27.98,70,2.38,1,12,6,4,tomtom_realtime
2026-04-05 12:26:40,Ton Duc Thang,22,28,0.58,520,408,1,0.7857,0,0,Clear,mây cụm,27.98,70,2.38,1,12,6,4,tomtom_realtime
2026-04-05 12:31:45,Nguyen Trai,31,31,0.0,326,326,1,1.0,0,0,Clear,mây cụm,27.98,70,2.38,1,12,6,4,tomtom_realtime
2026-04-05 12:31:45,Vanh Dai 3,30,41,0.54,680,497,1,0.7317,0,0,Clear,mây cụm,27.98,70,2.38,1,12,6,4,tomtom_realtime
2026-04-05 12:31:45,Ton Duc Thang,18,27,1.11,635,423,1,0.6667,0,0,Clear,mây cụm,27.98,70,2.38,1,12,6,4,tomtom_realtime
2026-04-05 12:36:49,Nguyen Trai,24,31,0.56,421,326,1,0.7742,0,0,Clear,mây rải rác,27.98,57,1.09,1,12,6,4,tomtom_realtime
2026-04-05 12:36:49,Vanh Dai 3,32,41,0.41,637,497,1,0.7805,0,0,Clear,mây rải rác,27.98,57,1.09,1,12,6,4,tomtom_realtime
2026-04-05 12:36:49,Ton Duc Thang,20,27,0.78,572,423,1,0.7407,0,0,Clear,mây rải rác,27.98,57,1.09,1,12,6,4,tomtom_realtime
2026-04-05 12:41:54,Nguyen Trai,22,31,0.79,459,326,1,0.7097,0,0,Clear,mây cụm,27.98,70,2.38,1,12,6,4,tomtom_realtime
2026-04-05 12:41:54,Vanh Dai 3,30,39,0.46,680,523,1,0.7692,0,0,Clear,mây cụm,27.98,70,2.38,1,12,6,4,tomtom_realtime
2026-04-05 12:41:54,Ton Duc Thang,18,28,1.19,635,408,1,0.6429,0,0,Clear,mây cụm,27.98,70,2.38,1,12,6,4,tomtom_realtime
2026-04-05 12:46:58,Nguyen Trai,21,30,0.86,481,337,1,0.7,0,0,Clear,mây rải rác,27.97,57,1.09,1,12,6,4,tomtom_realtime
2026-04-05 12:46:58,Vanh Dai 3,30,41,0.54,680,497,1,0.7317,0,0,Clear,mây rải rác,27.97,57,1.09,1,12,6,4,tomtom_realtime
2026-04-05 12:46:58,Ton Duc Thang,21,28,0.71,545,408,1,0.75,0,0,Clear,mây rải rác,27.97,57,1.09,1,12,6,4,tomtom_realtime
2026-04-05 12:52:02,Nguyen Trai,24,31,0.56,421,326,1,0.7742,0,0,Clear,mây rải rác,27.97,57,1.09,1,12,6,4,tomtom_realtime
2026-04-05 12:52:02,Vanh Dai 3,30,41,0.54,680,497,1,0.7317,0,0,Clear,mây rải rác,27.97,57,1.09,1,12,6,4,tomtom_realtime
2026-04-05 12:52:02,Ton Duc Thang,21,28,0.71,545,408,1,0.75,0,0,Clear,mây rải rác,27.97,57,1.09,1,12,6,4,tomtom_realtime
2026-04-05 12:57:05,Nguyen Trai,25,31,0.46,404,326,1,0.8065,0,0,Clear,mây rải rác,27.98,57,1.84,1,12,6,4,tomtom_realtime
2026-04-05 12:57:05,Vanh Dai 3,31,41,0.47,658,497,1,0.7561,0,0,Clear,mây rải rác,27.98,57,1.84,1,12,6,4,tomtom_realtime
2026-04-05 12:57:05,Ton Duc Thang,17,27,1.31,673,423,1,0.6296,0,0,Clear,mây rải rác,27.98,57,1.84,1,12,6,4,tomtom_realtime
2026-04-05 13:02:09,Nguyen Trai,26,31,0.37,388,326,1,0.8387,0,0,Clear,mây rải rác,27.98,57,1.84,1,13,6,4,tomtom_realtime
2026-04-05 13:02:09,Vanh Dai 3,31,41,0.47,658,497,1,0.7561,0,0,Clear,mây rải rác,27.98,57,1.84,1,13,6,4,tomtom_realtime
2026-04-05 13:02:09,Ton Duc Thang,19,28,1.02,602,408,1,0.6786,0,0,Clear,mây rải rác,27.98,57,1.84,1,13,6,4,tomtom_realtime
2026-04-05 13:07:14,Nguyen Trai,26,31,0.37,388,326,1,0.8387,0,0,Clear,mây rải rác,27.98,57,1.84,1,13,6,4,tomtom_realtime
2026-04-05 13:07:14,Vanh Dai 3,29,40,0.57,703,510,1,0.725,0,0,Clear,mây rải rác,27.98,57,1.84,1,13,6,4,tomtom_realtime
2026-04-05 13:07:14,Ton Duc Thang,20,28,0.86,572,408,1,0.7143,0,0,Clear,mây rải rác,27.98,57,1.84,1,13,6,4,tomtom_realtime
2026-04-05 13:12:20,Nguyen Trai,20,30,1.0,505,337,1,0.6667,0,0,Clear,mây rải rác,27.98,57,1.84,1,13,6,4,tomtom_realtime
2026-04-05 13:12:20,Vanh Dai 3,32,41,0.41,637,497,1,0.7805,0,0,Clear,mây rải rác,27.98,57,1.84,1,13,6,4,tomtom_realtime
2026-04-05 13:12:20,Ton Duc Thang,19,28,1.02,602,408,1,0.6786,0,0,Clear,mây rải rác,27.98,57,1.84,1,13,6,4,tomtom_realtime
2026-04-05 13:17:27,Nguyen Trai,22,31,0.79,459,326,1,0.7097,0,0,Clear,mây rải rác,29.98,57,1.84,1,13,6,4,tomtom_realtime
2026-04-05 13:17:27,Vanh Dai 3,30,41,0.54,680,497,1,0.7317,0,0,Clear,mây rải rác,29.98,57,1.84,1,13,6,4,tomtom_realtime
2026-04-05 13:17:27,Ton Duc Thang,18,28,1.19,635,408,1,0.6429,0,0,Clear,mây rải rác,29.98,57,1.84,1,13,6,4,tomtom_realtime
2026-04-05 13:22:32,Nguyen Trai,25,30,0.4,404,337,1,0.8333,0,0,Clear,mây rải rác,29.98,57,1.84,1,13,6,4,tomtom_realtime
2026-04-05 13:22:32,Ton Duc Thang,18,28,1.19,635,408,1,0.6429,0,0,Clear,mây rải rác,29.98,57,1.84,1,13,6,4,tomtom_realtime
2026-04-05 13:27:48,Nguyen Trai,22,30,0.73,459,337,1,0.7333,0,0,Clear,mây rải rác,29.98,57,1.84,1,13,6,4,tomtom_realtime
2026-04-05 13:27:48,Vanh Dai 3,30,41,0.54,680,497,1,0.7317,0,0,Clear,mây rải rác,29.98,57,1.84,1,13,6,4,tomtom_realtime
2026-04-05 13:27:48,Ton Duc Thang,19,28,1.02,602,408,1,0.6786,0,0,Clear,mây rải rác,29.98,57,1.84,1,13,6,4,tomtom_realtime
2026-04-05 13:32:53,Nguyen Trai,23,31,0.67,439,326,1,0.7419,0,0,Clear,mây rải rác,29.98,57,1.84,1,13,6,4,tomtom_realtime
2026-04-05 13:32:53,Vanh Dai 3,32,42,0.45,637,486,1,0.7619,0,0,Clear,mây rải rác,29.98,57,1.84,1,13,6,4,tomtom_realtime
2026-04-05 13:32:53,Ton Duc Thang,19,27,0.94,602,423,1,0.7037,0,0,Clear,mây rải rác,29.98,57,1.84,1,13,6,4,tomtom_realtime
2026-04-05 13:37:58,Nguyen Trai,23,31,0.67,439,326,1,0.7419,0,0,Clear,bầu trời quang đãng,29.98,46,2.81,1,13,6,4,tomtom_realtime
2026-04-05 13:37:58,Vanh Dai 3,31,41,0.47,658,497,1,0.7561,0,0,Clear,bầu trời quang đãng,29.98,46,2.81,1,13,6,4,tomtom_realtime
2026-04-05 13:37:58,Ton Duc Thang,20,28,0.86,572,408,1,0.7143,0,0,Clear,bầu trời quang đãng,29.98,46,2.81,1,13,6,4,tomtom_realtime
2026-04-05 13:43:03,Nguyen Trai,23,31,0.67,439,326,1,0.7419,0,0,Clear,bầu trời quang đãng,29.98,46,2.81,1,13,6,4,tomtom_realtime
2026-04-05 13:43:03,Vanh Dai 3,27,41,0.76,756,497,1,0.6585,0,0,Clear,bầu trời quang đãng,29.98,46,2.81,1,13,6,4,tomtom_realtime
2026-04-05 13:43:03,Ton Duc Thang,18,28,1.19,635,408,1,0.6429,0,0,Clear,bầu trời quang đãng,29.98,46,2.81,1,13,6,4,tomtom_realtime
2026-04-05 13:48:07,Nguyen Trai,21,31,0.92,481,326,1,0.6774,0,0,Clear,bầu trời quang đãng,29.98,46,2.81,1,13,6,4,tomtom_realtime
2026-04-05 13:48:07,Vanh Dai 3,31,41,0.47,658,497,1,0.7561,0,0,Clear,bầu trời quang đãng,29.98,46,2.81,1,13,6,4,tomtom_realtime
2026-04-05 13:48:07,Ton Duc Thang,16,28,1.61,715,408,1,0.5714,0,0,Clear,bầu trời quang đãng,29.98,46,2.81,1,13,6,4,tomtom_realtime
2026-04-05 13:53:12,Nguyen Trai,23,30,0.61,439,337,1,0.7667,0,0,Clear,bầu trời quang đãng,29.98,46,2.81,1,13,6,4,tomtom_realtime
2026-04-05 13:53:12,Vanh Dai 3,28,41,0.68,729,497,1,0.6829,0,0,Clear,bầu trời quang đãng,29.98,46,2.81,1,13,6,4,tomtom_realtime
2026-04-05 13:53:12,Ton Duc Thang,20,28,0.86,572,408,1,0.7143,0,0,Clear,bầu trời quang đãng,29.98,46,2.81,1,13,6,4,tomtom_realtime
2026-04-05 13:58:19,Nguyen Trai,22,31,0.79,459,326,1,0.7097,0,0,Clear,bầu trời quang đãng,29.98,44,2.81,1,13,6,4,tomtom_realtime
2026-04-05 13:58:19,Vanh Dai 3,29,41,0.61,703,497,1,0.7073,0,0,Clear,bầu trời quang đãng,29.98,44,2.81,1,13,6,4,tomtom_realtime
2026-04-05 13:58:19,Ton Duc Thang,18,28,1.19,635,408,1,0.6429,0,0,Clear,bầu trời quang đãng,29.98,44,2.81,1,13,6,4,tomtom_realtime
2026-04-05 14:03:23,Nguyen Trai,19,31,1.22,532,326,1,0.6129,0,0,Clear,bầu trời quang đãng,29.98,44,2.81,1,14,6,4,tomtom_realtime
2026-04-05 14:03:23,Vanh Dai 3,31,41,0.47,658,497,1,0.7561,0,0,Clear,bầu trời quang đãng,29.98,44,2.81,1,14,6,4,tomtom_realtime
2026-04-05 14:03:23,Ton Duc Thang,18,29,1.26,635,394,1,0.6207,0,0,Clear,bầu trời quang đãng,29.98,44,2.81,1,14,6,4,tomtom_realtime
2026-04-05 14:08:27,Nguyen Trai,19,31,1.22,532,326,1,0.6129,0,0,Clear,bầu trời quang đãng,29.98,57,2.81,1,14,6,4,tomtom_realtime
2026-04-05 14:08:27,Vanh Dai 3,30,41,0.54,680,497,1,0.7317,0,0,Clear,bầu trời quang đãng,29.98,57,2.81,1,14,6,4,tomtom_realtime
2026-04-05 14:08:27,Ton Duc Thang,20,27,0.78,572,423,1,0.7407,0,0,Clear,bầu trời quang đãng,29.98,57,2.81,1,14,6,4,tomtom_realtime
2026-04-05 14:13:32,Nguyen Trai,23,31,0.67,439,326,1,0.7419,0,0,Clear,bầu trời quang đãng,29.98,57,2.81,1,14,6,4,tomtom_realtime
2026-04-05 14:13:32,Vanh Dai 3,29,41,0.61,703,497,1,0.7073,0,0,Clear,bầu trời quang đãng,29.98,57,2.81,1,14,6,4,tomtom_realtime
2026-04-05 14:13:32,Ton Duc Thang,19,28,1.02,602,408,1,0.6786,0,0,Clear,bầu trời quang đãng,29.98,57,2.81,1,14,6,4,tomtom_realtime
2026-04-05 14:18:36,Nguyen Trai,20,31,1.06,505,326,1,0.6452,0,0,Clear,bầu trời quang đãng,29.98,57,2.81,1,14,6,4,tomtom_realtime
2026-04-05 14:18:36,Vanh Dai 3,29,41,0.61,703,497,1,0.7073,0,0,Clear,bầu trời quang đãng,29.98,57,2.81,1,14,6,4,tomtom_realtime
2026-04-05 14:18:36,Ton Duc Thang,19,28,1.02,602,408,1,0.6786,0,0,Clear,bầu trời quang đãng,29.98,57,2.81,1,14,6,4,tomtom_realtime
2026-04-05 14:23:41,Nguyen Trai,21,31,0.92,481,326,1,0.6774,0,0,Clear,bầu trời quang đãng,29.98,57,2.81,1,14,6,4,tomtom_realtime
2026-04-05 14:23:41,Vanh Dai 3,29,40,0.57,703,510,1,0.725,0,0,Clear,bầu trời quang đãng,29.98,57,2.81,1,14,6,4,tomtom_realtime
2026-04-05 14:23:41,Ton Duc Thang,19,28,1.02,602,408,1,0.6786,0,0,Clear,bầu trời quang đãng,29.98,57,2.81,1,14,6,4,tomtom_realtime
2026-04-05 14:28:44,Nguyen Trai,23,31,0.67,439,326,1,0.7419,0,0,Clear,bầu trời quang đãng,29.98,63,2.81,1,14,6,4,tomtom_realtime
2026-04-05 14:28:44,Vanh Dai 3,28,40,0.64,729,510,1,0.7,0,0,Clear,bầu trời quang đãng,29.98,63,2.81,1,14,6,4,tomtom_realtime
2026-04-05 14:28:44,Ton Duc Thang,18,28,1.19,635,408,1,0.6429,0,0,Clear,bầu trời quang đãng,29.98,63,2.81,1,14,6,4,tomtom_realtime
2026-04-05 14:33:48,Nguyen Trai,21,30,0.86,481,337,1,0.7,0,0,Clear,bầu trời quang đãng,29.98,63,2.81,1,14,6,4,tomtom_realtime
2026-04-05 14:33:48,Vanh Dai 3,29,40,0.57,703,510,1,0.725,0,0,Clear,bầu trời quang đãng,29.98,63,2.81,1,14,6,4,tomtom_realtime
2026-04-05 14:33:48,Ton Duc Thang,20,27,0.78,572,423,1,0.7407,0,0,Clear,bầu trời quang đãng,29.98,63,2.81,1,14,6,4,tomtom_realtime
2026-04-05 14:38:52,Nguyen Trai,21,31,0.92,481,326,1,0.6774,0,0,Clear,bầu trời quang đãng,29.98,49,4.11,1,14,6,4,tomtom_realtime
2026-04-05 14:38:52,Vanh Dai 3,30,40,0.5,680,510,1,0.75,0,0,Clear,bầu trời quang đãng,29.98,49,4.11,1,14,6,4,tomtom_realtime
2026-04-05 14:38:52,Ton Duc Thang,18,28,1.19,635,408,1,0.6429,0,0,Clear,bầu trời quang đãng,29.98,49,4.11,1,14,6,4,tomtom_realtime
2026-04-05 14:43:57,Nguyen Trai,20,31,1.06,505,326,1,0.6452,0,0,Clear,bầu trời quang đãng,29.98,49,4.11,1,14,6,4,tomtom_realtime
2026-04-05 14:43:57,Vanh Dai 3,30,39,0.46,680,523,1,0.7692,0,0,Clear,bầu trời quang đãng,29.98,49,4.11,1,14,6,4,tomtom_realtime
2026-04-05 14:43:57,Ton Duc Thang,18,28,1.19,635,408,1,0.6429,0,0,Clear,bầu trời quang đãng,29.98,49,4.11,1,14,6,4,tomtom_realtime
2026-04-05 14:49:01,Nguyen Trai,21,31,0.92,481,326,1,0.6774,0,0,Clear,bầu trời quang đãng,29.98,49,4.11,1,14,6,4,tomtom_realtime
2026-04-05 14:49:01,Vanh Dai 3,27,40,0.72,756,510,1,0.675,0,0,Clear,bầu trời quang đãng,29.98,49,4.11,1,14,6,4,tomtom_realtime
2026-04-05 14:49:01,Ton Duc Thang,18,28,1.19,635,408,1,0.6429,0,0,Clear,bầu trời quang đãng,29.98,49,4.11,1,14,6,4,tomtom_realtime
2026-04-05 14:54:05,Nguyen Trai,23,31,0.67,439,326,1,0.7419,0,0,Clear,bầu trời quang đãng,29.98,49,4.11,1,14,6,4,tomtom_realtime
2026-04-05 14:54:05,Vanh Dai 3,28,39,0.6,729,523,1,0.7179,0,0,Clear,bầu trời quang đãng,29.98,49,4.11,1,14,6,4,tomtom_realtime
2026-04-05 14:54:05,Ton Duc Thang,18,28,1.19,635,408,1,0.6429,0,0,Clear,bầu trời quang đãng,29.98,49,4.11,1,14,6,4,tomtom_realtime
2026-04-05 14:59:09,Nguyen Trai,21,30,0.86,481,337,1,0.7,0,0,Clear,bầu trời quang đãng,29.98,46,4.11,1,14,6,4,tomtom_realtime
2026-04-05 14:59:09,Vanh Dai 3,28,40,0.64,729,510,1,0.7,0,0,Clear,bầu trời quang đãng,29.98,46,4.11,1,14,6,4,tomtom_realtime
2026-04-05 14:59:09,Ton Duc Thang,17,29,1.46,673,394,1,0.5862,0,0,Clear,bầu trời quang đãng,29.98,46,4.11,1,14,6,4,tomtom_realtime
2026-04-05 15:04:13,Nguyen Trai,22,31,0.79,459,326,1,0.7097,0,0,Clear,bầu trời quang đãng,29.98,46,4.11,1,15,6,4,tomtom_realtime
2026-04-05 15:04:13,Vanh Dai 3,27,41,0.76,756,497,1,0.6585,0,0,Clear,bầu trời quang đãng,29.98,46,4.11,1,15,6,4,tomtom_realtime
2026-04-05 15:04:13,Ton Duc Thang,18,29,1.26,635,394,1,0.6207,0,0,Clear,bầu trời quang đãng,29.98,46,4.11,1,15,6,4,tomtom_realtime
2026-04-05 15:09:17,Nguyen Trai,24,31,0.56,421,326,1,0.7742,0,0,Clear,bầu trời quang đãng,29.98,46,4.11,1,15,6,4,tomtom_realtime
2026-04-05 15:09:17,Vanh Dai 3,29,41,0.61,703,497,1,0.7073,0,0,Clear,bầu trời quang đãng,29.98,46,4.11,1,15,6,4,tomtom_realtime
2026-04-05 15:09:17,Ton Duc Thang,18,28,1.19,635,408,1,0.6429,0,0,Clear,bầu trời quang đãng,29.98,46,4.11,1,15,6,4,tomtom_realtime
2026-04-05 15:14:21,Nguyen Trai,22,31,0.79,459,326,1,0.7097,0,0,Clear,bầu trời quang đãng,29.98,56,4.11,1,15,6,4,tomtom_realtime
2026-04-05 15:14:21,Vanh Dai 3,28,41,0.68,729,497,1,0.6829,0,0,Clear,bầu trời quang đãng,29.98,56,4.11,1,15,6,4,tomtom_realtime
2026-04-05 15:14:21,Ton Duc Thang,18,28,1.19,635,408,1,0.6429,0,0,Clear,bầu trời quang đãng,29.98,56,4.11,1,15,6,4,tomtom_realtime
2026-04-05 15:19:25,Nguyen Trai,17,31,1.59,594,326,1,0.5484,0,0,Clear,bầu trời quang đãng,29.98,56,4.11,1,15,6,4,tomtom_realtime
2026-04-05 15:19:25,Vanh Dai 3,26,40,0.81,785,510,1,0.65,0,0,Clear,bầu trời quang đãng,29.98,56,4.11,1,15,6,4,tomtom_realtime
2026-04-05 15:19:25,Ton Duc Thang,18,28,1.19,635,408,1,0.6429,0,0,Clear,bầu trời quang đãng,29.98,56,4.11,1,15,6,4,tomtom_realtime
2026-04-05 15:24:29,Nguyen Trai,21,30,0.86,481,337,1,0.7,0,0,Clear,bầu trời quang đãng,29.98,62,4.11,1,15,6,4,tomtom_realtime
2026-04-05 15:24:29,Vanh Dai 3,26,40,0.81,785,510,1,0.65,0,0,Clear,bầu trời quang đãng,29.98,62,4.11,1,15,6,4,tomtom_realtime
2026-04-05 15:24:29,Ton Duc Thang,17,27,1.31,673,423,1,0.6296,0,0,Clear,bầu trời quang đãng,29.98,62,4.11,1,15,6,4,tomtom_realtime
2026-04-05 15:29:33,Nguyen Trai,21,30,0.86,481,337,1,0.7,0,0,Clear,bầu trời quang đãng,29.98,62,4.11,1,15,6,4,tomtom_realtime
2026-04-05 15:29:33,Vanh Dai 3,28,40,0.64,729,510,1,0.7,0,0,Clear,bầu trời quang đãng,29.98,62,4.11,1,15,6,4,tomtom_realtime
2026-04-05 15:29:33,Ton Duc Thang,19,27,0.94,602,423,1,0.7037,0,0,Clear,bầu trời quang đãng,29.98,62,4.11,1,15,6,4,tomtom_realtime
2026-04-05 15:34:37,Nguyen Trai,20,32,1.12,505,316,1,0.625,0,0,Clear,bầu trời quang đãng,29.98,62,4.11,1,15,6,4,tomtom_realtime
2026-04-05 15:34:37,Vanh Dai 3,27,40,0.72,756,510,1,0.675,0,0,Clear,bầu trời quang đãng,29.98,62,4.11,1,15,6,4,tomtom_realtime
2026-04-05 15:34:37,Ton Duc Thang,18,28,1.19,635,408,1,0.6429,0,0,Clear,bầu trời quang đãng,29.98,62,4.11,1,15,6,4,tomtom_realtime
2026-04-05 15:39:41,Nguyen Trai,22,31,0.79,459,326,1,0.7097,0,0,Clear,bầu trời quang đãng,29.98,62,4.11,1,15,6,4,tomtom_realtime
2026-04-05 15:39:41,Vanh Dai 3,28,42,0.71,729,486,1,0.6667,0,0,Clear,bầu trời quang đãng,29.98,62,4.11,1,15,6,4,tomtom_realtime
2026-04-05 15:39:41,Ton Duc Thang,18,28,1.19,635,408,1,0.6429,0,0,Clear,bầu trời quang đãng,29.98,62,4.11,1,15,6,4,tomtom_realtime
2026-04-05 15:44:45,Nguyen Trai,21,31,0.92,481,326,1,0.6774,0,0,Clear,mây thưa,29.98,53,6.65,1,15,6,4,tomtom_realtime
2026-04-05 15:44:45,Vanh Dai 3,28,42,0.71,729,486,1,0.6667,0,0,Clear,mây thưa,29.98,53,6.65,1,15,6,4,tomtom_realtime
2026-04-05 15:44:45,Ton Duc Thang,17,28,1.39,673,408,1,0.6071,0,0,Clear,mây thưa,29.98,53,6.65,1,15,6,4,tomtom_realtime
2026-04-05 15:49:49,Nguyen Trai,22,30,0.73,459,337,1,0.7333,0,0,Clear,mây thưa,29.98,53,6.65,1,15,6,4,tomtom_realtime
2026-04-05 15:49:49,Vanh Dai 3,28,41,0.68,729,497,1,0.6829,0,0,Clear,mây thưa,29.98,53,6.65,1,15,6,4,tomtom_realtime
2026-04-05 15:49:49,Ton Duc Thang,15,27,1.78,763,423,1,0.5556,0,0,Clear,mây thưa,29.98,53,6.65,1,15,6,4,tomtom_realtime
2026-04-05 15:54:53,Nguyen Trai,19,31,1.22,532,326,1,0.6129,0,0,Clear,mây thưa,29.98,51,6.65,1,15,6,4,tomtom_realtime
2026-04-05 15:54:53,Vanh Dai 3,27,40,0.72,756,510,1,0.675,0,0,Clear,mây thưa,29.98,51,6.65,1,15,6,4,tomtom_realtime
2026-04-05 15:54:53,Ton Duc Thang,19,28,1.02,602,408,1,0.6786,0,0,Clear,mây thưa,29.98,51,6.65,1,15,6,4,tomtom_realtime
2026-04-05 15:59:57,Nguyen Trai,23,31,0.67,439,326,1,0.7419,0,0,Clear,mây thưa,29.98,51,6.65,1,15,6,4,tomtom_realtime
2026-04-05 15:59:57,Vanh Dai 3,27,41,0.76,756,497,1,0.6585,0,0,Clear,mây thưa,29.98,51,6.65,1,15,6,4,tomtom_realtime
2026-04-05 15:59:57,Ton Duc Thang,17,28,1.39,673,408,1,0.6071,0,0,Clear,mây thưa,29.98,51,6.65,1,15,6,4,tomtom_realtime
2026-04-05 16:05:01,Nguyen Trai,20,31,1.06,505,326,1,0.6452,0,0,Clear,mây thưa,29.98,51,6.65,1,16,6,4,tomtom_realtime
2026-04-05 16:05:01,Vanh Dai 3,27,40,0.72,756,510,1,0.675,0,0,Clear,mây thưa,29.98,51,6.65,1,16,6,4,tomtom_realtime
2026-04-05 16:05:01,Ton Duc Thang,17,28,1.39,673,408,1,0.6071,0,0,Clear,mây thưa,29.98,51,6.65,1,16,6,4,tomtom_realtime
2026-04-05 16:10:06,Nguyen Trai,20,31,1.06,505,326,1,0.6452,0,0,Clear,mây thưa,30.98,61,6.65,1,16,6,4,tomtom_realtime
2026-04-05 16:10:06,Vanh Dai 3,26,40,0.81,785,510,1,0.65,0,0,Clear,mây thưa,30.98,61,6.65,1,16,6,4,tomtom_realtime
2026-04-05 16:10:06,Ton Duc Thang,17,29,1.46,673,394,1,0.5862,0,0,Clear,mây thưa,30.98,61,6.65,1,16,6,4,tomtom_realtime
2026-04-05 16:15:10,Nguyen Trai,18,31,1.4,561,326,1,0.5806,0,0,Clear,mây thưa,30.98,61,6.65,1,16,6,4,tomtom_realtime
2026-04-05 16:15:10,Vanh Dai 3,27,40,0.72,756,510,1,0.675,0,0,Clear,mây thưa,30.98,61,6.65,1,16,6,4,tomtom_realtime
2026-04-05 16:15:10,Ton Duc Thang,18,28,1.19,635,408,1,0.6429,0,0,Clear,mây thưa,30.98,61,6.65,1,16,6,4,tomtom_realtime
2026-04-05 16:20:14,Nguyen Trai,19,31,1.22,532,326,1,0.6129,0,0,Clear,mây thưa,30.98,61,6.65,1,16,6,4,tomtom_realtime
2026-04-05 16:20:14,Vanh Dai 3,27,41,0.76,756,497,1,0.6585,0,0,Clear,mây thưa,30.98,61,6.65,1,16,6,4,tomtom_realtime
2026-04-05 16:20:14,Ton Duc Thang,15,27,1.78,763,423,1,0.5556,0,0,Clear,mây thưa,30.98,61,6.65,1,16,6,4,tomtom_realtime
2026-04-05 16:25:18,Nguyen Trai,21,31,0.92,481,326,1,0.6774,0,0,Clear,mây thưa,30.98,61,6.65,1,16,6,4,tomtom_realtime
2026-04-05 16:25:18,Vanh Dai 3,27,41,0.76,756,497,1,0.6585,0,0,Clear,mây thưa,30.98,61,6.65,1,16,6,4,tomtom_realtime
2026-04-05 16:25:18,Ton Duc Thang,17,28,1.39,673,408,1,0.6071,0,0,Clear,mây thưa,30.98,61,6.65,1,16,6,4,tomtom_realtime
2026-04-05 16:30:23,Nguyen Trai,22,31,0.79,459,326,1,0.7097,0,0,Clear,mây thưa,30.96,61,6.65,1,16,6,4,tomtom_realtime
2026-04-05 16:30:23,Vanh Dai 3,28,41,0.68,729,497,1,0.6829,0,0,Clear,mây thưa,30.96,61,6.65,1,16,6,4,tomtom_realtime
2026-04-05 16:30:23,Ton Duc Thang,16,28,1.61,715,408,1,0.5714,0,0,Clear,mây thưa,30.96,61,6.65,1,16,6,4,tomtom_realtime
2026-04-05 16:35:27,Nguyen Trai,22,32,0.85,459,316,1,0.6875,0,0,Clear,mây thưa,30.96,61,6.65,1,16,6,4,tomtom_realtime
2026-04-05 16:35:27,Vanh Dai 3,26,40,0.81,785,510,1,0.65,0,0,Clear,mây thưa,30.96,61,6.65,1,16,6,4,tomtom_realtime
2026-04-05 16:35:27,Ton Duc Thang,17,28,1.39,673,408,1,0.6071,0,0,Clear,mây thưa,30.96,61,6.65,1,16,6,4,tomtom_realtime
2026-04-05 16:40:32,Nguyen Trai,20,31,1.06,505,326,1,0.6452,0,0,Clear,mây thưa,29.98,59,6.96,1,16,6,4,tomtom_realtime
2026-04-05 16:40:32,Vanh Dai 3,29,41,0.61,703,497,1,0.7073,0,0,Clear,mây thưa,29.98,59,6.96,1,16,6,4,tomtom_realtime
2026-04-05 16:40:32,Ton Duc Thang,18,27,1.11,635,423,1,0.6667,0,0,Clear,mây thưa,29.98,59,6.96,1,16,6,4,tomtom_realtime
2026-04-05 16:45:36,Nguyen Trai,19,31,1.22,532,326,1,0.6129,0,0,Clear,mây thưa,29.98,59,6.96,1,16,6,4,tomtom_realtime
2026-04-05 16:45:36,Vanh Dai 3,26,41,0.84,785,497,1,0.6341,0,0,Clear,mây thưa,29.98,59,6.96,1,16,6,4,tomtom_realtime
2026-04-05 16:45:36,Ton Duc Thang,15,28,1.86,763,408,1,0.5357,0,0,Clear,mây thưa,29.98,59,6.96,1,16,6,4,tomtom_realtime
2026-04-05 16:50:41,Nguyen Trai,21,30,0.86,481,337,1,0.7,0,0,Clear,mây thưa,29.96,59,6.96,1,16,6,4,tomtom_realtime
2026-04-05 16:50:41,Vanh Dai 3,28,40,0.64,729,510,1,0.7,0,0,Clear,mây thưa,29.96,59,6.96,1,16,6,4,tomtom_realtime
2026-04-05 16:50:41,Ton Duc Thang,16,28,1.61,715,408,1,0.5714,0,0,Clear,mây thưa,29.96,59,6.96,1,16,6,4,tomtom_realtime
2026-04-05 16:55:45,Nguyen Trai,20,30,1.0,505,337,1,0.6667,0,0,Clear,mây thưa,29.96,59,6.96,1,16,6,4,tomtom_realtime
2026-04-05 16:55:45,Vanh Dai 3,26,40,0.81,785,510,1,0.65,0,0,Clear,mây thưa,29.96,59,6.96,1,16,6,4,tomtom_realtime
2026-04-05 16:55:45,Ton Duc Thang,17,28,1.39,673,408,1,0.6071,0,0,Clear,mây thưa,29.96,59,6.96,1,16,6,4,tomtom_realtime
2026-04-05 17:00:51,Nguyen Trai,18,31,1.4,561,326,1,0.5806,0,0,Clear,mây thưa,29.98,62,6.96,1,17,6,4,tomtom_realtime
2026-04-05 17:00:51,Vanh Dai 3,27,40,0.72,756,510,1,0.675,0,0,Clear,mây thưa,29.98,62,6.96,1,17,6,4,tomtom_realtime
2026-04-05 17:00:51,Ton Duc Thang,19,28,1.02,602,408,1,0.6786,0,0,Clear,mây thưa,29.98,62,6.96,1,17,6,4,tomtom_realtime
2026-04-05 17:05:56,Nguyen Trai,19,31,1.22,532,326,1,0.6129,0,0,Clear,mây thưa,29.98,62,6.96,1,17,6,4,tomtom_realtime
2026-04-05 17:05:56,Vanh Dai 3,27,40,0.72,756,510,1,0.675,0,0,Clear,mây thưa,29.98,62,6.96,1,17,6,4,tomtom_realtime
2026-04-05 17:05:56,Ton Duc Thang,16,27,1.53,715,423,1,0.5926,0,0,Clear,mây thưa,29.98,62,6.96,1,17,6,4,tomtom_realtime
2026-04-05 17:11:00,Nguyen Trai,19,30,1.16,532,337,1,0.6333,0,0,Clear,mây thưa,29.98,69,6.96,1,17,6,4,tomtom_realtime
2026-04-05 17:11:00,Vanh Dai 3,25,39,0.86,816,523,1,0.641,0,0,Clear,mây thưa,29.98,69,6.96,1,17,6,4,tomtom_realtime
2026-04-05 17:11:00,Ton Duc Thang,15,27,1.78,763,423,1,0.5556,0,0,Clear,mây thưa,29.98,69,6.96,1,17,6,4,tomtom_realtime
2026-04-05 17:16:04,Nguyen Trai,19,31,1.22,532,326,1,0.6129,0,0,Clear,mây thưa,29.98,69,6.96,1,17,6,4,tomtom_realtime
2026-04-05 17:16:04,Vanh Dai 3,24,40,1.0,850,510,1,0.6,0,0,Clear,mây thưa,29.98,69,6.96,1,17,6,4,tomtom_realtime
2026-04-05 17:16:04,Ton Duc Thang,17,29,1.46,673,394,1,0.5862,0,0,Clear,mây thưa,29.98,69,6.96,1,17,6,4,tomtom_realtime
2026-04-05 17:21:08,Nguyen Trai,20,31,1.06,505,326,1,0.6452,0,0,Clear,mây thưa,29.98,69,6.96,1,17,6,4,tomtom_realtime
2026-04-05 17:21:08,Vanh Dai 3,25,41,0.94,816,497,1,0.6098,0,0,Clear,mây thưa,29.98,69,6.96,1,17,6,4,tomtom_realtime
2026-04-05 17:21:08,Ton Duc Thang,14,28,2.14,817,408,1,0.5,0,0,Clear,mây thưa,29.98,69,6.96,1,17,6,4,tomtom_realtime
2026-04-05 17:26:12,Nguyen Trai,20,31,1.06,505,326,1,0.6452,0,0,Clear,mây thưa,29.98,69,6.96,1,17,6,4,tomtom_realtime
2026-04-05 17:26:12,Vanh Dai 3,26,40,0.81,785,510,1,0.65,0,0,Clear,mây thưa,29.98,69,6.96,1,17,6,4,tomtom_realtime
2026-04-05 17:26:12,Ton Duc Thang,16,28,1.61,715,408,1,0.5714,0,0,Clear,mây thưa,29.98,69,6.96,1,17,6,4,tomtom_realtime
2026-04-05 17:31:18,Nguyen Trai,16,31,1.81,632,326,1,0.5161,0,0,Clear,mây thưa,29.96,68,6.96,1,17,6,4,tomtom_realtime
2026-04-05 17:31:18,Vanh Dai 3,27,41,0.76,756,497,1,0.6585,0,0,Clear,mây thưa,29.96,68,6.96,1,17,6,4,tomtom_realtime
2026-04-05 17:31:18,Ton Duc Thang,15,28,1.86,763,408,1,0.5357,0,0,Clear,mây thưa,29.96,68,6.96,1,17,6,4,tomtom_realtime
2026-04-05 17:36:22,Nguyen Trai,23,30,0.61,439,337,1,0.7667,0,0,Clear,mây thưa,29.96,68,6.96,1,17,6,4,tomtom_realtime
2026-04-05 17:36:22,Vanh Dai 3,27,41,0.76,756,497,1,0.6585,0,0,Clear,mây thưa,29.96,68,6.96,1,17,6,4,tomtom_realtime
2026-04-05 17:36:22,Ton Duc Thang,16,28,1.61,715,408,1,0.5714,0,0,Clear,mây thưa,29.96,68,6.96,1,17,6,4,tomtom_realtime
2026-04-05 17:41:26,Nguyen Trai,20,30,1.0,505,337,1,0.6667,0,0,Clear,mây thưa,28.98,68,6.53,1,17,6,4,tomtom_realtime
2026-04-05 17:41:26,Vanh Dai 3,26,41,0.84,785,497,1,0.6341,0,0,Clear,mây thưa,28.98,68,6.53,1,17,6,4,tomtom_realtime
2026-04-05 17:41:26,Ton Duc Thang,18,28,1.19,635,408,1,0.6429,0,0,Clear,mây thưa,28.98,68,6.53,1,17,6,4,tomtom_realtime
2026-04-05 17:46:31,Nguyen Trai,20,31,1.06,505,326,1,0.6452,0,0,Clear,mây thưa,28.98,68,6.53,1,17,6,4,tomtom_realtime
2026-04-05 17:46:31,Vanh Dai 3,28,41,0.68,729,497,1,0.6829,0,0,Clear,mây thưa,28.98,68,6.53,1,17,6,4,tomtom_realtime
2026-04-05 17:46:31,Ton Duc Thang,15,28,1.86,763,408,1,0.5357,0,0,Clear,mây thưa,28.98,68,6.53,1,17,6,4,tomtom_realtime
2026-04-05 17:51:36,Nguyen Trai,22,30,0.73,459,337,1,0.7333,0,0,Clear,mây thưa,28.97,71,6.53,1,17,6,4,tomtom_realtime
2026-04-05 17:51:36,Vanh Dai 3,29,40,0.57,703,510,1,0.725,0,0,Clear,mây thưa,28.97,71,6.53,1,17,6,4,tomtom_realtime
2026-04-05 17:51:36,Ton Duc Thang,15,28,1.86,763,408,1,0.5357,0,0,Clear,mây thưa,28.97,71,6.53,1,17,6,4,tomtom_realtime
2026-04-05 17:56:40,Nguyen Trai,21,31,0.92,481,326,1,0.6774,0,0,Clear,mây thưa,28.97,71,6.53,1,17,6,4,tomtom_realtime
2026-04-05 17:56:40,Vanh Dai 3,28,40,0.64,729,510,1,0.7,0,0,Clear,mây thưa,28.97,71,6.53,1,17,6,4,tomtom_realtime
2026-04-05 17:56:40,Ton Duc Thang,17,28,1.39,673,408,1,0.6071,0,0,Clear,mây thưa,28.97,71,6.53,1,17,6,4,tomtom_realtime
2026-04-05 18:01:44,Nguyen Trai,20,31,1.06,505,326,1,0.6452,0,0,Clear,mây thưa,28.98,71,6.53,1,18,6,4,tomtom_realtime
2026-04-05 18:01:44,Vanh Dai 3,27,41,0.76,756,497,1,0.6585,0,0,Clear,mây thưa,28.98,71,6.53,1,18,6,4,tomtom_realtime
2026-04-05 18:01:44,Ton Duc Thang,15,28,1.86,763,408,1,0.5357,0,0,Clear,mây thưa,28.98,71,6.53,1,18,6,4,tomtom_realtime
2026-04-05 18:06:48,Nguyen Trai,22,31,0.79,459,326,1,0.7097,0,0,Clear,mây thưa,28.98,71,6.53,1,18,6,4,tomtom_realtime
2026-04-05 18:06:48,Vanh Dai 3,26,40,0.81,785,510,1,0.65,0,0,Clear,mây thưa,28.98,71,6.53,1,18,6,4,tomtom_realtime
2026-04-05 18:06:48,Ton Duc Thang,14,28,2.14,817,408,1,0.5,0,0,Clear,mây thưa,28.98,71,6.53,1,18,6,4,tomtom_realtime
2026-04-05 18:11:52,Nguyen Trai,21,31,0.92,481,326,1,0.6774,0,0,Clear,mây thưa,28.98,71,6.53,1,18,6,4,tomtom_realtime
2026-04-05 18:11:52,Vanh Dai 3,26,40,0.81,785,510,1,0.65,0,0,Clear,mây thưa,28.98,71,6.53,1,18,6,4,tomtom_realtime
2026-04-05 18:11:52,Ton Duc Thang,15,28,1.86,763,408,1,0.5357,0,0,Clear,mây thưa,28.98,71,6.53,1,18,6,4,tomtom_realtime
2026-04-05 18:16:57,Nguyen Trai,19,30,1.16,532,337,1,0.6333,0,0,Clear,mây thưa,27.98,77,6.53,1,18,6,4,tomtom_realtime
2026-04-05 18:16:57,Vanh Dai 3,28,40,0.64,729,510,1,0.7,0,0,Clear,mây thưa,27.98,77,6.53,1,18,6,4,tomtom_realtime
2026-04-05 18:16:57,Ton Duc Thang,16,28,1.61,715,408,1,0.5714,0,0,Clear,mây thưa,27.98,77,6.53,1,18,6,4,tomtom_realtime
2026-04-05 18:22:01,Nguyen Trai,21,31,0.92,481,326,1,0.6774,0,0,Clear,mây thưa,27.98,77,6.53,1,18,6,4,tomtom_realtime
2026-04-05 18:22:01,Vanh Dai 3,26,41,0.84,785,497,1,0.6341,0,0,Clear,mây thưa,27.98,77,6.53,1,18,6,4,tomtom_realtime
2026-04-05 18:22:01,Ton Duc Thang,15,28,1.86,763,408,1,0.5357,0,0,Clear,mây thưa,27.98,77,6.53,1,18,6,4,tomtom_realtime
2026-04-05 18:27:05,Nguyen Trai,21,31,0.92,481,326,1,0.6774,0,0,Clear,mây thưa,27.98,78,6.53,1,18,6,4,tomtom_realtime
2026-04-05 18:27:05,Vanh Dai 3,28,41,0.68,729,497,1,0.6829,0,0,Clear,mây thưa,27.98,78,6.53,1,18,6,4,tomtom_realtime
2026-04-05 18:27:05,Ton Duc Thang,16,28,1.61,715,408,1,0.5714,0,0,Clear,mây thưa,27.98,78,6.53,1,18,6,4,tomtom_realtime
2026-04-05 18:32:10,Nguyen Trai,21,31,0.92,481,326,1,0.6774,0,0,Clear,mây thưa,27.98,78,6.53,1,18,6,4,tomtom_realtime
2026-04-05 18:32:10,Vanh Dai 3,26,41,0.84,785,497,1,0.6341,0,0,Clear,mây thưa,27.98,78,6.53,1,18,6,4,tomtom_realtime
2026-04-05 18:32:10,Ton Duc Thang,17,28,1.39,673,408,1,0.6071,0,0,Clear,mây thưa,27.98,78,6.53,1,18,6,4,tomtom_realtime
2026-04-05 18:37:14,Nguyen Trai,22,32,0.85,459,316,1,0.6875,0,0,Clear,mây rải rác,27.97,75,5.76,1,18,6,4,tomtom_realtime
2026-04-05 18:37:14,Vanh Dai 3,28,40,0.64,729,510,1,0.7,0,0,Clear,mây rải rác,27.97,75,5.76,1,18,6,4,tomtom_realtime
2026-04-05 18:37:14,Ton Duc Thang,19,29,1.09,602,394,1,0.6552,0,0,Clear,mây rải rác,27.97,75,5.76,1,18,6,4,tomtom_realtime
2026-04-05 18:42:21,Nguyen Trai,20,31,1.06,505,326,1,0.6452,0,0,Clear,mây rải rác,27.97,75,5.76,1,18,6,4,tomtom_realtime
2026-04-05 18:42:21,Vanh Dai 3,29,41,0.61,703,497,1,0.7073,0,0,Clear,mây rải rác,27.97,75,5.76,1,18,6,4,tomtom_realtime
2026-04-05 18:42:21,Ton Duc Thang,15,27,1.78,763,423,1,0.5556,0,0,Clear,mây rải rác,27.97,75,5.76,1,18,6,4,tomtom_realtime
2026-04-05 18:47:25,Nguyen Trai,22,31,0.79,459,326,1,0.7097,0,0,Clear,mây rải rác,27.98,75,5.42,1,18,6,4,tomtom_realtime
2026-04-05 18:47:25,Vanh Dai 3,27,40,0.72,756,510,1,0.675,0,0,Clear,mây rải rác,27.98,75,5.42,1,18,6,4,tomtom_realtime
2026-04-05 18:47:25,Ton Duc Thang,17,27,1.31,673,423,1,0.6296,0,0,Clear,mây rải rác,27.98,75,5.42,1,18,6,4,tomtom_realtime
2026-04-05 18:52:29,Nguyen Trai,23,31,0.67,439,326,1,0.7419,0,0,Clear,mây rải rác,27.98,75,5.42,1,18,6,4,tomtom_realtime
2026-04-05 18:52:29,Vanh Dai 3,28,41,0.68,729,497,1,0.6829,0,0,Clear,mây rải rác,27.98,75,5.42,1,18,6,4,tomtom_realtime
2026-04-05 18:52:29,Ton Duc Thang,17,29,1.46,673,394,1,0.5862,0,0,Clear,mây rải rác,27.98,75,5.42,1,18,6,4,tomtom_realtime
2026-04-05 18:57:33,Nguyen Trai,22,31,0.79,459,326,1,0.7097,0,0,Clear,mây rải rác,27.98,75,5.42,1,18,6,4,tomtom_realtime
2026-04-05 18:57:33,Vanh Dai 3,29,41,0.61,703,497,1,0.7073,0,0,Clear,mây rải rác,27.98,75,5.42,1,18,6,4,tomtom_realtime
2026-04-05 18:57:33,Ton Duc Thang,17,27,1.31,673,423,1,0.6296,0,0,Clear,mây rải rác,27.98,75,5.42,1,18,6,4,tomtom_realtime
2026-04-05 19:02:38,Nguyen Trai,20,30,1.0,505,337,1,0.6667,0,0,Clear,mây rải rác,27.98,75,5.42,1,19,6,4,tomtom_realtime
2026-04-05 19:02:38,Vanh Dai 3,29,40,0.57,703,510,1,0.725,0,0,Clear,mây rải rác,27.98,75,5.42,1,19,6,4,tomtom_realtime
2026-04-05 19:02:38,Ton Duc Thang,17,28,1.39,673,408,1,0.6071,0,0,Clear,mây rải rác,27.98,75,5.42,1,19,6,4,tomtom_realtime
2026-04-05 19:07:42,Nguyen Trai,20,31,1.06,505,326,1,0.6452,0,0,Clear,mây rải rác,27.98,75,5.42,1,19,6,4,tomtom_realtime
2026-04-05 19:07:42,Vanh Dai 3,27,40,0.72,756,510,1,0.675,0,0,Clear,mây rải rác,27.98,75,5.42,1,19,6,4,tomtom_realtime
2026-04-05 19:07:42,Ton Duc Thang,16,28,1.61,715,408,1,0.5714,0,0,Clear,mây rải rác,27.98,75,5.42,1,19,6,4,tomtom_realtime
2026-04-05 19:12:46,Nguyen Trai,19,32,1.28,532,316,1,0.5938,0,0,Clear,mây rải rác,27.98,75,5.42,1,19,6,4,tomtom_realtime
2026-04-05 19:12:46,Vanh Dai 3,29,41,0.61,703,497,1,0.7073,0,0,Clear,mây rải rác,27.98,75,5.42,1,19,6,4,tomtom_realtime
2026-04-05 19:12:46,Ton Duc Thang,17,28,1.39,673,408,1,0.6071,0,0,Clear,mây rải rác,27.98,75,5.42,1,19,6,4,tomtom_realtime
2026-04-05 19:17:51,Nguyen Trai,21,31,0.92,481,326,1,0.6774,0,0,Clear,mây rải rác,26.98,75,5.42,1,19,6,4,tomtom_realtime
2026-04-05 19:17:51,Vanh Dai 3,27,41,0.76,756,497,1,0.6585,0,0,Clear,mây rải rác,26.98,75,5.42,1,19,6,4,tomtom_realtime
2026-04-05 19:17:51,Ton Duc Thang,16,27,1.53,715,423,1,0.5926,0,0,Clear,mây rải rác,26.98,75,5.42,1,19,6,4,tomtom_realtime
2026-04-05 19:22:55,Nguyen Trai,23,30,0.61,439,337,1,0.7667,0,0,Clear,mây rải rác,26.98,75,5.42,1,19,6,4,tomtom_realtime
2026-04-05 19:22:55,Vanh Dai 3,26,40,0.81,785,510,1,0.65,0,0,Clear,mây rải rác,26.98,75,5.42,1,19,6,4,tomtom_realtime
2026-04-05 19:22:55,Ton Duc Thang,20,28,0.86,572,408,1,0.7143,0,0,Clear,mây rải rác,26.98,75,5.42,1,19,6,4,tomtom_realtime
2026-04-05 19:27:59,Nguyen Trai,21,31,0.92,481,326,1,0.6774,0,0,Clear,mây rải rác,26.98,75,5.42,1,19,6,4,tomtom_realtime
2026-04-05 19:27:59,Vanh Dai 3,26,40,0.81,785,510,1,0.65,0,0,Clear,mây rải rác,26.98,75,5.42,1,19,6,4,tomtom_realtime
2026-04-05 19:27:59,Ton Duc Thang,17,28,1.39,673,408,1,0.6071,0,0,Clear,mây rải rác,26.98,75,5.42,1,19,6,4,tomtom_realtime
2026-04-05 19:33:03,Nguyen Trai,20,31,1.06,505,326,1,0.6452,0,0,Clear,mây cụm,26.98,75,4.84,1,19,6,4,tomtom_realtime
2026-04-05 19:33:03,Vanh Dai 3,28,40,0.64,729,510,1,0.7,0,0,Clear,mây cụm,26.98,75,4.84,1,19,6,4,tomtom_realtime
2026-04-05 19:33:03,Ton Duc Thang,18,28,1.19,635,408,1,0.6429,0,0,Clear,mây cụm,26.98,75,4.84,1,19,6,4,tomtom_realtime
2026-04-05 19:38:07,Nguyen Trai,22,31,0.79,459,326,1,0.7097,0,0,Clear,mây cụm,26.98,75,4.84,1,19,6,4,tomtom_realtime
2026-04-05 19:38:07,Vanh Dai 3,28,41,0.68,729,497,1,0.6829,0,0,Clear,mây cụm,26.98,75,4.84,1,19,6,4,tomtom_realtime
2026-04-05 19:38:07,Ton Duc Thang,17,28,1.39,673,408,1,0.6071,0,0,Clear,mây cụm,26.98,75,4.84,1,19,6,4,tomtom_realtime
2026-04-05 19:43:12,Nguyen Trai,21,30,0.86,481,337,1,0.7,0,0,Clear,mây cụm,26.97,75,4.84,1,19,6,4,tomtom_realtime
2026-04-05 19:43:12,Vanh Dai 3,29,40,0.57,703,510,1,0.725,0,0,Clear,mây cụm,26.97,75,4.84,1,19,6,4,tomtom_realtime
2026-04-05 19:43:12,Ton Duc Thang,17,28,1.39,673,408,1,0.6071,0,0,Clear,mây cụm,26.97,75,4.84,1,19,6,4,tomtom_realtime
2026-04-05 19:48:17,Nguyen Trai,24,31,0.56,421,326,1,0.7742,0,0,Clear,mây cụm,26.97,75,4.84,1,19,6,4,tomtom_realtime
2026-04-05 19:48:17,Vanh Dai 3,31,41,0.47,658,497,1,0.7561,0,0,Clear,mây cụm,26.97,75,4.84,1,19,6,4,tomtom_realtime
2026-04-05 19:48:17,Ton Duc Thang,17,28,1.39,673,408,1,0.6071,0,0,Clear,mây cụm,26.97,75,4.84,1,19,6,4,tomtom_realtime
2026-04-05 19:53:21,Nguyen Trai,21,31,0.92,481,326,1,0.6774,0,0,Clear,mây cụm,26.98,75,4.84,1,19,6,4,tomtom_realtime
2026-04-05 19:53:21,Vanh Dai 3,27,40,0.72,756,510,1,0.675,0,0,Clear,mây cụm,26.98,75,4.84,1,19,6,4,tomtom_realtime
2026-04-05 19:53:21,Ton Duc Thang,18,28,1.19,635,408,1,0.6429,0,0,Clear,mây cụm,26.98,75,4.84,1,19,6,4,tomtom_realtime
2026-04-05 19:58:25,Nguyen Trai,22,31,0.79,459,326,1,0.7097,0,0,Clear,mây cụm,26.98,75,4.84,1,19,6,4,tomtom_realtime
2026-04-05 19:58:25,Vanh Dai 3,30,41,0.54,680,497,1,0.7317,0,0,Clear,mây cụm,26.98,75,4.84,1,19,6,4,tomtom_realtime
2026-04-05 19:58:25,Ton Duc Thang,18,28,1.19,635,408,1,0.6429,0,0,Clear,mây cụm,26.98,75,4.84,1,19,6,4,tomtom_realtime
2026-04-05 20:03:29,Nguyen Trai,23,31,0.67,439,326,1,0.7419,0,0,Clear,mây cụm,26.98,80,4.84,1,20,6,4,tomtom_realtime
2026-04-05 20:03:29,Vanh Dai 3,28,40,0.64,729,510,1,0.7,0,0,Clear,mây cụm,26.98,80,4.84,1,20,6,4,tomtom_realtime
2026-04-05 20:03:29,Ton Duc Thang,16,27,1.53,715,423,1,0.5926,0,0,Clear,mây cụm,26.98,80,4.84,1,20,6,4,tomtom_realtime
2026-04-05 20:08:33,Nguyen Trai,22,30,0.73,459,337,1,0.7333,0,0,Clear,mây cụm,26.98,80,4.84,1,20,6,4,tomtom_realtime
2026-04-05 20:08:33,Vanh Dai 3,27,40,0.72,756,510,1,0.675,0,0,Clear,mây cụm,26.98,80,4.84,1,20,6,4,tomtom_realtime
2026-04-05 20:08:33,Ton Duc Thang,17,28,1.39,673,408,1,0.6071,0,0,Clear,mây cụm,26.98,80,4.84,1,20,6,4,tomtom_realtime
2026-04-05 20:13:37,Nguyen Trai,22,30,0.73,459,337,1,0.7333,0,0,Clear,mây cụm,26.98,84,4.84,1,20,6,4,tomtom_realtime
2026-04-05 20:13:37,Vanh Dai 3,28,39,0.6,729,523,1,0.7179,0,0,Clear,mây cụm,26.98,84,4.84,1,20,6,4,tomtom_realtime
2026-04-05 20:13:37,Ton Duc Thang,16,28,1.61,715,408,1,0.5714,0,0,Clear,mây cụm,26.98,84,4.84,1,20,6,4,tomtom_realtime
2026-04-05 20:18:42,Nguyen Trai,23,31,0.67,439,326,1,0.7419,0,0,Clear,mây cụm,26.98,85,4.84,1,20,6,4,tomtom_realtime
2026-04-05 20:18:42,Vanh Dai 3,28,41,0.68,729,497,1,0.6829,0,0,Clear,mây cụm,26.98,85,4.84,1,20,6,4,tomtom_realtime
2026-04-05 20:18:42,Ton Duc Thang,16,27,1.53,715,423,1,0.5926,0,0,Clear,mây cụm,26.98,85,4.84,1,20,6,4,tomtom_realtime
2026-04-05 20:23:46,Nguyen Trai,22,30,0.73,459,337,1,0.7333,0,0,Clear,mây cụm,26.98,85,4.84,1,20,6,4,tomtom_realtime
2026-04-05 20:23:46,Vanh Dai 3,27,40,0.72,756,510,1,0.675,0,0,Clear,mây cụm,26.98,85,4.84,1,20,6,4,tomtom_realtime
2026-04-05 20:23:46,Ton Duc Thang,17,27,1.31,673,423,1,0.6296,0,0,Clear,mây cụm,26.98,85,4.84,1,20,6,4,tomtom_realtime
2026-04-05 20:28:50,Nguyen Trai,21,31,0.92,481,326,1,0.6774,0,0,Clear,mây cụm,26.98,85,4.84,1,20,6,4,tomtom_realtime
2026-04-05 20:28:50,Vanh Dai 3,27,40,0.72,756,510,1,0.675,0,0,Clear,mây cụm,26.98,85,4.84,1,20,6,4,tomtom_realtime
2026-04-05 20:28:50,Ton Duc Thang,17,27,1.31,673,423,1,0.6296,0,0,Clear,mây cụm,26.98,85,4.84,1,20,6,4,tomtom_realtime
2026-04-05 20:33:54,Nguyen Trai,22,30,0.73,459,337,1,0.7333,0,0,Clear,mây cụm,26.98,85,4.84,1,20,6,4,tomtom_realtime
2026-04-05 20:33:54,Vanh Dai 3,29,41,0.61,703,497,1,0.7073,0,0,Clear,mây cụm,26.98,85,4.84,1,20,6,4,tomtom_realtime
2026-04-05 20:33:54,Ton Duc Thang,16,28,1.61,715,408,1,0.5714,0,0,Clear,mây cụm,26.98,85,4.84,1,20,6,4,tomtom_realtime
2026-04-05 20:38:58,Nguyen Trai,21,31,0.92,481,326,1,0.6774,0,0,Clear,mây rải rác,26.98,83,5.08,1,20,6,4,tomtom_realtime
2026-04-05 20:38:58,Vanh Dai 3,29,40,0.57,703,510,1,0.725,0,0,Clear,mây rải rác,26.98,83,5.08,1,20,6,4,tomtom_realtime
2026-04-05 20:38:58,Ton Duc Thang,17,28,1.39,673,408,1,0.6071,0,0,Clear,mây rải rác,26.98,83,5.08,1,20,6,4,tomtom_realtime
2026-04-05 20:44:03,Nguyen Trai,21,30,0.86,481,337,1,0.7,0,0,Clear,mây rải rác,26.98,83,5.08,1,20,6,4,tomtom_realtime
2026-04-05 20:44:03,Vanh Dai 3,30,41,0.54,680,497,1,0.7317,0,0,Clear,mây rải rác,26.98,83,5.08,1,20,6,4,tomtom_realtime
2026-04-05 20:44:03,Ton Duc Thang,17,27,1.31,673,423,1,0.6296,0,0,Clear,mây rải rác,26.98,83,5.08,1,20,6,4,tomtom_realtime
2026-04-05 20:49:07,Nguyen Trai,18,30,1.33,561,337,1,0.6,0,0,Clear,mây rải rác,26.98,83,5.08,1,20,6,4,tomtom_realtime
2026-04-05 20:49:07,Vanh Dai 3,27,40,0.72,756,510,1,0.675,0,0,Clear,mây rải rác,26.98,83,5.08,1,20,6,4,tomtom_realtime
2026-04-05 20:49:07,Ton Duc Thang,17,29,1.46,673,394,1,0.5862,0,0,Clear,mây rải rác,26.98,83,5.08,1,20,6,4,tomtom_realtime
2026-04-05 20:54:14,Nguyen Trai,22,31,0.79,459,326,1,0.7097,0,0,Clear,mây rải rác,26.98,83,5.08,1,20,6,4,tomtom_realtime
2026-04-05 20:54:14,Vanh Dai 3,29,40,0.57,703,510,1,0.725,0,0,Clear,mây rải rác,26.98,83,5.08,1,20,6,4,tomtom_realtime
2026-04-05 20:54:14,Ton Duc Thang,18,27,1.11,635,423,1,0.6667,0,0,Clear,mây rải rác,26.98,83,5.08,1,20,6,4,tomtom_realtime
2026-04-05 20:59:18,Nguyen Trai,22,31,0.79,459,326,1,0.7097,0,0,Clear,mây rải rác,26.98,82,5.08,1,20,6,4,tomtom_realtime
2026-04-05 20:59:18,Vanh Dai 3,27,40,0.72,756,510,1,0.675,0,0,Clear,mây rải rác,26.98,82,5.08,1,20,6,4,tomtom_realtime
2026-04-05 20:59:18,Ton Duc Thang,17,28,1.39,673,408,1,0.6071,0,0,Clear,mây rải rác,26.98,82,5.08,1,20,6,4,tomtom_realtime
2026-04-05 21:04:22,Nguyen Trai,20,30,1.0,505,337,1,0.6667,0,0,Clear,mây rải rác,26.98,82,5.08,1,21,6,4,tomtom_realtime
2026-04-05 21:04:22,Vanh Dai 3,28,41,0.68,729,497,1,0.6829,0,0,Clear,mây rải rác,26.98,82,5.08,1,21,6,4,tomtom_realtime
2026-04-05 21:04:22,Ton Duc Thang,19,28,1.02,602,408,1,0.6786,0,0,Clear,mây rải rác,26.98,82,5.08,1,21,6,4,tomtom_realtime
2026-04-05 21:09:26,Nguyen Trai,22,31,0.79,459,326,1,0.7097,0,0,Clear,mây rải rác,26.98,85,5.08,1,21,6,4,tomtom_realtime
2026-04-05 21:09:26,Vanh Dai 3,29,41,0.61,703,497,1,0.7073,0,0,Clear,mây rải rác,26.98,85,5.08,1,21,6,4,tomtom_realtime
2026-04-05 21:09:26,Ton Duc Thang,17,28,1.39,673,408,1,0.6071,0,0,Clear,mây rải rác,26.98,85,5.08,1,21,6,4,tomtom_realtime
2026-04-06 00:03:14,Nguyen Trai,31,31,0,326,326,1,1.0,0,0,Clear,mây rải rác,25.98,85,4.88,0,0,0,4,tomtom_realtime
2026-04-06 00:03:14,Vanh Dai 3,41,41,0,497,497,1,1.0,0,0,Clear,mây rải rác,25.98,85,4.88,0,0,0,4,tomtom_realtime
2026-04-06 00:03:14,Ton Duc Thang,28,28,0,408,408,1,1.0,0,0,Clear,mây rải rác,25.98,85,4.88,0,0,0,4,tomtom_realtime
2026-04-06 00:08:16,Nguyen Trai,31,31,0,326,326,1,1.0,0,0,Clear,mây rải rác,25.98,89,4.88,0,0,0,4,tomtom_realtime
2026-04-06 00:08:16,Vanh Dai 3,41,41,0,497,497,1,1.0,0,0,Clear,mây rải rác,25.98,89,4.88,0,0,0,4,tomtom_realtime
2026-04-06 00:08:16,Ton Duc Thang,28,28,0,408,408,1,1.0,0,0,Clear,mây rải rác,25.98,89,4.88,0,0,0,4,tomtom_realtime
2026-04-06 00:13:21,Nguyen Trai,31,31,0,326,326,1,1.0,0,0,Clear,mây rải rác,25.98,89,4.88,0,0,0,4,tomtom_realtime
2026-04-06 00:13:21,Vanh Dai 3,41,41,0,497,497,1,1.0,0,0,Clear,mây rải rác,25.98,89,4.88,0,0,0,4,tomtom_realtime
2026-04-06 00:13:21,Ton Duc Thang,28,28,0,408,408,1,1.0,0,0,Clear,mây rải rác,25.98,89,4.88,0,0,0,4,tomtom_realtime
2026-04-06 00:18:24,Nguyen Trai,31,31,0,326,326,1,1.0,0,0,Clear,mây rải rác,25.98,89,4.88,0,0,0,4,tomtom_realtime
2026-04-06 00:18:24,Vanh Dai 3,41,41,0,497,497,1,1.0,0,0,Clear,mây rải rác,25.98,89,4.88,0,0,0,4,tomtom_realtime
2026-04-06 00:18:24,Ton Duc Thang,28,28,0,408,408,1,1.0,0,0,Clear,mây rải rác,25.98,89,4.88,0,0,0,4,tomtom_realtime
2026-04-06 00:23:27,Nguyen Trai,31,31,0,326,326,1,1.0,0,0,Clear,mây rải rác,25.98,87,4.88,0,0,0,4,tomtom_realtime
2026-04-06 00:23:27,Vanh Dai 3,41,41,0,497,497,1,1.0,0,0,Clear,mây rải rác,25.98,87,4.88,0,0,0,4,tomtom_realtime
2026-04-06 00:23:27,Ton Duc Thang,28,28,0,408,408,1,1.0,0,0,Clear,mây rải rác,25.98,87,4.88,0,0,0,4,tomtom_realtime
2026-04-06 00:28:30,Nguyen Trai,31,31,0,326,326,1,1.0,0,0,Clear,mây rải rác,25.98,87,4.88,0,0,0,4,tomtom_realtime
2026-04-06 00:28:30,Vanh Dai 3,41,41,0,497,497,1,1.0,0,0,Clear,mây rải rác,25.98,87,4.88,0,0,0,4,tomtom_realtime
2026-04-06 00:28:30,Ton Duc Thang,28,28,0,408,408,1,1.0,0,0,Clear,mây rải rác,25.98,87,4.88,0,0,0,4,tomtom_realtime
2026-04-06 00:33:33,Nguyen Trai,31,31,0.0,326,326,1,1.0,0,0,Clear,mây rải rác,25.98,87,4.88,0,0,0,4,tomtom_realtime
2026-04-06 00:33:33,Vanh Dai 3,41,41,0.0,497,497,1,1.0,0,0,Clear,mây rải rác,25.98,87,4.88,0,0,0,4,tomtom_realtime
2026-04-06 00:33:33,Ton Duc Thang,23,29,0.54,497,394,1,0.7931,0,0,Clear,mây rải rác,25.98,87,4.88,0,0,0,4,tomtom_realtime
2026-04-06 00:38:36,Nguyen Trai,31,31,0.0,326,326,1,1.0,0,0,Clear,mây rải rác,25.98,83,4.31,0,0,0,4,tomtom_realtime
2026-04-06 00:38:36,Vanh Dai 3,41,41,0.0,497,497,1,1.0,0,0,Clear,mây rải rác,25.98,83,4.31,0,0,0,4,tomtom_realtime
2026-04-06 00:38:36,Ton Duc Thang,22,27,0.51,520,423,1,0.8148,0,0,Clear,mây rải rác,25.98,83,4.31,0,0,0,4,tomtom_realtime
2026-04-06 00:43:39,Nguyen Trai,31,31,0,326,326,1,1.0,0,0,Clear,mây rải rác,25.98,83,4.31,0,0,0,4,tomtom_realtime
2026-04-06 00:43:39,Vanh Dai 3,41,41,0,497,497,1,1.0,0,0,Clear,mây rải rác,25.98,83,4.31,0,0,0,4,tomtom_realtime
2026-04-06 00:43:39,Ton Duc Thang,28,28,0,408,408,1,1.0,0,0,Clear,mây rải rác,25.98,83,4.31,0,0,0,4,tomtom_realtime
2026-04-06 00:48:42,Nguyen Trai,27,31,0.29,374,326,1,0.871,0,0,Clear,mây thưa,25.98,83,2.74,0,0,0,4,tomtom_realtime
2026-04-06 00:48:42,Vanh Dai 3,41,41,0.0,497,497,1,1.0,0,0,Clear,mây thưa,25.98,83,2.74,0,0,0,4,tomtom_realtime
2026-04-06 00:48:42,Ton Duc Thang,28,28,0.0,408,408,1,1.0,0,0,Clear,mây thưa,25.98,83,2.74,0,0,0,4,tomtom_realtime
2026-04-06 00:53:46,Nguyen Trai,31,31,0,326,326,1,1.0,0,0,Clear,mây thưa,25.98,83,2.74,0,0,0,4,tomtom_realtime
2026-04-06 00:53:46,Vanh Dai 3,41,41,0,497,497,1,1.0,0,0,Clear,mây thưa,25.98,83,2.74,0,0,0,4,tomtom_realtime
2026-04-06 00:53:46,Ton Duc Thang,28,28,0,408,408,1,1.0,0,0,Clear,mây thưa,25.98,83,2.74,0,0,0,4,tomtom_realtime
2026-04-06 00:58:50,Nguyen Trai,27,31,0.29,374,326,1,0.871,0,0,Clear,mây thưa,25.98,83,2.74,0,0,0,4,tomtom_realtime
2026-04-06 00:58:50,Vanh Dai 3,41,41,0.0,497,497,1,1.0,0,0,Clear,mây thưa,25.98,83,2.74,0,0,0,4,tomtom_realtime
2026-04-06 00:58:50,Ton Duc Thang,28,28,0.0,408,408,1,1.0,0,0,Clear,mây thưa,25.98,83,2.74,0,0,0,4,tomtom_realtime
2026-04-06 01:03:53,Nguyen Trai,31,31,0,326,326,1,1.0,0,0,Clear,mây thưa,25.98,83,2.74,0,1,0,4,tomtom_realtime
2026-04-06 01:03:53,Vanh Dai 3,41,41,0,497,497,1,1.0,0,0,Clear,mây thưa,25.98,83,2.74,0,1,0,4,tomtom_realtime
2026-04-06 01:03:53,Ton Duc Thang,28,28,0,408,408,1,1.0,0,0,Clear,mây thưa,25.98,83,2.74,0,1,0,4,tomtom_realtime
2026-04-06 01:08:56,Nguyen Trai,23,30,0.61,439,337,1.0,0.7667,0,0,Clear,mây thưa,25.98,83,2.74,0,1,0,4,tomtom_realtime
2026-04-06 01:08:56,Vanh Dai 3,41,41,0.0,497,497,1.0,1.0,0,0,Clear,mây thưa,25.98,83,2.74,0,1,0,4,tomtom_realtime
2026-04-06 01:08:56,Ton Duc Thang,28,28,0.0,408,408,1.0,1.0,0,0,Clear,mây thưa,25.98,83,2.74,0,1,0,4,tomtom_realtime
2026-04-06 01:14:00,Nguyen Trai,25,31,0.46,404,326,1.0,0.8065,0,0,Clear,mây thưa,25.98,83,2.74,0,1,0,4,tomtom_realtime
2026-04-06 01:14:00,Vanh Dai 3,41,41,0.0,497,497,1.0,1.0,0,0,Clear,mây thưa,25.98,83,2.74,0,1,0,4,tomtom_realtime
2026-04-06 01:14:00,Ton Duc Thang,28,28,0.0,408,408,1.0,1.0,0,0,Clear,mây thưa,25.98,83,2.74,0,1,0,4,tomtom_realtime
2026-04-06 01:19:05,Nguyen Trai,31,31,0,326,326,1,1.0,0,0,Clear,mây thưa,25.98,83,2.74,0,1,0,4,tomtom_realtime
2026-04-06 01:19:05,Vanh Dai 3,41,41,0,497,497,1,1.0,0,0,Clear,mây thưa,25.98,83,2.74,0,1,0,4,tomtom_realtime
2026-04-06 01:19:05,Ton Duc Thang,28,28,0,408,408,1,1.0,0,0,Clear,mây thưa,25.98,83,2.74,0,1,0,4,tomtom_realtime
2026-04-06 01:24:08,Nguyen Trai,31,31,0,326,326,1,1.0,0,0,Clear,mây thưa,25.98,83,2.74,0,1,0,4,tomtom_realtime
2026-04-06 01:24:08,Vanh Dai 3,41,41,0,497,497,1,1.0,0,0,Clear,mây thưa,25.98,83,2.74,0,1,0,4,tomtom_realtime
2026-04-06 01:24:08,Ton Duc Thang,28,28,0,408,408,1,1.0,0,0,Clear,mây thưa,25.98,83,2.74,0,1,0,4,tomtom_realtime
2026-04-06 01:29:11,Nguyen Trai,31,31,0,326,326,1,1.0,0,0,Clear,mây thưa,25.98,83,2.74,0,1,0,4,tomtom_realtime
2026-04-06 01:29:11,Vanh Dai 3,41,41,0,497,497,1,1.0,0,0,Clear,mây thưa,25.98,83,2.74,0,1,0,4,tomtom_realtime
2026-04-06 01:29:11,Ton Duc Thang,28,28,0,408,408,1,1.0,0,0,Clear,mây thưa,25.98,83,2.74,0,1,0,4,tomtom_realtime
2026-04-06 01:34:14,Nguyen Trai,31,31,0,326,326,1,1.0,0,0,Clear,bầu trời quang đãng,25.98,81,2.4,0,1,0,4,tomtom_realtime
2026-04-06 01:34:14,Vanh Dai 3,41,41,0,497,497,1,1.0,0,0,Clear,bầu trời quang đãng,25.98,81,2.4,0,1,0,4,tomtom_realtime
2026-04-06 01:34:14,Ton Duc Thang,28,28,0,408,408,1,1.0,0,0,Clear,bầu trời quang đãng,25.98,81,2.4,0,1,0,4,tomtom_realtime
2026-04-06 01:39:18,Nguyen Trai,31,31,0,326,326,1,1.0,0,0,Clear,mây thưa,25.98,83,2.74,0,1,0,4,tomtom_realtime
2026-04-06 01:39:18,Vanh Dai 3,41,41,0,497,497,1,1.0,0,0,Clear,mây thưa,25.98,83,2.74,0,1,0,4,tomtom_realtime
2026-04-06 01:39:18,Ton Duc Thang,28,28,0,408,408,1,1.0,0,0,Clear,mây thưa,25.98,83,2.74,0,1,0,4,tomtom_realtime
2026-04-06 01:44:21,Nguyen Trai,31,31,0,326,326,1,1.0,0,0,Clear,bầu trời quang đãng,25.96,88,2.4,0,1,0,4,tomtom_realtime
2026-04-06 01:44:21,Vanh Dai 3,41,41,0,497,497,1,1.0,0,0,Clear,bầu trời quang đãng,25.96,88,2.4,0,1,0,4,tomtom_realtime
2026-04-06 01:44:21,Ton Duc Thang,28,28,0,408,408,1,1.0,0,0,Clear,bầu trời quang đãng,25.96,88,2.4,0,1,0,4,tomtom_realtime
2026-04-06 01:49:25,Nguyen Trai,31,31,0,326,326,1,1.0,0,0,Clear,bầu trời quang đãng,25.96,88,2.4,0,1,0,4,tomtom_realtime
2026-04-06 01:49:25,Vanh Dai 3,41,41,0,497,497,1,1.0,0,0,Clear,bầu trời quang đãng,25.96,88,2.4,0,1,0,4,tomtom_realtime
2026-04-06 01:49:25,Ton Duc Thang,28,28,0,408,408,1,1.0,0,0,Clear,bầu trời quang đãng,25.96,88,2.4,0,1,0,4,tomtom_realtime
2026-04-06 01:54:28,Nguyen Trai,26,31,0.37,388,326,1.0,0.8387,0,0,Clear,bầu trời quang đãng,25.98,88,2.4,0,1,0,4,tomtom_realtime
2026-04-06 01:54:28,Vanh Dai 3,41,41,0.0,497,497,1.0,1.0,0,0,Clear,bầu trời quang đãng,25.98,88,2.4,0,1,0,4,tomtom_realtime
2026-04-06 01:54:28,Ton Duc Thang,28,28,0.0,408,408,1.0,1.0,0,0,Clear,bầu trời quang đãng,25.98,88,2.4,0,1,0,4,tomtom_realtime
2026-04-06 01:59:31,Nguyen Trai,26,31,0.37,388,326,1.0,0.8387,0,0,Clear,bầu trời quang đãng,25.98,88,2.4,0,1,0,4,tomtom_realtime
2026-04-06 01:59:31,Vanh Dai 3,41,41,0.0,497,497,1.0,1.0,0,0,Clear,bầu trời quang đãng,25.98,88,2.4,0,1,0,4,tomtom_realtime
2026-04-06 01:59:31,Ton Duc Thang,28,28,0.0,408,408,1.0,1.0,0,0,Clear,bầu trời quang đãng,25.98,88,2.4,0,1,0,4,tomtom_realtime
2026-04-06 02:04:34,Nguyen Trai,31,31,0,326,326,1,1.0,0,0,Clear,bầu trời quang đãng,25.98,88,2.4,0,2,0,4,tomtom_realtime
2026-04-06 02:04:34,Vanh Dai 3,41,41,0,497,497,1,1.0,0,0,Clear,bầu trời quang đãng,25.98,88,2.4,0,2,0,4,tomtom_realtime
2026-04-06 02:04:34,Ton Duc Thang,28,28,0,408,408,1,1.0,0,0,Clear,bầu trời quang đãng,25.98,88,2.4,0,2,0,4,tomtom_realtime
2026-04-06 02:09:38,Nguyen Trai,31,31,0,326,326,1,1.0,0,0,Clear,bầu trời quang đãng,25.98,88,2.4,0,2,0,4,tomtom_realtime
2026-04-06 02:09:38,Vanh Dai 3,41,41,0,497,497,1,1.0,0,0,Clear,bầu trời quang đãng,25.98,88,2.4,0,2,0,4,tomtom_realtime
2026-04-06 02:09:38,Ton Duc Thang,28,28,0,408,408,1,1.0,0,0,Clear,bầu trời quang đãng,25.98,88,2.4,0,2,0,4,tomtom_realtime
2026-04-06 02:14:41,Nguyen Trai,31,31,0,326,326,1,1.0,0,0,Clear,bầu trời quang đãng,25.98,88,2.4,0,2,0,4,tomtom_realtime
2026-04-06 02:14:41,Vanh Dai 3,41,41,0,497,497,1,1.0,0,0,Clear,bầu trời quang đãng,25.98,88,2.4,0,2,0,4,tomtom_realtime
2026-04-06 02:14:41,Ton Duc Thang,28,28,0,408,408,1,1.0,0,0,Clear,bầu trời quang đãng,25.98,88,2.4,0,2,0,4,tomtom_realtime
2026-04-06 02:19:44,Nguyen Trai,31,31,0,326,326,1,1.0,0,0,Clear,bầu trời quang đãng,25.98,88,2.4,0,2,0,4,tomtom_realtime
2026-04-06 02:19:44,Vanh Dai 3,41,41,0,497,497,1,1.0,0,0,Clear,bầu trời quang đãng,25.98,88,2.4,0,2,0,4,tomtom_realtime
2026-04-06 02:19:44,Ton Duc Thang,28,28,0,408,408,1,1.0,0,0,Clear,bầu trời quang đãng,25.98,88,2.4,0,2,0,4,tomtom_realtime
2026-04-06 02:24:48,Nguyen Trai,31,31,0.0,326,326,1,1.0,0,0,Clear,bầu trời quang đãng,25.98,88,2.4,0,2,0,4,tomtom_realtime
2026-04-06 02:24:48,Vanh Dai 3,33,41,0.35,618,497,1,0.8049,0,0,Clear,bầu trời quang đãng,25.98,88,2.4,0,2,0,4,tomtom_realtime
2026-04-06 02:24:48,Ton Duc Thang,28,28,0.0,408,408,1,1.0,0,0,Clear,bầu trời quang đãng,25.98,88,2.4,0,2,0,4,tomtom_realtime
2026-04-06 02:29:51,Nguyen Trai,31,31,0,326,326,1,1.0,0,0,Clear,bầu trời quang đãng,25.96,88,2.4,0,2,0,4,tomtom_realtime
2026-04-06 02:29:51,Vanh Dai 3,41,41,0,497,497,1,1.0,0,0,Clear,bầu trời quang đãng,25.96,88,2.4,0,2,0,4,tomtom_realtime
2026-04-06 02:29:51,Ton Duc Thang,28,28,0,408,408,1,1.0,0,0,Clear,bầu trời quang đãng,25.96,88,2.4,0,2,0,4,tomtom_realtime
2026-04-06 02:34:54,Nguyen Trai,31,31,0,326,326,1,1.0,0,0,Clear,bầu trời quang đãng,25.96,88,2.4,0,2,0,4,tomtom_realtime
2026-04-06 02:34:54,Vanh Dai 3,41,41,0,497,497,1,1.0,0,0,Clear,bầu trời quang đãng,25.96,88,2.4,0,2,0,4,tomtom_realtime
2026-04-06 02:34:54,Ton Duc Thang,28,28,0,408,408,1,1.0,0,0,Clear,bầu trời quang đãng,25.96,88,2.4,0,2,0,4,tomtom_realtime
2026-04-06 02:39:57,Nguyen Trai,31,31,0,326,326,1,1.0,0,0,Clear,mây thưa,25.98,88,2.21,0,2,0,4,tomtom_realtime
2026-04-06 02:39:57,Vanh Dai 3,41,41,0,497,497,1,1.0,0,0,Clear,mây thưa,25.98,88,2.21,0,2,0,4,tomtom_realtime
2026-04-06 02:39:57,Ton Duc Thang,28,28,0,408,408,1,1.0,0,0,Clear,mây thưa,25.98,88,2.21,0,2,0,4,tomtom_realtime
2026-04-06 02:45:01,Nguyen Trai,31,31,0,326,326,1,1.0,0,0,Clear,mây thưa,25.98,88,2.21,0,2,0,4,tomtom_realtime
2026-04-06 02:45:01,Vanh Dai 3,41,41,0,497,497,1,1.0,0,0,Clear,mây thưa,25.98,88,2.21,0,2,0,4,tomtom_realtime
2026-04-06 02:45:01,Ton Duc Thang,28,28,0,408,408,1,1.0,0,0,Clear,mây thưa,25.98,88,2.21,0,2,0,4,tomtom_realtime
2026-04-06 02:50:04,Nguyen Trai,31,31,0,326,326,1,1.0,0,0,Clear,mây thưa,25.98,88,2.21,0,2,0,4,tomtom_realtime
2026-04-06 02:50:04,Vanh Dai 3,41,41,0,497,497,1,1.0,0,0,Clear,mây thưa,25.98,88,2.21,0,2,0,4,tomtom_realtime
2026-04-06 02:50:04,Ton Duc Thang,28,28,0,408,408,1,1.0,0,0,Clear,mây thưa,25.98,88,2.21,0,2,0,4,tomtom_realtime
2026-04-06 02:55:07,Nguyen Trai,31,31,0,326,326,1,1.0,0,0,Clear,mây thưa,25.98,88,2.21,0,2,0,4,tomtom_realtime
2026-04-06 02:55:07,Vanh Dai 3,41,41,0,497,497,1,1.0,0,0,Clear,mây thưa,25.98,88,2.21,0,2,0,4,tomtom_realtime
2026-04-06 02:55:07,Ton Duc Thang,28,28,0,408,408,1,1.0,0,0,Clear,mây thưa,25.98,88,2.21,0,2,0,4,tomtom_realtime
2026-04-06 03:00:10,Nguyen Trai,31,31,0,326,326,1,1.0,0,0,Clear,mây thưa,25.98,88,2.21,0,3,0,4,tomtom_realtime
2026-04-06 03:00:10,Vanh Dai 3,41,41,0,497,497,1,1.0,0,0,Clear,mây thưa,25.98,88,2.21,0,3,0,4,tomtom_realtime
2026-04-06 03:00:10,Ton Duc Thang,28,28,0,408,408,1,1.0,0,0,Clear,mây thưa,25.98,88,2.21,0,3,0,4,tomtom_realtime
2026-04-06 03:05:13,Nguyen Trai,31,31,0,326,326,1,1.0,0,0,Clear,mây thưa,25.98,88,2.21,0,3,0,4,tomtom_realtime
2026-04-06 03:05:13,Vanh Dai 3,41,41,0,497,497,1,1.0,0,0,Clear,mây thưa,25.98,88,2.21,0,3,0,4,tomtom_realtime
2026-04-06 03:05:13,Ton Duc Thang,28,28,0,408,408,1,1.0,0,0,Clear,mây thưa,25.98,88,2.21,0,3,0,4,tomtom_realtime
2026-04-06 03:10:17,Nguyen Trai,31,31,0,326,326,1,1.0,0,0,Clear,mây thưa,25.98,89,2.21,0,3,0,4,tomtom_realtime
2026-04-06 03:10:17,Vanh Dai 3,41,41,0,497,497,1,1.0,0,0,Clear,mây thưa,25.98,89,2.21,0,3,0,4,tomtom_realtime
2026-04-06 03:10:17,Ton Duc Thang,28,28,0,408,408,1,1.0,0,0,Clear,mây thưa,25.98,89,2.21,0,3,0,4,tomtom_realtime
2026-04-06 03:15:20,Nguyen Trai,31,31,0,326,326,1,1.0,0,0,Clear,mây thưa,25.98,89,2.21,0,3,0,4,tomtom_realtime
2026-04-06 03:15:20,Vanh Dai 3,41,41,0,497,497,1,1.0,0,0,Clear,mây thưa,25.98,89,2.21,0,3,0,4,tomtom_realtime
2026-04-06 03:15:20,Ton Duc Thang,28,28,0,408,408,1,1.0,0,0,Clear,mây thưa,25.98,89,2.21,0,3,0,4,tomtom_realtime
2026-04-06 03:20:24,Nguyen Trai,31,31,0,326,326,1,1.0,0,0,Clear,mây thưa,25.98,89,2.21,0,3,0,4,tomtom_realtime
2026-04-06 03:20:24,Vanh Dai 3,41,41,0,497,497,1,1.0,0,0,Clear,mây thưa,25.98,89,2.21,0,3,0,4,tomtom_realtime
2026-04-06 03:20:24,Ton Duc Thang,28,28,0,408,408,1,1.0,0,0,Clear,mây thưa,25.98,89,2.21,0,3,0,4,tomtom_realtime
2026-04-06 03:25:27,Nguyen Trai,31,31,0,326,326,1,1.0,0,0,Clear,mây thưa,25.98,89,2.21,0,3,0,4,tomtom_realtime
2026-04-06 03:25:27,Vanh Dai 3,41,41,0,497,497,1,1.0,0,0,Clear,mây thưa,25.98,89,2.21,0,3,0,4,tomtom_realtime
2026-04-06 03:25:27,Ton Duc Thang,28,28,0,408,408,1,1.0,0,0,Clear,mây thưa,25.98,89,2.21,0,3,0,4,tomtom_realtime
2026-04-06 03:30:30,Nguyen Trai,31,31,0,326,326,1,1.0,0,0,Clear,mây thưa,25.98,89,2.53,0,3,0,4,tomtom_realtime
2026-04-06 03:30:30,Vanh Dai 3,41,41,0,497,497,1,1.0,0,0,Clear,mây thưa,25.98,89,2.53,0,3,0,4,tomtom_realtime
2026-04-06 03:30:30,Ton Duc Thang,28,28,0,408,408,1,1.0,0,0,Clear,mây thưa,25.98,89,2.53,0,3,0,4,tomtom_realtime
2026-04-06 03:35:33,Nguyen Trai,31,31,0,326,326,1,1.0,0,0,Clear,mây thưa,25.98,89,2.53,0,3,0,4,tomtom_realtime
2026-04-06 03:35:33,Vanh Dai 3,41,41,0,497,497,1,1.0,0,0,Clear,mây thưa,25.98,89,2.53,0,3,0,4,tomtom_realtime
2026-04-06 03:35:33,Ton Duc Thang,28,28,0,408,408,1,1.0,0,0,Clear,mây thưa,25.98,89,2.53,0,3,0,4,tomtom_realtime
2026-04-06 03:40:37,Nguyen Trai,31,31,0,326,326,1,1.0,0,0,Clear,mây thưa,25.98,89,2.53,0,3,0,4,tomtom_realtime
2026-04-06 03:40:37,Vanh Dai 3,41,41,0,497,497,1,1.0,0,0,Clear,mây thưa,25.98,89,2.53,0,3,0,4,tomtom_realtime
2026-04-06 03:40:37,Ton Duc Thang,28,28,0,408,408,1,1.0,0,0,Clear,mây thưa,25.98,89,2.53,0,3,0,4,tomtom_realtime
2026-04-06 03:45:40,Nguyen Trai,31,31,0,326,326,1,1.0,0,0,Clear,mây thưa,25.98,89,2.53,0,3,0,4,tomtom_realtime
2026-04-06 03:45:40,Vanh Dai 3,41,41,0,497,497,1,1.0,0,0,Clear,mây thưa,25.98,89,2.53,0,3,0,4,tomtom_realtime
2026-04-06 03:45:40,Ton Duc Thang,28,28,0,408,408,1,1.0,0,0,Clear,mây thưa,25.98,89,2.53,0,3,0,4,tomtom_realtime
2026-04-06 03:50:43,Nguyen Trai,31,31,0,326,326,1,1.0,0,0,Clear,mây thưa,25.98,89,2.53,0,3,0,4,tomtom_realtime
2026-04-06 03:50:43,Vanh Dai 3,41,41,0,497,497,1,1.0,0,0,Clear,mây thưa,25.98,89,2.53,0,3,0,4,tomtom_realtime
2026-04-06 03:50:43,Ton Duc Thang,28,28,0,408,408,1,1.0,0,0,Clear,mây thưa,25.98,89,2.53,0,3,0,4,tomtom_realtime
2026-04-06 03:55:46,Nguyen Trai,31,31,0,326,326,1,1.0,0,0,Clear,mây thưa,25.98,89,2.53,0,3,0,4,tomtom_realtime
2026-04-06 03:55:46,Vanh Dai 3,41,41,0,497,497,1,1.0,0,0,Clear,mây thưa,25.98,89,2.53,0,3,0,4,tomtom_realtime
2026-04-06 03:55:46,Ton Duc Thang,28,28,0,408,408,1,1.0,0,0,Clear,mây thưa,25.98,89,2.53,0,3,0,4,tomtom_realtime
2026-04-06 04:00:49,Nguyen Trai,31,31,0.0,326,326,1.0,1.0,0,0,Clear,mây thưa,25.98,89,2.53,0,4,0,4,tomtom_realtime
2026-04-06 04:00:49,Vanh Dai 3,41,41,0.0,497,497,1.0,1.0,0,0,Clear,mây thưa,25.98,89,2.53,0,4,0,4,tomtom_realtime
2026-04-06 04:00:49,Ton Duc Thang,24,28,0.36,476,408,0.99,0.8571,0,0,Clear,mây thưa,25.98,89,2.53,0,4,0,4,tomtom_realtime
2026-04-06 04:05:52,Nguyen Trai,31,31,0.0,326,326,1.0,1.0,0,0,Clear,mây thưa,25.98,89,2.53,0,4,0,4,tomtom_realtime
2026-04-06 04:05:52,Vanh Dai 3,41,41,0.0,497,497,1.0,1.0,0,0,Clear,mây thưa,25.98,89,2.53,0,4,0,4,tomtom_realtime
2026-04-06 04:05:52,Ton Duc Thang,25,28,0.26,457,408,0.99,0.8929,0,0,Clear,mây thưa,25.98,89,2.53,0,4,0,4,tomtom_realtime
2026-04-06 04:10:55,Nguyen Trai,31,31,0,326,326,1,1.0,0,0,Clear,mây thưa,25.98,89,2.53,0,4,0,4,tomtom_realtime
2026-04-06 04:10:55,Vanh Dai 3,41,41,0,497,497,1,1.0,0,0,Clear,mây thưa,25.98,89,2.53,0,4,0,4,tomtom_realtime
2026-04-06 04:10:55,Ton Duc Thang,28,28,0,408,408,1,1.0,0,0,Clear,mây thưa,25.98,89,2.53,0,4,0,4,tomtom_realtime
2026-04-06 04:15:59,Nguyen Trai,31,31,0,326,326,1,1.0,0,0,Clear,mây thưa,25.98,89,2.53,0,4,0,4,tomtom_realtime
2026-04-06 04:15:59,Vanh Dai 3,41,41,0,497,497,1,1.0,0,0,Clear,mây thưa,25.98,89,2.53,0,4,0,4,tomtom_realtime
2026-04-06 04:15:59,Ton Duc Thang,28,28,0,408,408,1,1.0,0,0,Clear,mây thưa,25.98,89,2.53,0,4,0,4,tomtom_realtime
2026-04-06 04:21:02,Nguyen Trai,31,31,0,326,326,1,1.0,0,0,Clear,mây thưa,25.98,89,2.53,0,4,0,4,tomtom_realtime
2026-04-06 04:21:02,Vanh Dai 3,41,41,0,497,497,1,1.0,0,0,Clear,mây thưa,25.98,89,2.53,0,4,0,4,tomtom_realtime
2026-04-06 04:21:02,Ton Duc Thang,28,28,0,408,408,1,1.0,0,0,Clear,mây thưa,25.98,89,2.53,0,4,0,4,tomtom_realtime
2026-04-06 04:26:05,Nguyen Trai,31,31,0,326,326,1,1.0,0,0,Clear,mây thưa,25.98,89,2.53,0,4,0,4,tomtom_realtime
2026-04-06 04:26:05,Vanh Dai 3,41,41,0,497,497,1,1.0,0,0,Clear,mây thưa,25.98,89,2.53,0,4,0,4,tomtom_realtime
2026-04-06 04:26:05,Ton Duc Thang,28,28,0,408,408,1,1.0,0,0,Clear,mây thưa,25.98,89,2.53,0,4,0,4,tomtom_realtime
2026-04-06 04:31:08,Nguyen Trai,31,31,0,326,326,1,1.0,0,0,Clear,mây thưa,25.98,90,2.37,0,4,0,4,tomtom_realtime
2026-04-06 04:31:08,Vanh Dai 3,41,41,0,497,497,1,1.0,0,0,Clear,mây thưa,25.98,90,2.37,0,4,0,4,tomtom_realtime
2026-04-06 04:31:08,Ton Duc Thang,28,28,0,408,408,1,1.0,0,0,Clear,mây thưa,25.98,90,2.37,0,4,0,4,tomtom_realtime
2026-04-06 04:36:12,Nguyen Trai,31,31,0,326,326,1,1.0,0,0,Clear,mây thưa,25.98,90,2.37,0,4,0,4,tomtom_realtime
2026-04-06 04:36:12,Vanh Dai 3,41,41,0,497,497,1,1.0,0,0,Clear,mây thưa,25.98,90,2.37,0,4,0,4,tomtom_realtime
2026-04-06 04:36:12,Ton Duc Thang,28,28,0,408,408,1,1.0,0,0,Clear,mây thưa,25.98,90,2.37,0,4,0,4,tomtom_realtime
2026-04-06 04:41:15,Nguyen Trai,31,31,0,326,326,1,1.0,0,0,Clear,mây thưa,25.98,90,2.37,0,4,0,4,tomtom_realtime
2026-04-06 04:41:15,Vanh Dai 3,41,41,0,497,497,1,1.0,0,0,Clear,mây thưa,25.98,90,2.37,0,4,0,4,tomtom_realtime
2026-04-06 04:41:15,Ton Duc Thang,28,28,0,408,408,1,1.0,0,0,Clear,mây thưa,25.98,90,2.37,0,4,0,4,tomtom_realtime
2026-04-06 04:46:18,Nguyen Trai,31,31,0,326,326,1,1.0,0,0,Clear,mây thưa,25.98,90,2.37,0,4,0,4,tomtom_realtime
2026-04-06 04:46:18,Vanh Dai 3,41,41,0,497,497,1,1.0,0,0,Clear,mây thưa,25.98,90,2.37,0,4,0,4,tomtom_realtime
2026-04-06 04:46:18,Ton Duc Thang,28,28,0,408,408,1,1.0,0,0,Clear,mây thưa,25.98,90,2.37,0,4,0,4,tomtom_realtime
2026-04-06 04:51:21,Nguyen Trai,31,31,0,326,326,1,1.0,0,0,Clear,mây thưa,25.98,90,2.37,0,4,0,4,tomtom_realtime
2026-04-06 04:51:21,Vanh Dai 3,41,41,0,497,497,1,1.0,0,0,Clear,mây thưa,25.98,90,2.37,0,4,0,4,tomtom_realtime
2026-04-06 04:51:21,Ton Duc Thang,28,28,0,408,408,1,1.0,0,0,Clear,mây thưa,25.98,90,2.37,0,4,0,4,tomtom_realtime
2026-04-06 04:56:24,Nguyen Trai,31,31,0,326,326,1,1.0,0,0,Clear,mây thưa,25.98,90,2.37,0,4,0,4,tomtom_realtime
2026-04-06 04:56:24,Vanh Dai 3,41,41,0,497,497,1,1.0,0,0,Clear,mây thưa,25.98,90,2.37,0,4,0,4,tomtom_realtime
2026-04-06 04:56:24,Ton Duc Thang,28,28,0,408,408,1,1.0,0,0,Clear,mây thưa,25.98,90,2.37,0,4,0,4,tomtom_realtime
2026-04-06 05:01:28,Nguyen Trai,31,31,0,326,326,1,1.0,0,0,Clear,mây thưa,25.98,90,2.37,0,5,0,4,tomtom_realtime
2026-04-06 05:01:28,Vanh Dai 3,41,41,0,497,497,1,1.0,0,0,Clear,mây thưa,25.98,90,2.37,0,5,0,4,tomtom_realtime
2026-04-06 05:01:28,Ton Duc Thang,28,28,0,408,408,1,1.0,0,0,Clear,mây thưa,25.98,90,2.37,0,5,0,4,tomtom_realtime
2026-04-06 05:06:31,Nguyen Trai,31,31,0,326,326,1,1.0,0,0,Clear,mây thưa,25.98,90,2.37,0,5,0,4,tomtom_realtime
2026-04-06 05:06:31,Vanh Dai 3,41,41,0,497,497,1,1.0,0,0,Clear,mây thưa,25.98,90,2.37,0,5,0,4,tomtom_realtime
2026-04-06 05:06:31,Ton Duc Thang,28,28,0,408,408,1,1.0,0,0,Clear,mây thưa,25.98,90,2.37,0,5,0,4,tomtom_realtime
2026-04-06 05:11:34,Nguyen Trai,25,31,0.46,404,326,0.99,0.8065,0,0,Clear,mây thưa,25.98,90,2.37,0,5,0,4,tomtom_realtime
2026-04-06 05:11:34,Vanh Dai 3,41,41,0.0,497,497,1.0,1.0,0,0,Clear,mây thưa,25.98,90,2.37,0,5,0,4,tomtom_realtime
2026-04-06 05:11:34,Ton Duc Thang,28,28,0.0,408,408,1.0,1.0,0,0,Clear,mây thưa,25.98,90,2.37,0,5,0,4,tomtom_realtime
2026-04-06 05:16:38,Nguyen Trai,26,31,0.37,388,326,0.99,0.8387,0,0,Clear,mây thưa,25.98,90,2.37,0,5,0,4,tomtom_realtime
2026-04-06 05:16:38,Vanh Dai 3,41,41,0.0,497,497,1.0,1.0,0,0,Clear,mây thưa,25.98,90,2.37,0,5,0,4,tomtom_realtime
2026-04-06 05:16:38,Ton Duc Thang,28,28,0.0,408,408,1.0,1.0,0,0,Clear,mây thưa,25.98,90,2.37,0,5,0,4,tomtom_realtime
2026-04-06 05:21:41,Nguyen Trai,31,31,0,326,326,1,1.0,0,0,Clear,mây thưa,25.98,90,2.37,0,5,0,4,tomtom_realtime
2026-04-06 05:21:41,Vanh Dai 3,41,41,0,497,497,1,1.0,0,0,Clear,mây thưa,25.98,90,2.37,0,5,0,4,tomtom_realtime
2026-04-06 05:21:41,Ton Duc Thang,28,28,0,408,408,1,1.0,0,0,Clear,mây thưa,25.98,90,2.37,0,5,0,4,tomtom_realtime
2026-04-06 05:26:44,Nguyen Trai,31,31,0,326,326,1,1.0,0,0,Clear,mây thưa,25.98,90,2.37,0,5,0,4,tomtom_realtime
2026-04-06 05:26:44,Vanh Dai 3,41,41,0,497,497,1,1.0,0,0,Clear,mây thưa,25.98,90,2.37,0,5,0,4,tomtom_realtime
2026-04-06 05:26:44,Ton Duc Thang,28,28,0,408,408,1,1.0,0,0,Clear,mây thưa,25.98,90,2.37,0,5,0,4,tomtom_realtime
2026-04-06 05:31:48,Nguyen Trai,26,31,0.37,388,326,1.0,0.8387,0,0,Clear,mây rải rác,25.98,91,2.05,0,5,0,4,tomtom_realtime
2026-04-06 05:31:48,Vanh Dai 3,41,41,0.0,497,497,1.0,1.0,0,0,Clear,mây rải rác,25.98,91,2.05,0,5,0,4,tomtom_realtime
2026-04-06 05:31:48,Ton Duc Thang,28,28,0.0,408,408,1.0,1.0,0,0,Clear,mây rải rác,25.98,91,2.05,0,5,0,4,tomtom_realtime
2026-04-06 05:36:51,Nguyen Trai,24,31,0.56,421,326,1.0,0.7742,0,0,Clear,mây rải rác,25.98,91,2.05,0,5,0,4,tomtom_realtime
2026-04-06 05:36:51,Vanh Dai 3,41,41,0.0,497,497,1.0,1.0,0,0,Clear,mây rải rác,25.98,91,2.05,0,5,0,4,tomtom_realtime
2026-04-06 05:36:51,Ton Duc Thang,28,28,0.0,408,408,1.0,1.0,0,0,Clear,mây rải rác,25.98,91,2.05,0,5,0,4,tomtom_realtime
2026-04-06 05:41:54,Nguyen Trai,26,31,0.37,388,326,1.0,0.8387,0,0,Clear,mây rải rác,25.98,91,2.05,0,5,0,4,tomtom_realtime
2026-04-06 05:41:54,Vanh Dai 3,41,41,0.0,497,497,1.0,1.0,0,0,Clear,mây rải rác,25.98,91,2.05,0,5,0,4,tomtom_realtime
2026-04-06 05:41:54,Ton Duc Thang,28,28,0.0,408,408,1.0,1.0,0,0,Clear,mây rải rác,25.98,91,2.05,0,5,0,4,tomtom_realtime
2026-04-06 05:46:57,Nguyen Trai,31,31,0.0,326,326,1,1.0,0,0,Clear,mây rải rác,25.98,91,2.05,0,5,0,4,tomtom_realtime
2026-04-06 05:46:57,Vanh Dai 3,33,40,0.32,618,510,1,0.825,0,0,Clear,mây rải rác,25.98,91,2.05,0,5,0,4,tomtom_realtime
2026-04-06 05:46:57,Ton Duc Thang,23,28,0.47,497,408,1,0.8214,0,0,Clear,mây rải rác,25.98,91,2.05,0,5,0,4,tomtom_realtime
2026-04-06 05:52:00,Nguyen Trai,31,31,0.0,326,326,1,1.0,0,0,Clear,mây rải rác,25.98,91,2.05,0,5,0,4,tomtom_realtime
2026-04-06 05:52:00,Vanh Dai 3,41,41,0.0,497,497,1,1.0,0,0,Clear,mây rải rác,25.98,91,2.05,0,5,0,4,tomtom_realtime
2026-04-06 05:52:00,Ton Duc Thang,23,28,0.47,497,408,1,0.8214,0,0,Clear,mây rải rác,25.98,91,2.05,0,5,0,4,tomtom_realtime
2026-04-06 05:57:03,Nguyen Trai,31,31,0.0,326,326,1,1.0,0,0,Clear,mây rải rác,25.98,91,2.05,0,5,0,4,tomtom_realtime
2026-04-06 05:57:03,Vanh Dai 3,41,41,0.0,497,497,1,1.0,0,0,Clear,mây rải rác,25.98,91,2.05,0,5,0,4,tomtom_realtime
2026-04-06 05:57:03,Ton Duc Thang,23,28,0.47,497,408,1,0.8214,0,0,Clear,mây rải rác,25.98,91,2.05,0,5,0,4,tomtom_realtime
2026-04-06 06:02:06,Nguyen Trai,31,31,0.0,326,326,1,1.0,0,0,Clear,mây rải rác,25.98,91,2.05,0,6,0,4,tomtom_realtime
2026-04-06 06:02:06,Vanh Dai 3,34,40,0.26,600,510,1,0.85,0,0,Clear,mây rải rác,25.98,91,2.05,0,6,0,4,tomtom_realtime
2026-04-06 06:02:06,Ton Duc Thang,21,28,0.71,545,408,1,0.75,0,0,Clear,mây rải rác,25.98,91,2.05,0,6,0,4,tomtom_realtime
2026-04-06 06:07:10,Nguyen Trai,31,31,0.0,326,326,1,1.0,0,0,Clear,mây rải rác,25.95,91,2.05,0,6,0,4,tomtom_realtime
2026-04-06 06:07:10,Vanh Dai 3,41,41,0.0,497,497,1,1.0,0,0,Clear,mây rải rác,25.95,91,2.05,0,6,0,4,tomtom_realtime
2026-04-06 06:07:10,Ton Duc Thang,20,28,0.86,572,408,1,0.7143,0,0,Clear,mây rải rác,25.95,91,2.05,0,6,0,4,tomtom_realtime
2026-04-06 06:12:13,Nguyen Trai,25,31,0.46,404,326,1,0.8065,0,0,Clear,mây rải rác,24.98,91,2.05,0,6,0,4,tomtom_realtime
2026-04-06 06:12:13,Vanh Dai 3,41,41,0.0,497,497,1,1.0,0,0,Clear,mây rải rác,24.98,91,2.05,0,6,0,4,tomtom_realtime
2026-04-06 06:12:13,Ton Duc Thang,21,28,0.71,545,408,1,0.75,0,0,Clear,mây rải rác,24.98,91,2.05,0,6,0,4,tomtom_realtime
2026-04-06 06:17:17,Nguyen Trai,26,31,0.37,388,326,1,0.8387,0,0,Clear,mây rải rác,24.98,91,2.05,0,6,0,4,tomtom_realtime
2026-04-06 06:17:17,Vanh Dai 3,41,41,0.0,497,497,1,1.0,0,0,Clear,mây rải rác,24.98,91,2.05,0,6,0,4,tomtom_realtime
2026-04-06 06:17:17,Ton Duc Thang,19,28,1.02,602,408,1,0.6786,0,0,Clear,mây rải rác,24.98,91,2.05,0,6,0,4,tomtom_realtime
2026-04-06 06:22:20,Nguyen Trai,26,31,0.37,388,326,1,0.8387,0,0,Clear,mây rải rác,24.98,91,2.05,0,6,0,4,tomtom_realtime
2026-04-06 06:22:20,Vanh Dai 3,41,41,0.0,497,497,1,1.0,0,0,Clear,mây rải rác,24.98,91,2.05,0,6,0,4,tomtom_realtime
2026-04-06 06:22:20,Ton Duc Thang,22,28,0.58,520,408,1,0.7857,0,0,Clear,mây rải rác,24.98,91,2.05,0,6,0,4,tomtom_realtime
2026-04-06 06:27:23,Nguyen Trai,31,31,0.0,326,326,1,1.0,0,0,Clear,mây rải rác,24.98,91,2.05,0,6,0,4,tomtom_realtime
2026-04-06 06:27:23,Vanh Dai 3,41,41,0.0,497,497,1,1.0,0,0,Clear,mây rải rác,24.98,91,2.05,0,6,0,4,tomtom_realtime
2026-04-06 06:27:23,Ton Duc Thang,18,28,1.19,635,408,1,0.6429,0,0,Clear,mây rải rác,24.98,91,2.05,0,6,0,4,tomtom_realtime
2026-04-06 06:32:27,Nguyen Trai,22,30,0.73,459,337,1,0.7333,0,0,Clear,mây rải rác,24.98,84,2.39,0,6,0,4,tomtom_realtime
2026-04-06 06:32:27,Vanh Dai 3,30,40,0.5,680,510,1,0.75,0,0,Clear,mây rải rác,24.98,84,2.39,0,6,0,4,tomtom_realtime
2026-04-06 06:32:27,Ton Duc Thang,17,28,1.39,673,408,1,0.6071,0,0,Clear,mây rải rác,24.98,84,2.39,0,6,0,4,tomtom_realtime
2026-04-06 06:37:30,Nguyen Trai,21,31,0.92,481,326,1,0.6774,0,0,Clear,mây rải rác,24.98,84,2.39,0,6,0,4,tomtom_realtime
2026-04-06 06:37:30,Vanh Dai 3,30,40,0.5,680,510,1,0.75,0,0,Clear,mây rải rác,24.98,84,2.39,0,6,0,4,tomtom_realtime
2026-04-06 06:37:30,Ton Duc Thang,16,28,1.61,715,408,1,0.5714,0,0,Clear,mây rải rác,24.98,84,2.39,0,6,0,4,tomtom_realtime
2026-04-06 06:42:33,Nguyen Trai,23,31,0.67,439,326,1,0.7419,0,0,Clear,mây rải rác,25.98,84,2.39,0,6,0,4,tomtom_realtime
2026-04-06 06:42:33,Vanh Dai 3,30,41,0.54,680,497,1,0.7317,0,0,Clear,mây rải rác,25.98,84,2.39,0,6,0,4,tomtom_realtime
2026-04-06 06:42:33,Ton Duc Thang,17,28,1.39,673,408,1,0.6071,0,0,Clear,mây rải rác,25.98,84,2.39,0,6,0,4,tomtom_realtime
2026-04-06 06:47:37,Nguyen Trai,22,31,0.79,459,326,1,0.7097,0,0,Clear,mây rải rác,25.98,84,2.39,0,6,0,4,tomtom_realtime
2026-04-06 06:47:37,Vanh Dai 3,30,40,0.5,680,510,1,0.75,0,0,Clear,mây rải rác,25.98,84,2.39,0,6,0,4,tomtom_realtime
2026-04-06 06:47:37,Ton Duc Thang,17,29,1.46,673,394,1,0.5862,0,0,Clear,mây rải rác,25.98,84,2.39,0,6,0,4,tomtom_realtime
2026-04-06 06:52:40,Nguyen Trai,23,31,0.67,439,326,1,0.7419,0,0,Clear,mây rải rác,25.98,84,2.34,0,6,0,4,tomtom_realtime
2026-04-06 06:52:40,Vanh Dai 3,33,41,0.35,618,497,1,0.8049,0,0,Clear,mây rải rác,25.98,84,2.34,0,6,0,4,tomtom_realtime
2026-04-06 06:52:40,Ton Duc Thang,16,27,1.53,715,423,1,0.5926,0,0,Clear,mây rải rác,25.98,84,2.34,0,6,0,4,tomtom_realtime
2026-04-06 06:57:44,Nguyen Trai,21,31,0.92,481,326,1,0.6774,0,0,Clear,mây rải rác,25.98,84,2.34,0,6,0,4,tomtom_realtime
2026-04-06 06:57:44,Vanh Dai 3,29,41,0.61,703,497,1,0.7073,0,0,Clear,mây rải rác,25.98,84,2.34,0,6,0,4,tomtom_realtime
2026-04-06 06:57:44,Ton Duc Thang,15,28,1.86,763,408,1,0.5357,0,0,Clear,mây rải rác,25.98,84,2.34,0,6,0,4,tomtom_realtime
2026-04-06 07:02:47,Nguyen Trai,20,31,1.06,505,326,1,0.6452,0,0,Clear,mây rải rác,25.98,84,2.34,0,7,0,4,tomtom_realtime
2026-04-06 07:02:47,Vanh Dai 3,29,41,0.61,703,497,1,0.7073,0,0,Clear,mây rải rác,25.98,84,2.34,0,7,0,4,tomtom_realtime
2026-04-06 07:02:47,Ton Duc Thang,16,28,1.61,715,408,1,0.5714,0,0,Clear,mây rải rác,25.98,84,2.34,0,7,0,4,tomtom_realtime
2026-04-06 07:07:50,Nguyen Trai,21,32,0.98,481,316,1,0.6562,0,0,Clear,mây rải rác,25.98,84,2.34,0,7,0,4,tomtom_realtime
2026-04-06 07:07:50,Vanh Dai 3,27,40,0.72,756,510,1,0.675,0,0,Clear,mây rải rác,25.98,84,2.34,0,7,0,4,tomtom_realtime
2026-04-06 07:07:50,Ton Duc Thang,15,29,1.93,763,394,1,0.5172,0,0,Clear,mây rải rác,25.98,84,2.34,0,7,0,4,tomtom_realtime
2026-04-06 07:12:53,Nguyen Trai,16,31,1.81,632,326,1,0.5161,0,0,Clear,mây rải rác,25.98,84,2.34,0,7,0,4,tomtom_realtime
2026-04-06 07:12:53,Vanh Dai 3,29,40,0.57,703,510,1,0.725,0,0,Clear,mây rải rác,25.98,84,2.34,0,7,0,4,tomtom_realtime
2026-04-06 07:12:53,Ton Duc Thang,15,28,1.86,763,408,1,0.5357,0,0,Clear,mây rải rác,25.98,84,2.34,0,7,0,4,tomtom_realtime
2026-04-06 07:17:56,Nguyen Trai,18,31,1.4,561,326,1,0.5806,0,0,Clear,mây rải rác,25.98,84,2.34,0,7,0,4,tomtom_realtime
2026-04-06 07:17:56,Vanh Dai 3,28,41,0.68,729,497,1,0.6829,0,0,Clear,mây rải rác,25.98,84,2.34,0,7,0,4,tomtom_realtime
2026-04-06 07:17:56,Ton Duc Thang,15,28,1.86,763,408,1,0.5357,0,0,Clear,mây rải rác,25.98,84,2.34,0,7,0,4,tomtom_realtime
2026-04-06 07:23:00,Nguyen Trai,15,31,2.06,674,326,1,0.4839,0,0,Clear,mây rải rác,25.98,84,2.34,0,7,0,4,tomtom_realtime
2026-04-06 07:23:00,Vanh Dai 3,24,41,1.04,850,497,1,0.5854,0,0,Clear,mây rải rác,25.98,84,2.34,0,7,0,4,tomtom_realtime
2026-04-06 07:23:00,Ton Duc Thang,13,28,2.47,880,408,1,0.4643,0,0,Clear,mây rải rác,25.98,84,2.34,0,7,0,4,tomtom_realtime
2026-04-06 07:28:04,Nguyen Trai,16,31,1.81,632,326,1,0.5161,0,0,Clear,mây rải rác,25.98,84,2.34,0,7,0,4,tomtom_realtime
2026-04-06 07:28:04,Vanh Dai 3,25,40,0.9,816,510,1,0.625,0,0,Clear,mây rải rác,25.98,84,2.34,0,7,0,4,tomtom_realtime
2026-04-06 07:28:04,Ton Duc Thang,13,28,2.47,880,408,1,0.4643,0,0,Clear,mây rải rác,25.98,84,2.34,0,7,0,4,tomtom_realtime
2026-04-06 07:33:07,Nguyen Trai,17,31,1.59,594,326,1,0.5484,0,0,Clear,mây rải rác,25.98,84,2.34,0,7,0,4,tomtom_realtime
2026-04-06 07:33:07,Vanh Dai 3,25,41,0.94,816,497,1,0.6098,0,0,Clear,mây rải rác,25.98,84,2.34,0,7,0,4,tomtom_realtime
2026-04-06 07:33:07,Ton Duc Thang,12,28,2.86,953,408,1,0.4286,0,0,Clear,mây rải rác,25.98,84,2.34,0,7,0,4,tomtom_realtime
2026-04-06 07:38:11,Nguyen Trai,17,31,1.59,594,326,1,0.5484,0,0,Clear,mây rải rác,25.98,84,2.34,0,7,0,4,tomtom_realtime
2026-04-06 07:38:11,Vanh Dai 3,25,41,0.94,816,497,1,0.6098,0,0,Clear,mây rải rác,25.98,84,2.34,0,7,0,4,tomtom_realtime
2026-04-06 07:38:11,Ton Duc Thang,13,28,2.47,880,408,1,0.4643,0,0,Clear,mây rải rác,25.98,84,2.34,0,7,0,4,tomtom_realtime
2026-04-06 07:43:14,Nguyen Trai,17,32,1.65,594,316,1,0.5312,0,0,Clear,mây đen u ám,25.98,74,1.06,0,7,0,4,tomtom_realtime
2026-04-06 07:43:14,Vanh Dai 3,25,40,0.9,816,510,1,0.625,0,0,Clear,mây đen u ám,25.98,74,1.06,0,7,0,4,tomtom_realtime
2026-04-06 07:43:14,Ton Duc Thang,12,29,2.93,953,394,1,0.4138,0,0,Clear,mây đen u ám,25.98,74,1.06,0,7,0,4,tomtom_realtime
2026-04-06 07:48:18,Nguyen Trai,18,31,1.4,561,326,1,0.5806,0,0,Clear,mây đen u ám,25.98,74,1.06,0,7,0,4,tomtom_realtime
2026-04-06 07:48:18,Vanh Dai 3,25,41,0.94,816,497,1,0.6098,0,0,Clear,mây đen u ám,25.98,74,1.06,0,7,0,4,tomtom_realtime
2026-04-06 07:48:18,Ton Duc Thang,11,28,3.31,1040,408,1,0.3929,0,0,Clear,mây đen u ám,25.98,74,1.06,0,7,0,4,tomtom_realtime
2026-04-06 07:53:21,Nguyen Trai,19,31,1.22,532,326,1,0.6129,0,0,Clear,mây đen u ám,25.98,74,1.06,0,7,0,4,tomtom_realtime
2026-04-06 07:53:21,Vanh Dai 3,25,40,0.9,816,510,1,0.625,0,0,Clear,mây đen u ám,25.98,74,1.06,0,7,0,4,tomtom_realtime
2026-04-06 07:53:21,Ton Duc Thang,9,28,4.52,1271,408,1,0.3214,0,0,Clear,mây đen u ám,25.98,74,1.06,0,7,0,4,tomtom_realtime
2026-04-06 07:58:26,Nguyen Trai,17,31,1.59,594,326,1,0.5484,0,0,Clear,mây đen u ám,25.98,74,1.06,0,7,0,4,tomtom_realtime
2026-04-06 07:58:26,Vanh Dai 3,27,40,0.72,756,510,1,0.675,0,0,Clear,mây đen u ám,25.98,74,1.06,0,7,0,4,tomtom_realtime
2026-04-06 07:58:26,Ton Duc Thang,10,28,3.86,1144,408,1,0.3571,0,0,Clear,mây đen u ám,25.98,74,1.06,0,7,0,4,tomtom_realtime
2026-04-06 08:03:29,Nguyen Trai,16,32,1.88,632,316,1,0.5,0,0,Clear,mây đen u ám,25.97,79,1.06,0,8,0,4,tomtom_realtime
2026-04-06 08:03:29,Vanh Dai 3,25,41,0.94,816,497,1,0.6098,0,0,Clear,mây đen u ám,25.97,79,1.06,0,8,0,4,tomtom_realtime
2026-04-06 08:03:29,Ton Duc Thang,10,28,3.86,1144,408,1,0.3571,0,0,Clear,mây đen u ám,25.97,79,1.06,0,8,0,4,tomtom_realtime
2026-04-06 08:08:32,Nguyen Trai,17,31,1.59,594,326,1,0.5484,0,0,Clear,mây đen u ám,25.97,79,1.06,0,8,0,4,tomtom_realtime
2026-04-06 08:08:32,Vanh Dai 3,27,41,0.76,756,497,1,0.6585,0,0,Clear,mây đen u ám,25.97,79,1.06,0,8,0,4,tomtom_realtime
2026-04-06 08:08:32,Ton Duc Thang,13,28,2.47,880,408,1,0.4643,0,0,Clear,mây đen u ám,25.97,79,1.06,0,8,0,4,tomtom_realtime
2026-04-06 08:13:35,Nguyen Trai,18,31,1.4,561,326,1,0.5806,0,0,Clear,mây đen u ám,26.98,83,1.06,0,8,0,4,tomtom_realtime
2026-04-06 08:13:35,Vanh Dai 3,27,41,0.76,756,497,1,0.6585,0,0,Clear,mây đen u ám,26.98,83,1.06,0,8,0,4,tomtom_realtime
2026-04-06 08:13:35,Ton Duc Thang,11,28,3.31,1040,408,1,0.3929,0,0,Clear,mây đen u ám,26.98,83,1.06,0,8,0,4,tomtom_realtime
2026-04-06 08:18:39,Nguyen Trai,19,31,1.22,532,326,1,0.6129,0,0,Clear,mây đen u ám,26.98,83,1.06,0,8,0,4,tomtom_realtime
2026-04-06 08:18:39,Vanh Dai 3,27,40,0.72,756,510,1,0.675,0,0,Clear,mây đen u ám,26.98,83,1.06,0,8,0,4,tomtom_realtime
2026-04-06 08:18:39,Ton Duc Thang,13,27,2.39,880,423,1,0.4815,0,0,Clear,mây đen u ám,26.98,83,1.06,0,8,0,4,tomtom_realtime
2026-04-06 08:23:42,Nguyen Trai,18,32,1.46,561,316,1,0.5625,0,0,Clear,mây đen u ám,26.98,84,1.06,0,8,0,4,tomtom_realtime
2026-04-06 08:23:42,Vanh Dai 3,27,40,0.72,756,510,1,0.675,0,0,Clear,mây đen u ám,26.98,84,1.06,0,8,0,4,tomtom_realtime
2026-04-06 08:23:42,Ton Duc Thang,14,29,2.22,817,394,1,0.4828,0,0,Clear,mây đen u ám,26.98,84,1.06,0,8,0,4,tomtom_realtime
2026-04-06 08:28:45,Nguyen Trai,17,31,1.59,594,326,1,0.5484,0,0,Clear,mây đen u ám,26.98,84,1.06,0,8,0,4,tomtom_realtime
2026-04-06 08:28:45,Vanh Dai 3,27,42,0.79,756,486,1,0.6429,0,0,Clear,mây đen u ám,26.98,84,1.06,0,8,0,4,tomtom_realtime
2026-04-06 08:28:45,Ton Duc Thang,16,29,1.68,715,394,1,0.5517,0,0,Clear,mây đen u ám,26.98,84,1.06,0,8,0,4,tomtom_realtime
2026-04-06 08:33:49,Nguyen Trai,20,31,1.06,505,326,1,0.6452,0,0,Clear,mây đen u ám,26.98,74,0.6,0,8,0,4,tomtom_realtime
2026-04-06 08:33:49,Vanh Dai 3,26,39,0.77,785,523,1,0.6667,0,0,Clear,mây đen u ám,26.98,74,0.6,0,8,0,4,tomtom_realtime
2026-04-06 08:33:49,Ton Duc Thang,16,28,1.61,715,408,1,0.5714,0,0,Clear,mây đen u ám,26.98,74,0.6,0,8,0,4,tomtom_realtime
2026-04-06 08:38:52,Nguyen Trai,18,31,1.4,561,326,1,0.5806,0,0,Clear,mây đen u ám,26.98,74,0.6,0,8,0,4,tomtom_realtime
2026-04-06 08:38:52,Vanh Dai 3,26,40,0.81,785,510,1,0.65,0,0,Clear,mây đen u ám,26.98,74,0.6,0,8,0,4,tomtom_realtime
2026-04-06 08:38:52,Ton Duc Thang,15,29,1.93,763,394,1,0.5172,0,0,Clear,mây đen u ám,26.98,74,0.6,0,8,0,4,tomtom_realtime
2026-04-06 08:43:55,Nguyen Trai,22,31,0.79,459,326,1,0.7097,0,0,Clear,mây đen u ám,26.98,74,0.6,0,8,0,4,tomtom_realtime
2026-04-06 08:43:55,Vanh Dai 3,27,40,0.72,756,510,1,0.675,0,0,Clear,mây đen u ám,26.98,74,0.6,0,8,0,4,tomtom_realtime
2026-04-06 08:43:55,Ton Duc Thang,16,28,1.61,715,408,1,0.5714,0,0,Clear,mây đen u ám,26.98,74,0.6,0,8,0,4,tomtom_realtime
2026-04-06 08:48:58,Nguyen Trai,17,31,1.59,594,326,1,0.5484,0,0,Clear,mây đen u ám,26.98,74,0.6,0,8,0,4,tomtom_realtime
2026-04-06 08:48:58,Vanh Dai 3,24,40,1.0,850,510,1,0.6,0,0,Clear,mây đen u ám,26.98,74,0.6,0,8,0,4,tomtom_realtime
2026-04-06 08:48:58,Ton Duc Thang,17,28,1.39,673,408,1,0.6071,0,0,Clear,mây đen u ám,26.98,74,0.6,0,8,0,4,tomtom_realtime
2026-04-06 08:54:02,Nguyen Trai,23,30,0.61,439,337,1,0.7667,0,0,Clear,mây đen u ám,26.98,73,0.6,0,8,0,4,tomtom_realtime
2026-04-06 08:54:02,Vanh Dai 3,26,41,0.84,785,497,1,0.6341,0,0,Clear,mây đen u ám,26.98,73,0.6,0,8,0,4,tomtom_realtime
2026-04-06 08:54:02,Ton Duc Thang,17,27,1.31,673,423,1,0.6296,0,0,Clear,mây đen u ám,26.98,73,0.6,0,8,0,4,tomtom_realtime
2026-04-06 08:59:05,Nguyen Trai,21,31,0.92,481,326,1,0.6774,0,0,Clear,mây đen u ám,26.98,73,0.6,0,8,0,4,tomtom_realtime
2026-04-06 08:59:05,Vanh Dai 3,27,41,0.76,756,497,1,0.6585,0,0,Clear,mây đen u ám,26.98,73,0.6,0,8,0,4,tomtom_realtime
2026-04-06 08:59:05,Ton Duc Thang,16,28,1.61,715,408,1,0.5714,0,0,Clear,mây đen u ám,26.98,73,0.6,0,8,0,4,tomtom_realtime
2026-04-06 09:04:08,Nguyen Trai,21,31,0.92,481,326,1,0.6774,0,0,Clear,mây đen u ám,26.98,73,0.6,0,9,0,4,tomtom_realtime
2026-04-06 09:04:08,Vanh Dai 3,28,41,0.68,729,497,1,0.6829,0,0,Clear,mây đen u ám,26.98,73,0.6,0,9,0,4,tomtom_realtime
2026-04-06 09:04:08,Ton Duc Thang,17,27,1.31,673,423,1,0.6296,0,0,Clear,mây đen u ám,26.98,73,0.6,0,9,0,4,tomtom_realtime
2026-04-06 09:09:12,Nguyen Trai,22,31,0.79,459,326,1,0.7097,0,0,Clear,mây đen u ám,26.98,73,0.6,0,9,0,4,tomtom_realtime
2026-04-06 09:09:12,Vanh Dai 3,27,40,0.72,756,510,1,0.675,0,0,Clear,mây đen u ám,26.98,73,0.6,0,9,0,4,tomtom_realtime
2026-04-06 09:09:12,Ton Duc Thang,16,27,1.53,715,423,1,0.5926,0,0,Clear,mây đen u ám,26.98,73,0.6,0,9,0,4,tomtom_realtime
2026-04-06 09:14:15,Nguyen Trai,23,31,0.67,439,326,1,0.7419,0,0,Clear,mây đen u ám,27.98,79,0.6,0,9,0,4,tomtom_realtime
2026-04-06 09:14:15,Vanh Dai 3,29,41,0.61,703,497,1,0.7073,0,0,Clear,mây đen u ám,27.98,79,0.6,0,9,0,4,tomtom_realtime
2026-04-06 09:14:15,Ton Duc Thang,16,28,1.61,715,408,1,0.5714,0,0,Clear,mây đen u ám,27.98,79,0.6,0,9,0,4,tomtom_realtime
2026-04-06 09:19:18,Nguyen Trai,22,30,0.73,459,337,1,0.7333,0,0,Clear,mây đen u ám,27.98,79,0.6,0,9,0,4,tomtom_realtime
2026-04-06 09:19:18,Vanh Dai 3,27,41,0.76,756,497,1,0.6585,0,0,Clear,mây đen u ám,27.98,79,0.6,0,9,0,4,tomtom_realtime
2026-04-06 09:19:18,Ton Duc Thang,17,28,1.39,673,408,1,0.6071,0,0,Clear,mây đen u ám,27.98,79,0.6,0,9,0,4,tomtom_realtime
2026-04-06 09:24:22,Nguyen Trai,20,30,1.0,505,337,1,0.6667,0,0,Clear,mây đen u ám,27.98,78,0.6,0,9,0,4,tomtom_realtime
2026-04-06 09:24:22,Vanh Dai 3,27,41,0.76,756,497,1,0.6585,0,0,Clear,mây đen u ám,27.98,78,0.6,0,9,0,4,tomtom_realtime
2026-04-06 09:24:22,Ton Duc Thang,17,29,1.46,673,394,1,0.5862,0,0,Clear,mây đen u ám,27.98,78,0.6,0,9,0,4,tomtom_realtime
2026-04-06 09:29:25,Nguyen Trai,25,31,0.46,404,326,1,0.8065,0,0,Clear,mây đen u ám,27.98,78,0.6,0,9,0,4,tomtom_realtime
2026-04-06 09:29:25,Vanh Dai 3,29,42,0.64,703,486,1,0.6905,0,0,Clear,mây đen u ám,27.98,78,0.6,0,9,0,4,tomtom_realtime
2026-04-06 09:29:25,Ton Duc Thang,17,28,1.39,673,408,1,0.6071,0,0,Clear,mây đen u ám,27.98,78,0.6,0,9,0,4,tomtom_realtime
2026-04-06 09:34:28,Nguyen Trai,22,31,0.79,459,326,1,0.7097,0,0,Clear,mây cụm,27.98,67,0.99,0,9,0,4,tomtom_realtime
2026-04-06 09:34:28,Vanh Dai 3,27,40,0.72,756,510,1,0.675,0,0,Clear,mây cụm,27.98,67,0.99,0,9,0,4,tomtom_realtime
2026-04-06 09:34:28,Ton Duc Thang,17,28,1.39,673,408,1,0.6071,0,0,Clear,mây cụm,27.98,67,0.99,0,9,0,4,tomtom_realtime
2026-04-06 09:39:32,Nguyen Trai,19,31,1.22,532,326,1,0.6129,0,0,Clear,mây cụm,27.98,67,0.99,0,9,0,4,tomtom_realtime
2026-04-06 09:39:32,Vanh Dai 3,28,41,0.68,729,497,1,0.6829,0,0,Clear,mây cụm,27.98,67,0.99,0,9,0,4,tomtom_realtime
2026-04-06 09:39:32,Ton Duc Thang,17,28,1.39,673,408,1,0.6071,0,0,Clear,mây cụm,27.98,67,0.99,0,9,0,4,tomtom_realtime
2026-04-06 09:44:35,Nguyen Trai,22,31,0.79,459,326,1,0.7097,0,0,Clear,mây cụm,27.97,67,0.99,0,9,0,4,tomtom_realtime
2026-04-06 09:44:35,Vanh Dai 3,27,41,0.76,756,497,1,0.6585,0,0,Clear,mây cụm,27.97,67,0.99,0,9,0,4,tomtom_realtime
2026-04-06 09:44:35,Ton Duc Thang,20,29,0.93,572,394,1,0.6897,0,0,Clear,mây cụm,27.97,67,0.99,0,9,0,4,tomtom_realtime
2026-04-06 09:49:38,Nguyen Trai,21,31,0.92,481,326,1,0.6774,0,0,Clear,mây cụm,27.97,66,0.99,0,9,0,4,tomtom_realtime
2026-04-06 09:49:38,Vanh Dai 3,28,41,0.68,729,497,1,0.6829,0,0,Clear,mây cụm,27.97,66,0.99,0,9,0,4,tomtom_realtime
2026-04-06 09:49:38,Ton Duc Thang,16,28,1.61,715,408,1,0.5714,0,0,Clear,mây cụm,27.97,66,0.99,0,9,0,4,tomtom_realtime
2026-04-06 09:54:41,Nguyen Trai,22,31,0.79,459,326,1,0.7097,0,0,Clear,mây cụm,27.97,66,0.99,0,9,0,4,tomtom_realtime
2026-04-06 09:54:41,Vanh Dai 3,28,41,0.68,729,497,1,0.6829,0,0,Clear,mây cụm,27.97,66,0.99,0,9,0,4,tomtom_realtime
2026-04-06 09:54:41,Ton Duc Thang,17,28,1.39,673,408,1,0.6071,0,0,Clear,mây cụm,27.97,66,0.99,0,9,0,4,tomtom_realtime
2026-04-06 09:59:44,Nguyen Trai,23,30,0.61,439,337,1,0.7667,0,0,Clear,mây cụm,27.98,66,0.99,0,9,0,4,tomtom_realtime
2026-04-06 09:59:44,Vanh Dai 3,30,41,0.54,680,497,1,0.7317,0,0,Clear,mây cụm,27.98,66,0.99,0,9,0,4,tomtom_realtime
2026-04-06 09:59:44,Ton Duc Thang,16,28,1.61,715,408,1,0.5714,0,0,Clear,mây cụm,27.98,66,0.99,0,9,0,4,tomtom_realtime
2026-04-06 10:04:47,Nguyen Trai,23,30,0.61,439,337,1,0.7667,0,0,Clear,mây cụm,27.98,66,0.99,0,10,0,4,tomtom_realtime
2026-04-06 10:04:47,Vanh Dai 3,29,40,0.57,703,510,1,0.725,0,0,Clear,mây cụm,27.98,66,0.99,0,10,0,4,tomtom_realtime
2026-04-06 10:04:47,Ton Duc Thang,17,28,1.39,673,408,1,0.6071,0,0,Clear,mây cụm,27.98,66,0.99,0,10,0,4,tomtom_realtime
2026-04-06 10:09:50,Nguyen Trai,22,30,0.73,459,337,1,0.7333,0,0,Clear,mây cụm,28.96,74,0.99,0,10,0,4,tomtom_realtime
2026-04-06 10:09:50,Vanh Dai 3,30,40,0.5,680,510,1,0.75,0,0,Clear,mây cụm,28.96,74,0.99,0,10,0,4,tomtom_realtime
2026-04-06 10:09:50,Ton Duc Thang,16,28,1.61,715,408,1,0.5714,0,0,Clear,mây cụm,28.96,74,0.99,0,10,0,4,tomtom_realtime
2026-04-06 10:14:53,Nguyen Trai,20,30,1.0,505,337,1,0.6667,0,0,Clear,mây cụm,27.95,74,0.99,0,10,0,4,tomtom_realtime
2026-04-06 10:14:53,Vanh Dai 3,27,40,0.72,756,510,1,0.675,0,0,Clear,mây cụm,27.95,74,0.99,0,10,0,4,tomtom_realtime
2026-04-06 10:14:53,Ton Duc Thang,18,27,1.11,635,423,1,0.6667,0,0,Clear,mây cụm,27.95,74,0.99,0,10,0,4,tomtom_realtime
2026-04-06 10:19:57,Nguyen Trai,23,31,0.67,439,326,1,0.7419,0,0,Clear,mây cụm,28.97,72,0.99,0,10,0,4,tomtom_realtime
2026-04-06 10:19:57,Vanh Dai 3,26,40,0.81,785,510,1,0.65,0,0,Clear,mây cụm,28.97,72,0.99,0,10,0,4,tomtom_realtime
2026-04-06 10:19:57,Ton Duc Thang,18,28,1.19,635,408,1,0.6429,0,0,Clear,mây cụm,28.97,72,0.99,0,10,0,4,tomtom_realtime
2026-04-06 10:25:00,Nguyen Trai,20,31,1.06,505,326,1,0.6452,0,0,Clear,mây cụm,28.97,72,0.99,0,10,0,4,tomtom_realtime
2026-04-06 10:25:00,Vanh Dai 3,29,41,0.61,703,497,1,0.7073,0,0,Clear,mây cụm,28.97,72,0.99,0,10,0,4,tomtom_realtime
2026-04-06 10:25:00,Ton Duc Thang,18,28,1.19,635,408,1,0.6429,0,0,Clear,mây cụm,28.97,72,0.99,0,10,0,4,tomtom_realtime
2026-04-06 10:30:04,Nguyen Trai,23,31,0.67,439,326,1,0.7419,0,0,Clear,mây cụm,28.98,72,0.99,0,10,0,4,tomtom_realtime
2026-04-06 10:30:04,Vanh Dai 3,27,41,0.76,756,497,1,0.6585,0,0,Clear,mây cụm,28.98,72,0.99,0,10,0,4,tomtom_realtime
2026-04-06 10:30:04,Ton Duc Thang,17,28,1.39,673,408,1,0.6071,0,0,Clear,mây cụm,28.98,72,0.99,0,10,0,4,tomtom_realtime
2026-04-06 10:35:07,Nguyen Trai,31,31,0.0,326,326,1,1.0,0,0,Clear,mây cụm,28.98,72,0.99,0,10,0,4,tomtom_realtime
2026-04-06 10:35:07,Vanh Dai 3,30,41,0.54,680,497,1,0.7317,0,0,Clear,mây cụm,28.98,72,0.99,0,10,0,4,tomtom_realtime
2026-04-06 10:35:07,Ton Duc Thang,18,28,1.19,635,408,1,0.6429,0,0,Clear,mây cụm,28.98,72,0.99,0,10,0,4,tomtom_realtime
2026-04-06 10:40:10,Nguyen Trai,22,30,0.73,459,337,1,0.7333,0,0,Clear,mây cụm,28.98,61,2.62,0,10,0,4,tomtom_realtime
2026-04-06 10:40:10,Vanh Dai 3,28,41,0.68,729,497,1,0.6829,0,0,Clear,mây cụm,28.98,61,2.62,0,10,0,4,tomtom_realtime
2026-04-06 10:40:10,Ton Duc Thang,18,28,1.19,635,408,1,0.6429,0,0,Clear,mây cụm,28.98,61,2.62,0,10,0,4,tomtom_realtime
2026-04-06 10:45:14,Nguyen Trai,20,31,1.06,505,326,1,0.6452,0,0,Clear,mây cụm,28.98,61,2.62,0,10,0,4,tomtom_realtime
2026-04-06 10:45:14,Vanh Dai 3,29,41,0.61,703,497,1,0.7073,0,0,Clear,mây cụm,28.98,61,2.62,0,10,0,4,tomtom_realtime
2026-04-06 10:45:14,Ton Duc Thang,20,28,0.86,572,408,1,0.7143,0,0,Clear,mây cụm,28.98,61,2.62,0,10,0,4,tomtom_realtime
2026-04-06 10:50:17,Nguyen Trai,21,30,0.86,481,337,1,0.7,0,0,Clear,mây cụm,28.98,60,2.62,0,10,0,4,tomtom_realtime
2026-04-06 10:50:17,Vanh Dai 3,30,40,0.5,680,510,1,0.75,0,0,Clear,mây cụm,28.98,60,2.62,0,10,0,4,tomtom_realtime
2026-04-06 10:50:17,Ton Duc Thang,20,28,0.86,572,408,1,0.7143,0,0,Clear,mây cụm,28.98,60,2.62,0,10,0,4,tomtom_realtime
2026-04-06 10:55:20,Nguyen Trai,22,30,0.73,459,337,1,0.7333,0,0,Clear,mây cụm,28.98,60,2.62,0,10,0,4,tomtom_realtime
2026-04-06 10:55:20,Vanh Dai 3,30,41,0.54,680,497,1,0.7317,0,0,Clear,mây cụm,28.98,60,2.62,0,10,0,4,tomtom_realtime
2026-04-06 10:55:20,Ton Duc Thang,16,28,1.61,715,408,1,0.5714,0,0,Clear,mây cụm,28.98,60,2.62,0,10,0,4,tomtom_realtime
2026-04-06 11:00:24,Nguyen Trai,22,31,0.79,459,326,1,0.7097,0,0,Clear,mây cụm,28.98,60,2.62,0,11,0,4,tomtom_realtime
2026-04-06 11:00:24,Vanh Dai 3,27,40,0.72,756,510,1,0.675,0,0,Clear,mây cụm,28.98,60,2.62,0,11,0,4,tomtom_realtime
2026-04-06 11:00:24,Ton Duc Thang,16,28,1.61,715,408,1,0.5714,0,0,Clear,mây cụm,28.98,60,2.62,0,11,0,4,tomtom_realtime
2026-04-06 11:05:27,Nguyen Trai,23,31,0.67,439,326,1,0.7419,0,0,Clear,mây cụm,28.98,60,2.62,0,11,0,4,tomtom_realtime
2026-04-06 11:05:27,Vanh Dai 3,29,41,0.61,703,497,1,0.7073,0,0,Clear,mây cụm,28.98,60,2.62,0,11,0,4,tomtom_realtime
2026-04-06 11:05:27,Ton Duc Thang,18,27,1.11,635,423,1,0.6667,0,0,Clear,mây cụm,28.98,60,2.62,0,11,0,4,tomtom_realtime
2026-04-06 11:10:31,Nguyen Trai,20,31,1.06,505,326,1,0.6452,0,0,Clear,mây cụm,29.95,68,2.62,0,11,0,4,tomtom_realtime
2026-04-06 11:10:31,Vanh Dai 3,27,40,0.72,756,510,1,0.675,0,0,Clear,mây cụm,29.95,68,2.62,0,11,0,4,tomtom_realtime
2026-04-06 11:10:31,Ton Duc Thang,17,28,1.39,673,408,1,0.6071,0,0,Clear,mây cụm,29.95,68,2.62,0,11,0,4,tomtom_realtime
2026-04-06 11:15:35,Nguyen Trai,24,31,0.56,421,326,1,0.7742,0,0,Clear,mây cụm,29.98,68,2.62,0,11,0,4,tomtom_realtime
2026-04-06 11:15:35,Vanh Dai 3,28,41,0.68,729,497,1,0.6829,0,0,Clear,mây cụm,29.98,68,2.62,0,11,0,4,tomtom_realtime
2026-04-06 11:15:35,Ton Duc Thang,17,28,1.39,673,408,1,0.6071,0,0,Clear,mây cụm,29.98,68,2.62,0,11,0,4,tomtom_realtime
2026-04-06 11:20:43,Nguyen Trai,22,31,0.79,459,326,1,0.7097,0,0,Clear,mây cụm,29.98,68,2.62,0,11,0,4,tomtom_realtime
2026-04-06 11:20:43,Vanh Dai 3,27,40,0.72,756,510,1,0.675,0,0,Clear,mây cụm,29.98,68,2.62,0,11,0,4,tomtom_realtime
2026-04-06 11:20:43,Ton Duc Thang,18,29,1.26,635,394,1,0.6207,0,0,Clear,mây cụm,29.98,68,2.62,0,11,0,4,tomtom_realtime
2026-04-06 11:25:47,Nguyen Trai,20,31,1.06,505,326,1,0.6452,0,0,Clear,mây cụm,29.98,67,2.62,0,11,0,4,tomtom_realtime
2026-04-06 11:25:47,Vanh Dai 3,26,41,0.84,785,497,1,0.6341,0,0,Clear,mây cụm,29.98,67,2.62,0,11,0,4,tomtom_realtime
2026-04-06 11:25:47,Ton Duc Thang,18,28,1.19,635,408,1,0.6429,0,0,Clear,mây cụm,29.98,67,2.62,0,11,0,4,tomtom_realtime
2026-04-06 11:30:50,Nguyen Trai,21,31,0.92,481,326,1,0.6774,0,0,Clear,mây cụm,29.98,67,2.62,0,11,0,4,tomtom_realtime
2026-04-06 11:30:50,Vanh Dai 3,28,41,0.68,729,497,1,0.6829,0,0,Clear,mây cụm,29.98,67,2.62,0,11,0,4,tomtom_realtime
2026-04-06 11:30:50,Ton Duc Thang,18,27,1.11,635,423,1,0.6667,0,0,Clear,mây cụm,29.98,67,2.62,0,11,0,4,tomtom_realtime
2026-04-06 11:35:53,Nguyen Trai,20,31,1.06,505,326,1,0.6452,0,0,Clear,mây cụm,29.98,67,2.62,0,11,0,4,tomtom_realtime
2026-04-06 11:35:53,Vanh Dai 3,26,41,0.84,785,497,1,0.6341,0,0,Clear,mây cụm,29.98,67,2.62,0,11,0,4,tomtom_realtime
2026-04-06 11:35:53,Ton Duc Thang,18,28,1.19,635,408,1,0.6429,0,0,Clear,mây cụm,29.98,67,2.62,0,11,0,4,tomtom_realtime
2026-04-06 11:40:57,Nguyen Trai,20,30,1.0,505,337,1,0.6667,0,0,Clear,mây cụm,29.98,67,2.62,0,11,0,4,tomtom_realtime
2026-04-06 11:40:57,Vanh Dai 3,26,40,0.81,785,510,1,0.65,0,0,Clear,mây cụm,29.98,67,2.62,0,11,0,4,tomtom_realtime
2026-04-06 11:40:57,Ton Duc Thang,19,27,0.94,602,423,1,0.7037,0,0,Clear,mây cụm,29.98,67,2.62,0,11,0,4,tomtom_realtime
2026-04-06 11:46:00,Nguyen Trai,22,31,0.79,459,326,1,0.7097,0,0,Clear,mây cụm,29.98,56,1.65,0,11,0,4,tomtom_realtime
2026-04-06 11:46:00,Vanh Dai 3,27,40,0.72,756,510,1,0.675,0,0,Clear,mây cụm,29.98,56,1.65,0,11,0,4,tomtom_realtime
2026-04-06 11:46:00,Ton Duc Thang,19,28,1.02,602,408,1,0.6786,0,0,Clear,mây cụm,29.98,56,1.65,0,11,0,4,tomtom_realtime
2026-04-06 11:51:03,Nguyen Trai,20,31,1.06,505,326,1,0.6452,0,0,Clear,mây cụm,29.98,56,1.65,0,11,0,4,tomtom_realtime
2026-04-06 11:51:03,Vanh Dai 3,27,40,0.72,756,510,1,0.675,0,0,Clear,mây cụm,29.98,56,1.65,0,11,0,4,tomtom_realtime
2026-04-06 11:51:03,Ton Duc Thang,16,27,1.53,715,423,1,0.5926,0,0,Clear,mây cụm,29.98,56,1.65,0,11,0,4,tomtom_realtime
2026-04-06 11:56:06,Nguyen Trai,19,31,1.22,532,326,1,0.6129,0,0,Clear,mây cụm,29.98,54,1.65,0,11,0,4,tomtom_realtime
2026-04-06 11:56:06,Vanh Dai 3,28,41,0.68,729,497,1,0.6829,0,0,Clear,mây cụm,29.98,54,1.65,0,11,0,4,tomtom_realtime
2026-04-06 11:56:06,Ton Duc Thang,15,28,1.86,763,408,1,0.5357,0,0,Clear,mây cụm,29.98,54,1.65,0,11,0,4,tomtom_realtime
2026-04-06 12:01:09,Nguyen Trai,23,30,0.61,439,337,1,0.7667,0,0,Clear,mây cụm,29.98,54,1.65,0,12,0,4,tomtom_realtime
2026-04-06 12:01:09,Vanh Dai 3,28,40,0.64,729,510,1,0.7,0,0,Clear,mây cụm,29.98,54,1.65,0,12,0,4,tomtom_realtime
2026-04-06 12:01:09,Ton Duc Thang,18,28,1.19,635,408,1,0.6429,0,0,Clear,mây cụm,29.98,54,1.65,0,12,0,4,tomtom_realtime
2026-04-06 12:06:13,Nguyen Trai,20,31,1.06,505,326,1,0.6452,0,0,Clear,mây cụm,29.97,63,1.65,0,12,0,4,tomtom_realtime
2026-04-06 12:06:13,Vanh Dai 3,28,40,0.64,729,510,1,0.7,0,0,Clear,mây cụm,29.97,63,1.65,0,12,0,4,tomtom_realtime
2026-04-06 12:06:13,Ton Duc Thang,20,28,0.86,572,408,1,0.7143,0,0,Clear,mây cụm,29.97,63,1.65,0,12,0,4,tomtom_realtime
2026-04-06 12:11:16,Nguyen Trai,22,30,0.73,459,337,1,0.7333,0,0,Clear,mây cụm,29.97,63,1.65,0,12,0,4,tomtom_realtime
2026-04-06 12:11:16,Vanh Dai 3,29,40,0.57,703,510,1,0.725,0,0,Clear,mây cụm,29.97,63,1.65,0,12,0,4,tomtom_realtime
2026-04-06 12:11:16,Ton Duc Thang,19,29,1.09,602,394,1,0.6552,0,0,Clear,mây cụm,29.97,63,1.65,0,12,0,4,tomtom_realtime
2026-04-06 12:16:20,Nguyen Trai,21,30,0.86,481,337,1,0.7,0,0,Clear,mây cụm,30.98,63,1.65,0,12,0,4,tomtom_realtime
2026-04-06 12:16:20,Vanh Dai 3,30,41,0.54,680,497,1,0.7317,0,0,Clear,mây cụm,30.98,63,1.65,0,12,0,4,tomtom_realtime
2026-04-06 12:16:20,Ton Duc Thang,19,29,1.09,602,394,1,0.6552,0,0,Clear,mây cụm,30.98,63,1.65,0,12,0,4,tomtom_realtime
2026-04-06 12:21:24,Nguyen Trai,21,31,0.92,481,326,1,0.6774,0,0,Clear,mây cụm,30.98,63,1.65,0,12,0,4,tomtom_realtime
2026-04-06 12:21:24,Vanh Dai 3,30,40,0.5,680,510,1,0.75,0,0,Clear,mây cụm,30.98,63,1.65,0,12,0,4,tomtom_realtime
2026-04-06 12:21:24,Ton Duc Thang,18,28,1.19,635,408,1,0.6429,0,0,Clear,mây cụm,30.98,63,1.65,0,12,0,4,tomtom_realtime
2026-04-06 12:26:27,Nguyen Trai,23,31,0.67,439,326,1,0.7419,0,0,Clear,mây cụm,30.97,62,1.65,0,12,0,4,tomtom_realtime
2026-04-06 12:26:27,Vanh Dai 3,29,41,0.61,703,497,1,0.7073,0,0,Clear,mây cụm,30.97,62,1.65,0,12,0,4,tomtom_realtime
2026-04-06 12:26:27,Ton Duc Thang,19,28,1.02,602,408,1,0.6786,0,0,Clear,mây cụm,30.97,62,1.65,0,12,0,4,tomtom_realtime
2026-04-06 12:31:31,Nguyen Trai,21,31,0.92,481,326,1,0.6774,0,0,Clear,mây cụm,30.97,62,1.65,0,12,0,4,tomtom_realtime
2026-04-06 12:31:31,Vanh Dai 3,29,40,0.57,703,510,1,0.725,0,0,Clear,mây cụm,30.97,62,1.65,0,12,0,4,tomtom_realtime
2026-04-06 12:31:31,Ton Duc Thang,16,28,1.61,715,408,1,0.5714,0,0,Clear,mây cụm,30.97,62,1.65,0,12,0,4,tomtom_realtime
2026-04-06 12:36:35,Nguyen Trai,22,31,0.79,459,326,1,0.7097,0,0,Clear,mây cụm,30.98,49,0.58,0,12,0,4,tomtom_realtime
2026-04-06 12:36:35,Vanh Dai 3,31,40,0.44,658,510,1,0.775,0,0,Clear,mây cụm,30.98,49,0.58,0,12,0,4,tomtom_realtime
2026-04-06 12:36:35,Ton Duc Thang,17,28,1.39,673,408,1,0.6071,0,0,Clear,mây cụm,30.98,49,0.58,0,12,0,4,tomtom_realtime
2026-04-06 12:41:38,Nguyen Trai,23,30,0.61,439,337,1,0.7667,0,0,Clear,mây cụm,30.98,49,0.58,0,12,0,4,tomtom_realtime
2026-04-06 12:41:38,Vanh Dai 3,31,41,0.47,658,497,1,0.7561,0,0,Clear,mây cụm,30.98,49,0.58,0,12,0,4,tomtom_realtime
2026-04-06 12:41:38,Ton Duc Thang,19,28,1.02,602,408,1,0.6786,0,0,Clear,mây cụm,30.98,49,0.58,0,12,0,4,tomtom_realtime
2026-04-06 12:46:41,Nguyen Trai,22,31,0.79,459,326,1,0.7097,0,0,Clear,mây cụm,30.98,49,0.51,0,12,0,4,tomtom_realtime
2026-04-06 12:46:41,Vanh Dai 3,31,41,0.47,658,497,1,0.7561,0,0,Clear,mây cụm,30.98,49,0.51,0,12,0,4,tomtom_realtime
2026-04-06 12:46:41,Ton Duc Thang,19,28,1.02,602,408,1,0.6786,0,0,Clear,mây cụm,30.98,49,0.51,0,12,0,4,tomtom_realtime
2026-04-06 12:51:44,Nguyen Trai,23,30,0.61,439,337,1,0.7667,0,0,Clear,mây cụm,30.98,49,0.51,0,12,0,4,tomtom_realtime
2026-04-06 12:51:44,Vanh Dai 3,31,41,0.47,658,497,1,0.7561,0,0,Clear,mây cụm,30.98,49,0.51,0,12,0,4,tomtom_realtime
2026-04-06 12:51:44,Ton Duc Thang,18,27,1.11,635,423,1,0.6667,0,0,Clear,mây cụm,30.98,49,0.51,0,12,0,4,tomtom_realtime
2026-04-06 12:56:48,Nguyen Trai,21,31,0.92,481,326,1,0.6774,0,0,Clear,mây cụm,30.98,49,0.51,0,12,0,4,tomtom_realtime
2026-04-06 12:56:48,Vanh Dai 3,30,41,0.54,680,497,1,0.7317,0,0,Clear,mây cụm,30.98,49,0.51,0,12,0,4,tomtom_realtime
2026-04-06 12:56:48,Ton Duc Thang,19,27,0.94,602,423,1,0.7037,0,0,Clear,mây cụm,30.98,49,0.51,0,12,0,4,tomtom_realtime
2026-04-06 13:01:51,Nguyen Trai,31,31,0.0,326,326,1,1.0,0,0,Clear,mây cụm,30.98,49,0.51,0,13,0,4,tomtom_realtime
2026-04-06 13:01:51,Vanh Dai 3,30,41,0.54,680,497,1,0.7317,0,0,Clear,mây cụm,30.98,49,0.51,0,13,0,4,tomtom_realtime
2026-04-06 13:01:51,Ton Duc Thang,20,28,0.86,572,408,1,0.7143,0,0,Clear,mây cụm,30.98,49,0.51,0,13,0,4,tomtom_realtime
2026-04-06 13:06:54,Nguyen Trai,23,31,0.67,439,326,1,0.7419,0,0,Clear,mây cụm,30.98,49,0.51,0,13,0,4,tomtom_realtime
2026-04-06 13:06:54,Vanh Dai 3,31,40,0.44,658,510,1,0.775,0,0,Clear,mây cụm,30.98,49,0.51,0,13,0,4,tomtom_realtime
2026-04-06 13:06:54,Ton Duc Thang,19,28,1.02,602,408,1,0.6786,0,0,Clear,mây cụm,30.98,49,0.51,0,13,0,4,tomtom_realtime
2026-04-06 13:11:58,Nguyen Trai,24,31,0.56,421,326,1,0.7742,0,0,Clear,mây cụm,30.98,49,0.51,0,13,0,4,tomtom_realtime
2026-04-06 13:11:58,Vanh Dai 3,29,40,0.57,703,510,1,0.725,0,0,Clear,mây cụm,30.98,49,0.51,0,13,0,4,tomtom_realtime
2026-04-06 13:11:58,Ton Duc Thang,19,28,1.02,602,408,1,0.6786,0,0,Clear,mây cụm,30.98,49,0.51,0,13,0,4,tomtom_realtime
2026-04-06 13:17:01,Nguyen Trai,21,31,0.92,481,326,1,0.6774,0,0,Clear,mây cụm,31.98,49,0.51,0,13,0,4,tomtom_realtime
2026-04-06 13:17:01,Vanh Dai 3,30,41,0.54,680,497,1,0.7317,0,0,Clear,mây cụm,31.98,49,0.51,0,13,0,4,tomtom_realtime
2026-04-06 13:17:01,Ton Duc Thang,19,28,1.02,602,408,1,0.6786,0,0,Clear,mây cụm,31.98,49,0.51,0,13,0,4,tomtom_realtime
2026-04-06 13:22:04,Nguyen Trai,21,31,0.92,481,326,1,0.6774,0,0,Clear,mây cụm,31.98,49,0.51,0,13,0,4,tomtom_realtime
2026-04-06 13:22:04,Vanh Dai 3,29,40,0.57,703,510,1,0.725,0,0,Clear,mây cụm,31.98,49,0.51,0,13,0,4,tomtom_realtime
2026-04-06 13:22:04,Ton Duc Thang,20,28,0.86,572,408,1,0.7143,0,0,Clear,mây cụm,31.98,49,0.51,0,13,0,4,tomtom_realtime
2026-04-06 13:27:08,Nguyen Trai,21,31,0.92,481,326,1,0.6774,0,0,Clear,mây cụm,31.98,49,0.51,0,13,0,4,tomtom_realtime
2026-04-06 13:27:08,Vanh Dai 3,29,41,0.61,703,497,1,0.7073,0,0,Clear,mây cụm,31.98,49,0.51,0,13,0,4,tomtom_realtime
2026-04-06 13:27:08,Ton Duc Thang,19,28,1.02,602,408,1,0.6786,0,0,Clear,mây cụm,31.98,49,0.51,0,13,0,4,tomtom_realtime
2026-04-06 13:32:12,Nguyen Trai,24,30,0.5,421,337,1,0.8,0,0,Clear,mây cụm,31.98,49,0.51,0,13,0,4,tomtom_realtime
2026-04-06 13:32:12,Vanh Dai 3,31,41,0.47,658,497,1,0.7561,0,0,Clear,mây cụm,31.98,49,0.51,0,13,0,4,tomtom_realtime
2026-04-06 13:32:12,Ton Duc Thang,19,28,1.02,602,408,1,0.6786,0,0,Clear,mây cụm,31.98,49,0.51,0,13,0,4,tomtom_realtime
2026-04-06 13:37:15,Nguyen Trai,19,31,1.22,532,326,1,0.6129,0,0,Clear,mây thưa,31.98,39,1.33,0,13,0,4,tomtom_realtime
2026-04-06 13:37:15,Vanh Dai 3,29,41,0.61,703,497,1,0.7073,0,0,Clear,mây thưa,31.98,39,1.33,0,13,0,4,tomtom_realtime
2026-04-06 13:37:15,Ton Duc Thang,17,28,1.39,673,408,1,0.6071,0,0,Clear,mây thưa,31.98,39,1.33,0,13,0,4,tomtom_realtime
2026-04-06 13:42:18,Nguyen Trai,23,30,0.61,439,337,1,0.7667,0,0,Clear,mây thưa,31.98,39,1.33,0,13,0,4,tomtom_realtime
2026-04-06 13:42:18,Vanh Dai 3,31,41,0.47,658,497,1,0.7561,0,0,Clear,mây thưa,31.98,39,1.33,0,13,0,4,tomtom_realtime
2026-04-06 13:42:18,Ton Duc Thang,17,28,1.39,673,408,1,0.6071,0,0,Clear,mây thưa,31.98,39,1.33,0,13,0,4,tomtom_realtime
2026-04-06 13:47:21,Nguyen Trai,22,32,0.85,459,316,1,0.6875,0,0,Clear,mây thưa,31.98,44,1.33,0,13,0,4,tomtom_realtime
2026-04-06 13:47:21,Vanh Dai 3,29,40,0.57,703,510,1,0.725,0,0,Clear,mây thưa,31.98,44,1.33,0,13,0,4,tomtom_realtime
2026-04-06 13:47:21,Ton Duc Thang,17,29,1.46,673,394,1,0.5862,0,0,Clear,mây thưa,31.98,44,1.33,0,13,0,4,tomtom_realtime
2026-04-06 13:52:27,Nguyen Trai,20,31,1.06,505,326,1,0.6452,0,0,Clear,mây thưa,31.98,44,1.33,0,13,0,4,tomtom_realtime
2026-04-06 13:52:27,Vanh Dai 3,29,40,0.57,703,510,1,0.725,0,0,Clear,mây thưa,31.98,44,1.33,0,13,0,4,tomtom_realtime
2026-04-06 13:52:27,Ton Duc Thang,18,28,1.19,635,408,1,0.6429,0,0,Clear,mây thưa,31.98,44,1.33,0,13,0,4,tomtom_realtime
2026-04-06 13:57:30,Nguyen Trai,20,31,1.06,505,326,1,0.6452,0,0,Clear,mây thưa,31.98,41,1.33,0,13,0,4,tomtom_realtime
2026-04-06 13:57:30,Vanh Dai 3,30,40,0.5,680,510,1,0.75,0,0,Clear,mây thưa,31.98,41,1.33,0,13,0,4,tomtom_realtime
2026-04-06 13:57:30,Ton Duc Thang,18,29,1.26,635,394,1,0.6207,0,0,Clear,mây thưa,31.98,41,1.33,0,13,0,4,tomtom_realtime
2026-04-06 14:02:33,Nguyen Trai,23,31,0.67,439,326,1,0.7419,0,0,Clear,mây thưa,31.98,41,1.33,0,14,0,4,tomtom_realtime
2026-04-06 14:02:33,Vanh Dai 3,29,40,0.57,703,510,1,0.725,0,0,Clear,mây thưa,31.98,41,1.33,0,14,0,4,tomtom_realtime
2026-04-06 14:02:33,Ton Duc Thang,15,27,1.78,763,423,1,0.5556,0,0,Clear,mây thưa,31.98,41,1.33,0,14,0,4,tomtom_realtime
2026-04-06 14:07:37,Nguyen Trai,21,31,0.92,481,326,1,0.6774,0,0,Clear,mây thưa,31.98,54,1.33,0,14,0,4,tomtom_realtime
2026-04-06 14:07:37,Vanh Dai 3,29,40,0.57,703,510,1,0.725,0,0,Clear,mây thưa,31.98,54,1.33,0,14,0,4,tomtom_realtime
2026-04-06 14:07:37,Ton Duc Thang,18,28,1.19,635,408,1,0.6429,0,0,Clear,mây thưa,31.98,54,1.33,0,14,0,4,tomtom_realtime
2026-04-06 14:12:40,Nguyen Trai,23,31,0.67,439,326,1,0.7419,0,0,Clear,mây thưa,31.98,54,1.33,0,14,0,4,tomtom_realtime
2026-04-06 14:12:40,Vanh Dai 3,30,41,0.54,680,497,1,0.7317,0,0,Clear,mây thưa,31.98,54,1.33,0,14,0,4,tomtom_realtime
2026-04-06 14:12:40,Ton Duc Thang,17,28,1.39,673,408,1,0.6071,0,0,Clear,mây thưa,31.98,54,1.33,0,14,0,4,tomtom_realtime
2026-04-06 14:17:43,Nguyen Trai,21,31,0.92,481,326,1,0.6774,0,0,Clear,mây thưa,32.98,54,1.33,0,14,0,4,tomtom_realtime
2026-04-06 14:17:43,Vanh Dai 3,31,40,0.44,658,510,1,0.775,0,0,Clear,mây thưa,32.98,54,1.33,0,14,0,4,tomtom_realtime
2026-04-06 14:17:43,Ton Duc Thang,17,28,1.39,673,408,1,0.6071,0,0,Clear,mây thưa,32.98,54,1.33,0,14,0,4,tomtom_realtime
2026-04-06 14:22:47,Nguyen Trai,20,30,1.0,505,337,1,0.6667,0,0,Clear,mây thưa,32.98,54,1.33,0,14,0,4,tomtom_realtime
2026-04-06 14:22:47,Vanh Dai 3,29,41,0.61,703,497,1,0.7073,0,0,Clear,mây thưa,32.98,54,1.33,0,14,0,4,tomtom_realtime
2026-04-06 14:22:47,Ton Duc Thang,19,29,1.09,602,394,1,0.6552,0,0,Clear,mây thưa,32.98,54,1.33,0,14,0,4,tomtom_realtime
2026-04-06 14:27:50,Nguyen Trai,20,31,1.06,505,326,1,0.6452,0,0,Clear,mây thưa,32.98,54,1.33,0,14,0,4,tomtom_realtime
2026-04-06 14:27:50,Vanh Dai 3,29,41,0.61,703,497,1,0.7073,0,0,Clear,mây thưa,32.98,54,1.33,0,14,0,4,tomtom_realtime
2026-04-06 14:27:50,Ton Duc Thang,18,28,1.19,635,408,1,0.6429,0,0,Clear,mây thưa,32.98,54,1.33,0,14,0,4,tomtom_realtime
2026-04-06 14:32:55,Nguyen Trai,18,30,1.33,561,337,1,0.6,0,0,Clear,mây thưa,32.98,54,1.33,0,14,0,4,tomtom_realtime
2026-04-06 14:32:55,Vanh Dai 3,29,40,0.57,703,510,1,0.725,0,0,Clear,mây thưa,32.98,54,1.33,0,14,0,4,tomtom_realtime
2026-04-06 14:32:55,Ton Duc Thang,17,28,1.39,673,408,1,0.6071,0,0,Clear,mây thưa,32.98,54,1.33,0,14,0,4,tomtom_realtime
2026-04-06 14:37:59,Nguyen Trai,18,31,1.4,561,326,1,0.5806,0,0,Clear,mây thưa,32.98,54,1.33,0,14,0,4,tomtom_realtime
2026-04-06 14:37:59,Vanh Dai 3,28,40,0.64,729,510,1,0.7,0,0,Clear,mây thưa,32.98,54,1.33,0,14,0,4,tomtom_realtime
2026-04-06 14:37:59,Ton Duc Thang,19,28,1.02,602,408,1,0.6786,0,0,Clear,mây thưa,32.98,54,1.33,0,14,0,4,tomtom_realtime
2026-04-06 14:43:03,Nguyen Trai,21,31,0.92,481,326,1,0.6774,0,0,Clear,bầu trời quang đãng,32.98,40,1.72,0,14,0,4,tomtom_realtime
2026-04-06 14:43:03,Vanh Dai 3,28,40,0.64,729,510,1,0.7,0,0,Clear,bầu trời quang đãng,32.98,40,1.72,0,14,0,4,tomtom_realtime
2026-04-06 14:43:03,Ton Duc Thang,18,28,1.19,635,408,1,0.6429,0,0,Clear,bầu trời quang đãng,32.98,40,1.72,0,14,0,4,tomtom_realtime
2026-04-06 14:48:07,Nguyen Trai,21,31,0.92,481,326,1,0.6774,0,0,Clear,bầu trời quang đãng,32.98,40,1.72,0,14,0,4,tomtom_realtime
2026-04-06 14:48:07,Vanh Dai 3,30,41,0.54,680,497,1,0.7317,0,0,Clear,bầu trời quang đãng,32.98,40,1.72,0,14,0,4,tomtom_realtime
2026-04-06 14:48:07,Ton Duc Thang,18,29,1.26,635,394,1,0.6207,0,0,Clear,bầu trời quang đãng,32.98,40,1.72,0,14,0,4,tomtom_realtime
2026-04-06 14:53:11,Nguyen Trai,22,30,0.73,459,337,1,0.7333,0,0,Clear,bầu trời quang đãng,32.98,40,1.72,0,14,0,4,tomtom_realtime
2026-04-06 14:53:11,Vanh Dai 3,31,40,0.44,658,510,1,0.775,0,0,Clear,bầu trời quang đãng,32.98,40,1.72,0,14,0,4,tomtom_realtime
2026-04-06 14:53:11,Ton Duc Thang,20,28,0.86,572,408,1,0.7143,0,0,Clear,bầu trời quang đãng,32.98,40,1.72,0,14,0,4,tomtom_realtime
2026-04-06 14:58:14,Nguyen Trai,22,31,0.79,459,326,1,0.7097,0,0,Clear,bầu trời quang đãng,32.98,40,1.72,0,14,0,4,tomtom_realtime
2026-04-06 14:58:14,Vanh Dai 3,29,40,0.57,703,510,1,0.725,0,0,Clear,bầu trời quang đãng,32.98,40,1.72,0,14,0,4,tomtom_realtime
2026-04-06 14:58:14,Ton Duc Thang,17,28,1.39,673,408,1,0.6071,0,0,Clear,bầu trời quang đãng,32.98,40,1.72,0,14,0,4,tomtom_realtime
2026-04-06 15:03:17,Nguyen Trai,21,31,0.92,481,326,1,0.6774,0,0,Clear,bầu trời quang đãng,32.98,40,1.72,0,15,0,4,tomtom_realtime
2026-04-06 15:03:17,Vanh Dai 3,29,41,0.61,703,497,1,0.7073,0,0,Clear,bầu trời quang đãng,32.98,40,1.72,0,15,0,4,tomtom_realtime
2026-04-06 15:03:17,Ton Duc Thang,20,28,0.86,572,408,1,0.7143,0,0,Clear,bầu trời quang đãng,32.98,40,1.72,0,15,0,4,tomtom_realtime
2026-04-06 15:08:21,Nguyen Trai,22,31,0.79,459,326,1,0.7097,0,0,Clear,bầu trời quang đãng,32.98,40,1.72,0,15,0,4,tomtom_realtime
2026-04-06 15:08:21,Vanh Dai 3,29,40,0.57,703,510,1,0.725,0,0,Clear,bầu trời quang đãng,32.98,40,1.72,0,15,0,4,tomtom_realtime
2026-04-06 15:08:21,Ton Duc Thang,17,28,1.39,673,408,1,0.6071,0,0,Clear,bầu trời quang đãng,32.98,40,1.72,0,15,0,4,tomtom_realtime
2026-04-06 15:13:24,Nguyen Trai,20,31,1.06,505,326,1,0.6452,0,0,Clear,bầu trời quang đãng,32.98,51,1.72,0,15,0,4,tomtom_realtime
2026-04-06 15:13:24,Vanh Dai 3,29,39,0.53,703,523,1,0.7436,0,0,Clear,bầu trời quang đãng,32.98,51,1.72,0,15,0,4,tomtom_realtime
2026-04-06 15:13:24,Ton Duc Thang,19,28,1.02,602,408,1,0.6786,0,0,Clear,bầu trời quang đãng,32.98,51,1.72,0,15,0,4,tomtom_realtime
2026-04-06 15:18:27,Nguyen Trai,20,30,1.0,505,337,1,0.6667,0,0,Clear,bầu trời quang đãng,32.98,51,1.72,0,15,0,4,tomtom_realtime
2026-04-06 15:18:27,Vanh Dai 3,28,40,0.64,729,510,1,0.7,0,0,Clear,bầu trời quang đãng,32.98,51,1.72,0,15,0,4,tomtom_realtime
2026-04-06 15:18:27,Ton Duc Thang,18,28,1.19,635,408,1,0.6429,0,0,Clear,bầu trời quang đãng,32.98,51,1.72,0,15,0,4,tomtom_realtime
2026-04-06 15:23:31,Nguyen Trai,20,30,1.0,505,337,1,0.6667,0,0,Clear,bầu trời quang đãng,32.98,54,1.72,0,15,0,4,tomtom_realtime
2026-04-06 15:23:31,Vanh Dai 3,28,41,0.68,729,497,1,0.6829,0,0,Clear,bầu trời quang đãng,32.98,54,1.72,0,15,0,4,tomtom_realtime
2026-04-06 15:23:31,Ton Duc Thang,18,28,1.19,635,408,1,0.6429,0,0,Clear,bầu trời quang đãng,32.98,54,1.72,0,15,0,4,tomtom_realtime
2026-04-06 15:28:34,Nguyen Trai,20,31,1.06,505,326,1,0.6452,0,0,Clear,bầu trời quang đãng,32.98,54,1.72,0,15,0,4,tomtom_realtime
2026-04-06 15:28:34,Vanh Dai 3,27,40,0.72,756,510,1,0.675,0,0,Clear,bầu trời quang đãng,32.98,54,1.72,0,15,0,4,tomtom_realtime
2026-04-06 15:28:34,Ton Duc Thang,18,28,1.19,635,408,1,0.6429,0,0,Clear,bầu trời quang đãng,32.98,54,1.72,0,15,0,4,tomtom_realtime
2026-04-06 15:33:38,Nguyen Trai,23,31,0.67,439,326,1,0.7419,0,0,Clear,bầu trời quang đãng,32.98,42,5.21,0,15,0,4,tomtom_realtime
2026-04-06 15:33:38,Vanh Dai 3,25,41,0.94,816,497,1,0.6098,0,0,Clear,bầu trời quang đãng,32.98,42,5.21,0,15,0,4,tomtom_realtime
2026-04-06 15:33:38,Ton Duc Thang,17,28,1.39,673,408,1,0.6071,0,0,Clear,bầu trời quang đãng,32.98,42,5.21,0,15,0,4,tomtom_realtime
2026-04-06 15:38:41,Nguyen Trai,20,31,1.06,505,326,1,0.6452,0,0,Clear,bầu trời quang đãng,32.98,42,5.21,0,15,0,4,tomtom_realtime
2026-04-06 15:38:41,Vanh Dai 3,26,41,0.84,785,497,1,0.6341,0,0,Clear,bầu trời quang đãng,32.98,42,5.21,0,15,0,4,tomtom_realtime
2026-04-06 15:38:41,Ton Duc Thang,17,27,1.31,673,423,1,0.6296,0,0,Clear,bầu trời quang đãng,32.98,42,5.21,0,15,0,4,tomtom_realtime
2026-04-06 15:43:44,Nguyen Trai,20,30,1.0,505,337,1,0.6667,0,0,Clear,bầu trời quang đãng,32.98,42,5.21,0,15,0,4,tomtom_realtime
2026-04-06 15:43:44,Vanh Dai 3,25,41,0.94,816,497,1,0.6098,0,0,Clear,bầu trời quang đãng,32.98,42,5.21,0,15,0,4,tomtom_realtime
2026-04-06 15:43:44,Ton Duc Thang,18,28,1.19,635,408,1,0.6429,0,0,Clear,bầu trời quang đãng,32.98,42,5.21,0,15,0,4,tomtom_realtime
2026-04-06 15:48:47,Nguyen Trai,19,31,1.22,532,326,1,0.6129,0,0,Clear,bầu trời quang đãng,32.98,42,5.21,0,15,0,4,tomtom_realtime
2026-04-06 15:48:47,Vanh Dai 3,27,42,0.79,756,486,1,0.6429,0,0,Clear,bầu trời quang đãng,32.98,42,5.21,0,15,0,4,tomtom_realtime
2026-04-06 15:48:47,Ton Duc Thang,17,28,1.39,673,408,1,0.6071,0,0,Clear,bầu trời quang đãng,32.98,42,5.21,0,15,0,4,tomtom_realtime
2026-04-06 15:53:51,Nguyen Trai,22,31,0.79,459,326,1,0.7097,0,0,Clear,bầu trời quang đãng,32.98,40,5.21,0,15,0,4,tomtom_realtime
2026-04-06 15:53:51,Vanh Dai 3,27,41,0.76,756,497,1,0.6585,0,0,Clear,bầu trời quang đãng,32.98,40,5.21,0,15,0,4,tomtom_realtime
2026-04-06 15:53:51,Ton Duc Thang,19,28,1.02,602,408,1,0.6786,0,0,Clear,bầu trời quang đãng,32.98,40,5.21,0,15,0,4,tomtom_realtime
2026-04-06 15:58:54,Nguyen Trai,22,31,0.79,459,326,1,0.7097,0,0,Clear,bầu trời quang đãng,32.98,40,5.21,0,15,0,4,tomtom_realtime
2026-04-06 15:58:54,Vanh Dai 3,25,40,0.9,816,510,1,0.625,0,0,Clear,bầu trời quang đãng,32.98,40,5.21,0,15,0,4,tomtom_realtime
2026-04-06 15:58:54,Ton Duc Thang,19,27,0.94,602,423,1,0.7037,0,0,Clear,bầu trời quang đãng,32.98,40,5.21,0,15,0,4,tomtom_realtime
2026-04-06 16:03:58,Nguyen Trai,21,31,0.92,481,326,1,0.6774,0,0,Clear,bầu trời quang đãng,32.98,51,5.21,0,16,0,4,tomtom_realtime
2026-04-06 16:03:58,Vanh Dai 3,27,40,0.72,756,510,1,0.675,0,0,Clear,bầu trời quang đãng,32.98,51,5.21,0,16,0,4,tomtom_realtime
2026-04-06 16:03:58,Ton Duc Thang,17,28,1.39,673,408,1,0.6071,0,0,Clear,bầu trời quang đãng,32.98,51,5.21,0,16,0,4,tomtom_realtime
2026-04-06 16:09:01,Nguyen Trai,19,30,1.16,532,337,1,0.6333,0,0,Clear,bầu trời quang đãng,32.98,51,5.21,0,16,0,4,tomtom_realtime
2026-04-06 16:09:01,Vanh Dai 3,26,40,0.81,785,510,1,0.65,0,0,Clear,bầu trời quang đãng,32.98,51,5.21,0,16,0,4,tomtom_realtime
2026-04-06 16:09:01,Ton Duc Thang,17,27,1.31,673,423,1,0.6296,0,0,Clear,bầu trời quang đãng,32.98,51,5.21,0,16,0,4,tomtom_realtime
2026-04-06 16:14:05,Nguyen Trai,18,31,1.4,561,326,1,0.5806,0,0,Clear,bầu trời quang đãng,32.98,51,5.21,0,16,0,4,tomtom_realtime
2026-04-06 16:14:05,Vanh Dai 3,27,41,0.76,756,497,1,0.6585,0,0,Clear,bầu trời quang đãng,32.98,51,5.21,0,16,0,4,tomtom_realtime
2026-04-06 16:14:05,Ton Duc Thang,18,27,1.11,635,423,1,0.6667,0,0,Clear,bầu trời quang đãng,32.98,51,5.21,0,16,0,4,tomtom_realtime
2026-04-06 16:19:09,Nguyen Trai,17,31,1.59,594,326,1,0.5484,0,0,Clear,bầu trời quang đãng,32.98,51,5.21,0,16,0,4,tomtom_realtime
2026-04-06 16:19:09,Vanh Dai 3,25,41,0.94,816,497,1,0.6098,0,0,Clear,bầu trời quang đãng,32.98,51,5.21,0,16,0,4,tomtom_realtime
2026-04-06 16:19:09,Ton Duc Thang,17,28,1.39,673,408,1,0.6071,0,0,Clear,bầu trời quang đãng,32.98,51,5.21,0,16,0,4,tomtom_realtime
2026-04-06 16:24:12,Nguyen Trai,22,31,0.79,459,326,1,0.7097,0,0,Clear,bầu trời quang đãng,32.98,54,5.21,0,16,0,4,tomtom_realtime
2026-04-06 16:24:12,Vanh Dai 3,26,41,0.84,785,497,1,0.6341,0,0,Clear,bầu trời quang đãng,32.98,54,5.21,0,16,0,4,tomtom_realtime
2026-04-06 16:24:12,Ton Duc Thang,16,28,1.61,715,408,1,0.5714,0,0,Clear,bầu trời quang đãng,32.98,54,5.21,0,16,0,4,tomtom_realtime
2026-04-06 16:29:16,Nguyen Trai,18,30,1.33,561,337,1,0.6,0,0,Clear,bầu trời quang đãng,32.98,54,5.21,0,16,0,4,tomtom_realtime
2026-04-06 16:29:16,Vanh Dai 3,26,41,0.84,785,497,1,0.6341,0,0,Clear,bầu trời quang đãng,32.98,54,5.21,0,16,0,4,tomtom_realtime
2026-04-06 16:29:16,Ton Duc Thang,18,28,1.19,635,408,1,0.6429,0,0,Clear,bầu trời quang đãng,32.98,54,5.21,0,16,0,4,tomtom_realtime
2026-04-06 16:34:19,Nguyen Trai,17,31,1.59,594,326,1,0.5484,0,0,Clear,bầu trời quang đãng,32.98,54,5.21,0,16,0,4,tomtom_realtime
2026-04-06 16:34:19,Vanh Dai 3,25,41,0.94,816,497,1,0.6098,0,0,Clear,bầu trời quang đãng,32.98,54,5.21,0,16,0,4,tomtom_realtime
2026-04-06 16:34:19,Ton Duc Thang,16,27,1.53,715,423,1,0.5926,0,0,Clear,bầu trời quang đãng,32.98,54,5.21,0,16,0,4,tomtom_realtime
2026-04-06 16:39:22,Nguyen Trai,18,31,1.4,561,326,1,0.5806,0,0,Clear,bầu trời quang đãng,32.98,54,5.21,0,16,0,4,tomtom_realtime
2026-04-06 16:39:22,Vanh Dai 3,23,41,1.15,887,497,1,0.561,0,0,Clear,bầu trời quang đãng,32.98,54,5.21,0,16,0,4,tomtom_realtime
2026-04-06 16:39:22,Ton Duc Thang,18,28,1.19,635,408,1,0.6429,0,0,Clear,bầu trời quang đãng,32.98,54,5.21,0,16,0,4,tomtom_realtime
2026-04-06 16:44:26,Nguyen Trai,18,30,1.33,561,337,1,0.6,0,0,Clear,bầu trời quang đãng,31.98,49,6.85,0,16,0,4,tomtom_realtime
2026-04-06 16:44:26,Vanh Dai 3,25,41,0.94,816,497,1,0.6098,0,0,Clear,bầu trời quang đãng,31.98,49,6.85,0,16,0,4,tomtom_realtime
2026-04-06 16:44:26,Ton Duc Thang,18,27,1.11,635,423,1,0.6667,0,0,Clear,bầu trời quang đãng,31.98,49,6.85,0,16,0,4,tomtom_realtime
2026-04-06 16:49:29,Nguyen Trai,19,31,1.22,532,326,1,0.6129,0,0,Clear,bầu trời quang đãng,31.98,49,6.85,0,16,0,4,tomtom_realtime
2026-04-06 16:49:29,Vanh Dai 3,24,41,1.04,850,497,1,0.5854,0,0,Clear,bầu trời quang đãng,31.98,49,6.85,0,16,0,4,tomtom_realtime
2026-04-06 16:49:29,Ton Duc Thang,15,28,1.86,763,408,1,0.5357,0,0,Clear,bầu trời quang đãng,31.98,49,6.85,0,16,0,4,tomtom_realtime
2026-04-06 16:54:33,Nguyen Trai,17,31,1.59,594,326,1,0.5484,0,0,Clear,bầu trời quang đãng,31.98,49,6.85,0,16,0,4,tomtom_realtime
2026-04-06 16:54:33,Vanh Dai 3,26,40,0.81,785,510,1,0.65,0,0,Clear,bầu trời quang đãng,31.98,49,6.85,0,16,0,4,tomtom_realtime
2026-04-06 16:54:33,Ton Duc Thang,18,28,1.19,635,408,1,0.6429,0,0,Clear,bầu trời quang đãng,31.98,49,6.85,0,16,0,4,tomtom_realtime
2026-04-06 16:59:36,Nguyen Trai,19,32,1.28,532,316,1,0.5938,0,0,Clear,bầu trời quang đãng,31.98,49,6.85,0,16,0,4,tomtom_realtime
2026-04-06 16:59:36,Vanh Dai 3,27,40,0.72,756,510,1,0.675,0,0,Clear,bầu trời quang đãng,31.98,49,6.85,0,16,0,4,tomtom_realtime
2026-04-06 16:59:36,Ton Duc Thang,16,28,1.61,715,408,1,0.5714,0,0,Clear,bầu trời quang đãng,31.98,49,6.85,0,16,0,4,tomtom_realtime
2026-04-06 17:04:41,Nguyen Trai,18,31,1.4,561,326,1,0.5806,0,0,Clear,bầu trời quang đãng,31.98,58,6.85,0,17,0,4,tomtom_realtime
2026-04-06 17:04:41,Vanh Dai 3,23,40,1.11,887,510,1,0.575,0,0,Clear,bầu trời quang đãng,31.98,58,6.85,0,17,0,4,tomtom_realtime
2026-04-06 17:04:41,Ton Duc Thang,16,28,1.61,715,408,1,0.5714,0,0,Clear,bầu trời quang đãng,31.98,58,6.85,0,17,0,4,tomtom_realtime
2026-04-06 17:09:44,Nguyen Trai,16,31,1.81,632,326,1,0.5161,0,0,Clear,bầu trời quang đãng,31.98,58,6.85,0,17,0,4,tomtom_realtime
2026-04-06 17:09:44,Vanh Dai 3,23,41,1.15,887,497,1,0.561,0,0,Clear,bầu trời quang đãng,31.98,58,6.85,0,17,0,4,tomtom_realtime
2026-04-06 17:09:44,Ton Duc Thang,13,28,2.47,880,408,1,0.4643,0,0,Clear,bầu trời quang đãng,31.98,58,6.85,0,17,0,4,tomtom_realtime
2026-04-06 17:14:48,Nguyen Trai,15,31,2.06,674,326,1,0.4839,0,0,Clear,bầu trời quang đãng,31.98,58,6.85,0,17,0,4,tomtom_realtime
2026-04-06 17:14:48,Vanh Dai 3,23,41,1.15,887,497,1,0.561,0,0,Clear,bầu trời quang đãng,31.98,58,6.85,0,17,0,4,tomtom_realtime
2026-04-06 17:14:48,Ton Duc Thang,15,28,1.86,763,408,1,0.5357,0,0,Clear,bầu trời quang đãng,31.98,58,6.85,0,17,0,4,tomtom_realtime
2026-04-06 17:19:51,Nguyen Trai,12,31,3.06,842,326,1,0.3871,0,0,Clear,bầu trời quang đãng,31.98,61,6.85,0,17,0,4,tomtom_realtime
2026-04-06 17:19:51,Vanh Dai 3,20,41,1.54,1020,497,1,0.4878,0,0,Clear,bầu trời quang đãng,31.98,61,6.85,0,17,0,4,tomtom_realtime
2026-04-06 17:19:51,Ton Duc Thang,14,29,2.22,817,394,1,0.4828,0,0,Clear,bầu trời quang đãng,31.98,61,6.85,0,17,0,4,tomtom_realtime
2026-04-06 17:24:55,Nguyen Trai,15,31,2.06,674,326,1,0.4839,0,0,Clear,bầu trời quang đãng,31.98,61,6.85,0,17,0,4,tomtom_realtime
2026-04-06 17:24:55,Vanh Dai 3,21,40,1.36,972,510,1,0.525,0,0,Clear,bầu trời quang đãng,31.98,61,6.85,0,17,0,4,tomtom_realtime
2026-04-06 17:24:55,Ton Duc Thang,16,28,1.61,715,408,1,0.5714,0,0,Clear,bầu trời quang đãng,31.98,61,6.85,0,17,0,4,tomtom_realtime
2026-04-06 17:29:58,Nguyen Trai,15,31,2.06,674,326,1,0.4839,0,0,Clear,bầu trời quang đãng,31.98,61,6.85,0,17,0,4,tomtom_realtime
2026-04-06 17:29:58,Vanh Dai 3,22,41,1.26,927,497,1,0.5366,0,0,Clear,bầu trời quang đãng,31.98,61,6.85,0,17,0,4,tomtom_realtime
2026-04-06 17:29:58,Ton Duc Thang,16,27,1.53,715,423,1,0.5926,0,0,Clear,bầu trời quang đãng,31.98,61,6.85,0,17,0,4,tomtom_realtime
2026-04-06 17:35:01,Nguyen Trai,12,31,3.06,842,326,1,0.3871,0,0,Clear,bầu trời quang đãng,31.98,61,6.85,0,17,0,4,tomtom_realtime
2026-04-06 17:35:01,Vanh Dai 3,22,41,1.26,927,497,1,0.5366,0,0,Clear,bầu trời quang đãng,31.98,61,6.85,0,17,0,4,tomtom_realtime
2026-04-06 17:35:01,Ton Duc Thang,18,29,1.26,635,394,1,0.6207,0,0,Clear,bầu trời quang đãng,31.98,61,6.85,0,17,0,4,tomtom_realtime
2026-04-06 17:40:05,Nguyen Trai,12,31,3.06,842,326,1,0.3871,0,0,Clear,mây thưa,31.98,56,5.41,0,17,0,4,tomtom_realtime
2026-04-06 17:40:05,Vanh Dai 3,20,41,1.54,1020,497,1,0.4878,0,0,Clear,mây thưa,31.98,56,5.41,0,17,0,4,tomtom_realtime
2026-04-06 17:40:05,Ton Duc Thang,16,29,1.68,715,394,1,0.5517,0,0,Clear,mây thưa,31.98,56,5.41,0,17,0,4,tomtom_realtime
2026-04-06 17:45:08,Nguyen Trai,16,32,1.88,632,316,1,0.5,0,0,Clear,mây thưa,31.98,56,5.41,0,17,0,4,tomtom_realtime
2026-04-06 17:45:08,Vanh Dai 3,19,41,1.69,1074,497,1,0.4634,0,0,Clear,mây thưa,31.98,56,5.41,0,17,0,4,tomtom_realtime
2026-04-06 17:45:08,Ton Duc Thang,17,28,1.39,673,408,1,0.6071,0,0,Clear,mây thưa,31.98,56,5.41,0,17,0,4,tomtom_realtime
2026-04-06 17:50:13,Nguyen Trai,12,31,3.06,842,326,1,0.3871,0,0,Clear,mây thưa,31.98,56,5.41,0,17,0,4,tomtom_realtime
2026-04-06 17:50:13,Vanh Dai 3,20,41,1.54,1020,497,1,0.4878,0,0,Clear,mây thưa,31.98,56,5.41,0,17,0,4,tomtom_realtime
2026-04-06 17:50:13,Ton Duc Thang,17,28,1.39,673,408,1,0.6071,0,0,Clear,mây thưa,31.98,56,5.41,0,17,0,4,tomtom_realtime
2026-04-06 17:55:17,Nguyen Trai,14,31,2.35,722,326,1,0.4516,0,0,Clear,mây thưa,31.98,56,5.41,0,17,0,4,tomtom_realtime
2026-04-06 17:55:17,Vanh Dai 3,20,41,1.54,1020,497,1,0.4878,0,0,Clear,mây thưa,31.98,56,5.41,0,17,0,4,tomtom_realtime
2026-04-06 17:55:17,Ton Duc Thang,18,29,1.26,635,394,1,0.6207,0,0,Clear,mây thưa,31.98,56,5.41,0,17,0,4,tomtom_realtime
2026-04-06 18:00:20,Nguyen Trai,17,32,1.65,594,316,1,0.5312,0,0,Clear,mây thưa,31.98,57,5.41,0,18,0,4,tomtom_realtime
2026-04-06 18:00:20,Vanh Dai 3,21,41,1.39,972,497,1,0.5122,0,0,Clear,mây thưa,31.98,57,5.41,0,18,0,4,tomtom_realtime
2026-04-06 18:00:20,Ton Duc Thang,16,28,1.61,715,408,1,0.5714,0,0,Clear,mây thưa,31.98,57,5.41,0,18,0,4,tomtom_realtime
2026-04-06 18:05:25,Nguyen Trai,15,31,2.06,674,326,1,0.4839,0,0,Clear,mây thưa,31.98,57,5.41,0,18,0,4,tomtom_realtime
2026-04-06 18:05:25,Vanh Dai 3,21,41,1.39,972,497,1,0.5122,0,0,Clear,mây thưa,31.98,57,5.41,0,18,0,4,tomtom_realtime
2026-04-06 18:05:25,Ton Duc Thang,15,29,1.93,763,394,1,0.5172,0,0,Clear,mây thưa,31.98,57,5.41,0,18,0,4,tomtom_realtime
2026-04-06 18:10:28,Nguyen Trai,16,31,1.81,632,326,1,0.5161,0,0,Clear,mây thưa,30.96,64,5.41,0,18,0,4,tomtom_realtime
2026-04-06 18:10:28,Vanh Dai 3,23,41,1.15,887,497,1,0.561,0,0,Clear,mây thưa,30.96,64,5.41,0,18,0,4,tomtom_realtime
2026-04-06 18:10:28,Ton Duc Thang,16,28,1.61,715,408,1,0.5714,0,0,Clear,mây thưa,30.96,64,5.41,0,18,0,4,tomtom_realtime
2026-04-06 18:15:32,Nguyen Trai,14,30,2.29,722,337,1,0.4667,0,0,Clear,mây thưa,30.96,64,5.41,0,18,0,4,tomtom_realtime
2026-04-06 18:15:32,Vanh Dai 3,22,41,1.26,927,497,1,0.5366,0,0,Clear,mây thưa,30.96,64,5.41,0,18,0,4,tomtom_realtime
2026-04-06 18:15:32,Ton Duc Thang,17,29,1.46,673,394,1,0.5862,0,0,Clear,mây thưa,30.96,64,5.41,0,18,0,4,tomtom_realtime
2026-04-06 18:20:36,Nguyen Trai,14,31,2.35,722,326,1,0.4516,0,0,Clear,mây thưa,30.98,64,5.41,0,18,0,4,tomtom_realtime
2026-04-06 18:20:36,Vanh Dai 3,20,41,1.54,1020,497,1,0.4878,0,0,Clear,mây thưa,30.98,64,5.41,0,18,0,4,tomtom_realtime
2026-04-06 18:20:36,Ton Duc Thang,15,28,1.86,763,408,1,0.5357,0,0,Clear,mây thưa,30.98,64,5.41,0,18,0,4,tomtom_realtime
2026-04-06 18:25:40,Nguyen Trai,14,31,2.35,722,326,1,0.4516,0,0,Clear,mây thưa,30.98,70,5.41,0,18,0,4,tomtom_realtime
2026-04-06 18:25:40,Vanh Dai 3,24,40,1.0,850,510,1,0.6,0,0,Clear,mây thưa,30.98,70,5.41,0,18,0,4,tomtom_realtime
2026-04-06 18:25:40,Ton Duc Thang,16,28,1.61,715,408,1,0.5714,0,0,Clear,mây thưa,30.98,70,5.41,0,18,0,4,tomtom_realtime
2026-04-06 18:30:45,Nguyen Trai,15,32,2.12,674,316,1,0.4688,0,0,Clear,mây thưa,30.98,70,5.41,0,18,0,4,tomtom_realtime
2026-04-06 18:30:45,Vanh Dai 3,24,41,1.04,850,497,1,0.5854,0,0,Clear,mây thưa,30.98,70,5.41,0,18,0,4,tomtom_realtime
2026-04-06 18:30:45,Ton Duc Thang,17,28,1.39,673,408,1,0.6071,0,0,Clear,mây thưa,30.98,70,5.41,0,18,0,4,tomtom_realtime
2026-04-06 18:35:48,Nguyen Trai,14,31,2.35,722,326,1,0.4516,0,0,Clear,mây thưa,30.98,65,5.11,0,18,0,4,tomtom_realtime
2026-04-06 18:35:48,Vanh Dai 3,22,40,1.23,927,510,1,0.55,0,0,Clear,mây thưa,30.98,65,5.11,0,18,0,4,tomtom_realtime
2026-04-06 18:35:48,Ton Duc Thang,17,28,1.39,673,408,1,0.6071,0,0,Clear,mây thưa,30.98,65,5.11,0,18,0,4,tomtom_realtime
2026-04-06 18:40:51,Nguyen Trai,14,31,2.35,722,326,1,0.4516,0,0,Clear,mây thưa,30.98,65,5.11,0,18,0,4,tomtom_realtime
2026-04-06 18:40:51,Vanh Dai 3,24,41,1.04,850,497,1,0.5854,0,0,Clear,mây thưa,30.98,65,5.11,0,18,0,4,tomtom_realtime
2026-04-06 18:40:51,Ton Duc Thang,15,27,1.78,763,423,1,0.5556,0,0,Clear,mây thưa,30.98,65,5.11,0,18,0,4,tomtom_realtime
2026-04-06 18:45:55,Nguyen Trai,14,31,2.35,722,326,1,0.4516,0,0,Clear,mây thưa,30.98,65,5.11,0,18,0,4,tomtom_realtime
2026-04-06 18:45:55,Vanh Dai 3,23,41,1.15,887,497,1,0.561,0,0,Clear,mây thưa,30.98,65,5.11,0,18,0,4,tomtom_realtime
2026-04-06 18:45:55,Ton Duc Thang,17,27,1.31,673,423,1,0.6296,0,0,Clear,mây thưa,30.98,65,5.11,0,18,0,4,tomtom_realtime
2026-04-06 18:51:02,Nguyen Trai,17,31,1.59,594,326,1,0.5484,0,0,Clear,mây thưa,30.98,65,5.11,0,18,0,4,tomtom_realtime
2026-04-06 18:51:02,Vanh Dai 3,25,41,0.94,816,497,1,0.6098,0,0,Clear,mây thưa,30.98,65,5.11,0,18,0,4,tomtom_realtime
2026-04-06 18:51:02,Ton Duc Thang,16,27,1.53,715,423,1,0.5926,0,0,Clear,mây thưa,30.98,65,5.11,0,18,0,4,tomtom_realtime
2026-04-06 18:56:06,Nguyen Trai,16,32,1.88,632,316,1,0.5,0,0,Clear,bầu trời quang đãng,30.98,62,5.15,0,18,0,4,tomtom_realtime
2026-04-06 18:56:06,Vanh Dai 3,25,40,0.9,816,510,1,0.625,0,0,Clear,bầu trời quang đãng,30.98,62,5.15,0,18,0,4,tomtom_realtime
2026-04-06 18:56:06,Ton Duc Thang,17,28,1.39,673,408,1,0.6071,0,0,Clear,bầu trời quang đãng,30.98,62,5.15,0,18,0,4,tomtom_realtime
2026-04-06 19:01:09,Nguyen Trai,14,31,2.35,722,326,1,0.4516,0,0,Clear,bầu trời quang đãng,30.98,62,5.15,0,19,0,4,tomtom_realtime
2026-04-06 19:01:09,Vanh Dai 3,24,41,1.04,850,497,1,0.5854,0,0,Clear,bầu trời quang đãng,30.98,62,5.15,0,19,0,4,tomtom_realtime
2026-04-06 19:01:09,Ton Duc Thang,15,28,1.86,763,408,1,0.5357,0,0,Clear,bầu trời quang đãng,30.98,62,5.15,0,19,0,4,tomtom_realtime
2026-04-06 19:06:12,Nguyen Trai,17,31,1.59,594,326,1,0.5484,0,0,Clear,bầu trời quang đãng,30.98,62,5.15,0,19,0,4,tomtom_realtime
2026-04-06 19:06:12,Vanh Dai 3,24,41,1.04,850,497,1,0.5854,0,0,Clear,bầu trời quang đãng,30.98,62,5.15,0,19,0,4,tomtom_realtime
2026-04-06 19:06:12,Ton Duc Thang,17,29,1.46,673,394,1,0.5862,0,0,Clear,bầu trời quang đãng,30.98,62,5.15,0,19,0,4,tomtom_realtime
2026-04-06 19:11:16,Nguyen Trai,19,31,1.22,532,326,1,0.6129,0,0,Clear,bầu trời quang đãng,30.98,62,5.15,0,19,0,4,tomtom_realtime
2026-04-06 19:11:16,Vanh Dai 3,23,39,1.07,887,523,1,0.5897,0,0,Clear,bầu trời quang đãng,30.98,62,5.15,0,19,0,4,tomtom_realtime
2026-04-06 19:11:16,Ton Duc Thang,18,27,1.11,635,423,1,0.6667,0,0,Clear,bầu trời quang đãng,30.98,62,5.15,0,19,0,4,tomtom_realtime
2026-04-06 19:16:20,Nguyen Trai,17,31,1.59,594,326,1,0.5484,0,0,Clear,bầu trời quang đãng,29.98,62,5.15,0,19,0,4,tomtom_realtime
2026-04-06 19:16:20,Vanh Dai 3,24,40,1.0,850,510,1,0.6,0,0,Clear,bầu trời quang đãng,29.98,62,5.15,0,19,0,4,tomtom_realtime
2026-04-06 19:16:20,Ton Duc Thang,17,27,1.31,673,423,1,0.6296,0,0,Clear,bầu trời quang đãng,29.98,62,5.15,0,19,0,4,tomtom_realtime
2026-04-06 19:21:24,Nguyen Trai,20,31,1.06,505,326,1,0.6452,0,0,Clear,bầu trời quang đãng,29.98,62,5.15,0,19,0,4,tomtom_realtime
2026-04-06 19:21:24,Vanh Dai 3,26,40,0.81,785,510,1,0.65,0,0,Clear,bầu trời quang đãng,29.98,62,5.15,0,19,0,4,tomtom_realtime
2026-04-06 19:21:24,Ton Duc Thang,17,28,1.39,673,408,1,0.6071,0,0,Clear,bầu trời quang đãng,29.98,62,5.15,0,19,0,4,tomtom_realtime
2026-04-06 19:26:29,Nguyen Trai,19,31,1.22,532,326,1,0.6129,0,0,Rain,mưa nhẹ,29.98,62,5.15,0,19,0,4,tomtom_realtime
2026-04-06 19:26:29,Vanh Dai 3,26,41,0.84,785,497,1,0.6341,0,0,Rain,mưa nhẹ,29.98,62,5.15,0,19,0,4,tomtom_realtime
2026-04-06 19:26:29,Ton Duc Thang,19,28,1.02,602,408,1,0.6786,0,0,Rain,mưa nhẹ,29.98,62,5.15,0,19,0,4,tomtom_realtime
2026-04-06 19:31:32,Nguyen Trai,19,31,1.22,532,326,1,0.6129,0,0,Clear,bầu trời quang đãng,29.98,65,5.37,0,19,0,4,tomtom_realtime
2026-04-06 19:31:32,Vanh Dai 3,24,41,1.04,850,497,1,0.5854,0,0,Clear,bầu trời quang đãng,29.98,65,5.37,0,19,0,4,tomtom_realtime
2026-04-06 19:31:32,Ton Duc Thang,17,28,1.39,673,408,1,0.6071,0,0,Clear,bầu trời quang đãng,29.98,65,5.37,0,19,0,4,tomtom_realtime
2026-04-06 19:36:36,Nguyen Trai,18,31,1.4,561,326,1,0.5806,0,0,Clear,bầu trời quang đãng,29.98,65,5.37,0,19,0,4,tomtom_realtime
2026-04-06 19:36:36,Vanh Dai 3,25,41,0.94,816,497,1,0.6098,0,0,Clear,bầu trời quang đãng,29.98,65,5.37,0,19,0,4,tomtom_realtime
2026-04-06 19:36:36,Ton Duc Thang,18,27,1.11,635,423,1,0.6667,0,0,Clear,bầu trời quang đãng,29.98,65,5.37,0,19,0,4,tomtom_realtime
2026-04-06 19:41:43,Nguyen Trai,21,31,0.92,481,326,1,0.6774,0,0,Rain,mưa nhẹ,29.98,65,5.37,0,19,0,4,tomtom_realtime
2026-04-06 19:41:43,Vanh Dai 3,27,41,0.76,756,497,1,0.6585,0,0,Rain,mưa nhẹ,29.98,65,5.37,0,19,0,4,tomtom_realtime
2026-04-06 19:41:43,Ton Duc Thang,17,28,1.39,673,408,1,0.6071,0,0,Rain,mưa nhẹ,29.98,65,5.37,0,19,0,4,tomtom_realtime
2026-04-06 19:46:46,Nguyen Trai,20,31,1.06,505,326,1,0.6452,0,0,Rain,mưa nhẹ,29.98,65,5.37,0,19,0,4,tomtom_realtime
2026-04-06 19:46:46,Vanh Dai 3,26,40,0.81,785,510,1,0.65,0,0,Rain,mưa nhẹ,29.98,65,5.37,0,19,0,4,tomtom_realtime
2026-04-06 19:46:46,Ton Duc Thang,19,28,1.02,602,408,1,0.6786,0,0,Rain,mưa nhẹ,29.98,65,5.37,0,19,0,4,tomtom_realtime
2026-04-06 19:51:50,Nguyen Trai,20,31,1.06,505,326,1,0.6452,0,0,Rain,mưa nhẹ,29.98,65,5.37,0,19,0,4,tomtom_realtime
2026-04-06 19:51:50,Vanh Dai 3,29,41,0.61,703,497,1,0.7073,0,0,Rain,mưa nhẹ,29.98,65,5.37,0,19,0,4,tomtom_realtime
2026-04-06 19:51:50,Ton Duc Thang,17,28,1.39,673,408,1,0.6071,0,0,Rain,mưa nhẹ,29.98,65,5.37,0,19,0,4,tomtom_realtime
2026-04-06 19:56:53,Nguyen Trai,20,31,1.06,505,326,1,0.6452,0,0,Rain,mưa nhẹ,29.98,65,5.37,0,19,0,4,tomtom_realtime
2026-04-06 19:56:53,Vanh Dai 3,29,41,0.61,703,497,1,0.7073,0,0,Rain,mưa nhẹ,29.98,65,5.37,0,19,0,4,tomtom_realtime
2026-04-06 19:56:53,Ton Duc Thang,17,28,1.39,673,408,1,0.6071,0,0,Rain,mưa nhẹ,29.98,65,5.37,0,19,0,4,tomtom_realtime
2026-04-06 20:01:57,Nguyen Trai,24,31,0.56,421,326,1,0.7742,0,0,Rain,mưa nhẹ,29.95,69,5.37,0,20,0,4,tomtom_realtime
2026-04-06 20:01:57,Vanh Dai 3,27,41,0.76,756,497,1,0.6585,0,0,Rain,mưa nhẹ,29.95,69,5.37,0,20,0,4,tomtom_realtime
2026-04-06 20:01:57,Ton Duc Thang,16,27,1.53,715,423,1,0.5926,0,0,Rain,mưa nhẹ,29.95,69,5.37,0,20,0,4,tomtom_realtime
2026-04-06 20:07:00,Nguyen Trai,21,31,0.92,481,326,1,0.6774,0,0,Rain,mưa nhẹ,29.95,69,5.37,0,20,0,4,tomtom_realtime
2026-04-06 20:07:00,Vanh Dai 3,27,40,0.72,756,510,1,0.675,0,0,Rain,mưa nhẹ,29.95,69,5.37,0,20,0,4,tomtom_realtime
2026-04-06 20:07:00,Ton Duc Thang,17,28,1.39,673,408,1,0.6071,0,0,Rain,mưa nhẹ,29.95,69,5.37,0,20,0,4,tomtom_realtime
2026-04-06 20:12:04,Nguyen Trai,19,31,1.22,532,326,1,0.6129,0,0,Rain,mưa nhẹ,28.98,76,5.37,0,20,0,4,tomtom_realtime
2026-04-06 20:12:04,Vanh Dai 3,30,41,0.54,680,497,1,0.7317,0,0,Rain,mưa nhẹ,28.98,76,5.37,0,20,0,4,tomtom_realtime
2026-04-06 20:12:04,Ton Duc Thang,18,28,1.19,635,408,1,0.6429,0,0,Rain,mưa nhẹ,28.98,76,5.37,0,20,0,4,tomtom_realtime
2026-04-06 20:17:07,Nguyen Trai,23,31,0.67,439,326,1,0.7419,0,0,Rain,mưa nhẹ,28.98,76,5.37,0,20,0,4,tomtom_realtime
2026-04-06 20:17:07,Vanh Dai 3,29,42,0.64,703,486,1,0.6905,0,0,Rain,mưa nhẹ,28.98,76,5.37,0,20,0,4,tomtom_realtime
2026-04-06 20:17:07,Ton Duc Thang,18,28,1.19,635,408,1,0.6429,0,0,Rain,mưa nhẹ,28.98,76,5.37,0,20,0,4,tomtom_realtime
2026-04-06 20:22:10,Nguyen Trai,20,31,1.06,505,326,1,0.6452,0,0,Rain,mưa nhẹ,28.98,76,5.37,0,20,0,4,tomtom_realtime
2026-04-06 20:22:10,Vanh Dai 3,30,41,0.54,680,497,1,0.7317,0,0,Rain,mưa nhẹ,28.98,76,5.37,0,20,0,4,tomtom_realtime
2026-04-06 20:22:10,Ton Duc Thang,19,27,0.94,602,423,1,0.7037,0,0,Rain,mưa nhẹ,28.98,76,5.37,0,20,0,4,tomtom_realtime
2026-04-06 20:27:13,Nguyen Trai,24,31,0.56,421,326,1,0.7742,0,0,Rain,mưa nhẹ,28.98,81,5.37,0,20,0,4,tomtom_realtime
2026-04-06 20:27:13,Vanh Dai 3,28,41,0.68,729,497,1,0.6829,0,0,Rain,mưa nhẹ,28.98,81,5.37,0,20,0,4,tomtom_realtime
2026-04-06 20:27:13,Ton Duc Thang,19,28,1.02,602,408,1,0.6786,0,0,Rain,mưa nhẹ,28.98,81,5.37,0,20,0,4,tomtom_realtime
2026-04-06 20:32:18,Nguyen Trai,23,31,0.67,439,326,1,0.7419,0,0,Rain,mưa nhẹ,28.98,81,5.37,0,20,0,4,tomtom_realtime
2026-04-06 20:32:18,Vanh Dai 3,30,41,0.54,680,497,1,0.7317,0,0,Rain,mưa nhẹ,28.98,81,5.37,0,20,0,4,tomtom_realtime
2026-04-06 20:32:18,Ton Duc Thang,18,27,1.11,635,423,1,0.6667,0,0,Rain,mưa nhẹ,28.98,81,5.37,0,20,0,4,tomtom_realtime
2026-04-06 20:37:21,Nguyen Trai,23,31,0.67,439,326,1,0.7419,0,0,Rain,mưa nhẹ,28.98,75,5.47,0,20,0,4,tomtom_realtime
2026-04-06 20:37:21,Vanh Dai 3,30,41,0.54,680,497,1,0.7317,0,0,Rain,mưa nhẹ,28.98,75,5.47,0,20,0,4,tomtom_realtime
2026-04-06 20:37:21,Ton Duc Thang,19,28,1.02,602,408,1,0.6786,0,0,Rain,mưa nhẹ,28.98,75,5.47,0,20,0,4,tomtom_realtime
2026-04-06 20:42:25,Nguyen Trai,21,31,0.92,481,326,1,0.6774,0,0,Rain,mưa nhẹ,28.98,75,5.47,0,20,0,4,tomtom_realtime
2026-04-06 20:42:25,Vanh Dai 3,28,39,0.6,729,523,1,0.7179,0,0,Rain,mưa nhẹ,28.98,75,5.47,0,20,0,4,tomtom_realtime
2026-04-06 20:42:25,Ton Duc Thang,20,28,0.86,572,408,1,0.7143,0,0,Rain,mưa nhẹ,28.98,75,5.47,0,20,0,4,tomtom_realtime
2026-04-06 20:47:28,Nguyen Trai,26,31,0.37,388,326,1,0.8387,0,0,Rain,mưa nhẹ,28.98,75,5.47,0,20,0,4,tomtom_realtime
2026-04-06 20:47:28,Vanh Dai 3,30,40,0.5,680,510,1,0.75,0,0,Rain,mưa nhẹ,28.98,75,5.47,0,20,0,4,tomtom_realtime
2026-04-06 20:47:28,Ton Duc Thang,17,27,1.31,673,423,1,0.6296,0,0,Rain,mưa nhẹ,28.98,75,5.47,0,20,0,4,tomtom_realtime
2026-04-06 20:52:32,Nguyen Trai,25,31,0.46,404,326,1,0.8065,0,0,Rain,mưa nhẹ,28.98,72,5.47,0,20,0,4,tomtom_realtime
2026-04-06 20:52:32,Vanh Dai 3,28,41,0.68,729,497,1,0.6829,0,0,Rain,mưa nhẹ,28.98,72,5.47,0,20,0,4,tomtom_realtime
2026-04-06 20:52:32,Ton Duc Thang,16,27,1.53,715,423,1,0.5926,0,0,Rain,mưa nhẹ,28.98,72,5.47,0,20,0,4,tomtom_realtime
2026-04-06 20:57:37,Nguyen Trai,24,31,0.56,421,326,1,0.7742,0,0,Rain,mưa nhẹ,28.98,72,5.47,0,20,0,4,tomtom_realtime
2026-04-06 20:57:37,Vanh Dai 3,31,40,0.44,658,510,1,0.775,0,0,Rain,mưa nhẹ,28.98,72,5.47,0,20,0,4,tomtom_realtime
2026-04-06 20:57:37,Ton Duc Thang,17,28,1.39,673,408,1,0.6071,0,0,Rain,mưa nhẹ,28.98,72,5.47,0,20,0,4,tomtom_realtime
2026-04-06 21:02:40,Nguyen Trai,23,31,0.67,439,326,1,0.7419,0,0,Rain,mưa nhẹ,28.95,72,5.47,0,21,0,4,tomtom_realtime
2026-04-06 21:02:40,Vanh Dai 3,30,41,0.54,680,497,1,0.7317,0,0,Rain,mưa nhẹ,28.95,72,5.47,0,21,0,4,tomtom_realtime
2026-04-06 21:02:40,Ton Duc Thang,20,28,0.86,572,408,1,0.7143,0,0,Rain,mưa nhẹ,28.95,72,5.47,0,21,0,4,tomtom_realtime
2026-04-06 21:07:43,Nguyen Trai,24,31,0.56,421,326,1,0.7742,0,0,Rain,mưa nhẹ,28.95,72,5.47,0,21,0,4,tomtom_realtime
2026-04-06 21:07:43,Vanh Dai 3,27,40,0.72,756,510,1,0.675,0,0,Rain,mưa nhẹ,28.95,72,5.47,0,21,0,4,tomtom_realtime
2026-04-06 21:07:43,Ton Duc Thang,19,28,1.02,602,408,1,0.6786,0,0,Rain,mưa nhẹ,28.95,72,5.47,0,21,0,4,tomtom_realtime
2026-04-06 21:12:47,Nguyen Trai,24,31,0.56,421,326,1,0.7742,0,0,Rain,mưa nhẹ,27.98,77,5.47,0,21,0,4,tomtom_realtime
2026-04-06 21:12:47,Vanh Dai 3,28,40,0.64,729,510,1,0.7,0,0,Rain,mưa nhẹ,27.98,77,5.47,0,21,0,4,tomtom_realtime
2026-04-06 21:12:47,Ton Duc Thang,18,28,1.19,635,408,1,0.6429,0,0,Rain,mưa nhẹ,27.98,77,5.47,0,21,0,4,tomtom_realtime
2026-04-06 21:17:53,Nguyen Trai,19,31,1.22,532,326,1,0.6129,0,0,Rain,mưa nhẹ,27.98,77,5.47,0,21,0,4,tomtom_realtime
2026-04-06 21:17:53,Vanh Dai 3,28,41,0.68,729,497,1,0.6829,0,0,Rain,mưa nhẹ,27.98,77,5.47,0,21,0,4,tomtom_realtime
2026-04-06 21:17:53,Ton Duc Thang,17,27,1.31,673,423,1,0.6296,0,0,Rain,mưa nhẹ,27.98,77,5.47,0,21,0,4,tomtom_realtime
2026-04-06 21:22:57,Nguyen Trai,21,30,0.86,481,337,1,0.7,0,0,Clear,bầu trời quang đãng,27.98,82,5.47,0,21,0,4,tomtom_realtime
2026-04-06 21:22:57,Vanh Dai 3,30,41,0.54,680,497,1,0.7317,0,0,Clear,bầu trời quang đãng,27.98,82,5.47,0,21,0,4,tomtom_realtime
2026-04-06 21:22:57,Ton Duc Thang,19,29,1.09,602,394,1,0.6552,0,0,Clear,bầu trời quang đãng,27.98,82,5.47,0,21,0,4,tomtom_realtime
2026-04-06 21:28:01,Nguyen Trai,22,31,0.79,459,326,1,0.7097,0,0,Clear,bầu trời quang đãng,27.98,82,5.47,0,21,0,4,tomtom_realtime
2026-04-06 21:28:01,Vanh Dai 3,27,41,0.76,756,497,1,0.6585,0,0,Clear,bầu trời quang đãng,27.98,82,5.47,0,21,0,4,tomtom_realtime
2026-04-06 21:28:01,Ton Duc Thang,18,28,1.19,635,408,1,0.6429,0,0,Clear,bầu trời quang đãng,27.98,82,5.47,0,21,0,4,tomtom_realtime
2026-04-06 21:33:04,Nguyen Trai,24,31,0.56,421,326,1,0.7742,0,0,Clear,bầu trời quang đãng,27.98,75,5.59,0,21,0,4,tomtom_realtime
2026-04-06 21:33:04,Vanh Dai 3,28,40,0.64,729,510,1,0.7,0,0,Clear,bầu trời quang đãng,27.98,75,5.59,0,21,0,4,tomtom_realtime
2026-04-06 21:33:04,Ton Duc Thang,19,29,1.09,602,394,1,0.6552,0,0,Clear,bầu trời quang đãng,27.98,75,5.59,0,21,0,4,tomtom_realtime
2026-04-06 21:38:08,Nguyen Trai,22,31,0.79,459,326,1,0.7097,0,0,Clear,bầu trời quang đãng,27.98,75,5.59,0,21,0,4,tomtom_realtime
2026-04-06 21:38:08,Vanh Dai 3,29,40,0.57,703,510,1,0.725,0,0,Clear,bầu trời quang đãng,27.98,75,5.59,0,21,0,4,tomtom_realtime
2026-04-06 21:38:08,Ton Duc Thang,17,29,1.46,673,394,1,0.5862,0,0,Clear,bầu trời quang đãng,27.98,75,5.59,0,21,0,4,tomtom_realtime
2026-04-06 21:43:11,Nguyen Trai,22,31,0.79,459,326,1,0.7097,0,0,Rain,mưa nhẹ,27.98,75,5.59,0,21,0,4,tomtom_realtime
2026-04-06 21:43:11,Vanh Dai 3,30,41,0.54,680,497,1,0.7317,0,0,Rain,mưa nhẹ,27.98,75,5.59,0,21,0,4,tomtom_realtime
2026-04-06 21:43:11,Ton Duc Thang,20,28,0.86,572,408,1,0.7143,0,0,Rain,mưa nhẹ,27.98,75,5.59,0,21,0,4,tomtom_realtime
2026-04-06 21:48:15,Nguyen Trai,20,31,1.06,505,326,1,0.6452,0,0,Rain,mưa nhẹ,27.98,75,5.59,0,21,0,4,tomtom_realtime
2026-04-06 21:48:15,Vanh Dai 3,29,41,0.61,703,497,1,0.7073,0,0,Rain,mưa nhẹ,27.98,75,5.59,0,21,0,4,tomtom_realtime
2026-04-06 21:48:15,Ton Duc Thang,19,28,1.02,602,408,1,0.6786,0,0,Rain,mưa nhẹ,27.98,75,5.59,0,21,0,4,tomtom_realtime
2026-04-06 21:53:19,Nguyen Trai,31,31,0.0,326,326,1,1.0,0,0,Rain,mưa nhẹ,27.98,75,5.59,0,21,0,4,tomtom_realtime
2026-04-06 21:53:19,Vanh Dai 3,30,40,0.5,680,510,1,0.75,0,0,Rain,mưa nhẹ,27.98,75,5.59,0,21,0,4,tomtom_realtime
2026-04-06 21:53:19,Ton Duc Thang,19,29,1.09,602,394,1,0.6552,0,0,Rain,mưa nhẹ,27.98,75,5.59,0,21,0,4,tomtom_realtime
2026-04-06 21:58:24,Nguyen Trai,31,31,0.0,326,326,1,1.0,0,0,Clear,bầu trời quang đãng,27.98,75,5.59,0,21,0,4,tomtom_realtime
2026-04-06 21:58:24,Vanh Dai 3,30,40,0.5,680,510,1,0.75,0,0,Clear,bầu trời quang đãng,27.98,75,5.59,0,21,0,4,tomtom_realtime
2026-04-06 21:58:24,Ton Duc Thang,18,28,1.19,635,408,1,0.6429,0,0,Clear,bầu trời quang đãng,27.98,75,5.59,0,21,0,4,tomtom_realtime
2026-04-06 22:03:28,Nguyen Trai,25,30,0.4,404,337,1,0.8333,0,0,Rain,mưa nhẹ,27.96,75,5.59,0,22,0,4,tomtom_realtime
2026-04-06 22:03:28,Vanh Dai 3,32,41,0.41,637,497,1,0.7805,0,0,Rain,mưa nhẹ,27.96,75,5.59,0,22,0,4,tomtom_realtime
2026-04-06 22:03:28,Ton Duc Thang,21,29,0.79,545,394,1,0.7241,0,0,Rain,mưa nhẹ,27.96,75,5.59,0,22,0,4,tomtom_realtime
2026-04-06 22:08:32,Nguyen Trai,23,31,0.67,439,326,1,0.7419,0,0,Clear,bầu trời quang đãng,27.98,81,5.59,0,22,0,4,tomtom_realtime
2026-04-06 22:08:32,Vanh Dai 3,29,41,0.61,703,497,1,0.7073,0,0,Clear,bầu trời quang đãng,27.98,81,5.59,0,22,0,4,tomtom_realtime
2026-04-06 22:08:32,Ton Duc Thang,21,28,0.71,545,408,1,0.75,0,0,Clear,bầu trời quang đãng,27.98,81,5.59,0,22,0,4,tomtom_realtime
2026-04-06 22:13:39,Nguyen Trai,22,31,0.79,459,326,1,0.7097,0,0,Clear,bầu trời quang đãng,27.98,81,5.59,0,22,0,4,tomtom_realtime
2026-04-06 22:13:39,Vanh Dai 3,30,41,0.54,680,497,1,0.7317,0,0,Clear,bầu trời quang đãng,27.98,81,5.59,0,22,0,4,tomtom_realtime
2026-04-06 22:13:39,Ton Duc Thang,21,28,0.71,545,408,1,0.75,0,0,Clear,bầu trời quang đãng,27.98,81,5.59,0,22,0,4,tomtom_realtime
2026-04-06 22:18:45,Nguyen Trai,31,31,0.0,326,326,1,1.0,0,0,Clear,bầu trời quang đãng,26.98,81,5.59,0,22,0,4,tomtom_realtime
2026-04-06 22:18:45,Vanh Dai 3,33,41,0.35,618,497,1,0.8049,0,0,Clear,bầu trời quang đãng,26.98,81,5.59,0,22,0,4,tomtom_realtime
2026-04-06 22:18:45,Ton Duc Thang,19,28,1.02,602,408,1,0.6786,0,0,Clear,bầu trời quang đãng,26.98,81,5.59,0,22,0,4,tomtom_realtime
2026-04-06 22:23:49,Nguyen Trai,31,31,0.0,326,326,1,1.0,0,0,Clear,bầu trời quang đãng,26.98,81,5.59,0,22,0,4,tomtom_realtime
2026-04-06 22:23:49,Vanh Dai 3,30,39,0.46,680,523,1,0.7692,0,0,Clear,bầu trời quang đãng,26.98,81,5.59,0,22,0,4,tomtom_realtime
2026-04-06 22:23:49,Ton Duc Thang,21,28,0.71,545,408,1,0.75,0,0,Clear,bầu trời quang đãng,26.98,81,5.59,0,22,0,4,tomtom_realtime
2026-04-06 22:28:54,Nguyen Trai,24,30,0.5,421,337,1,0.8,0,0,Clear,bầu trời quang đãng,26.97,83,5.59,0,22,0,4,tomtom_realtime
2026-04-06 22:28:54,Vanh Dai 3,30,41,0.54,680,497,1,0.7317,0,0,Clear,bầu trời quang đãng,26.97,83,5.59,0,22,0,4,tomtom_realtime
2026-04-06 22:28:54,Ton Duc Thang,20,28,0.86,572,408,1,0.7143,0,0,Clear,bầu trời quang đãng,26.97,83,5.59,0,22,0,4,tomtom_realtime
2026-04-06 22:33:57,Nguyen Trai,24,31,0.56,421,326,1,0.7742,0,0,Clear,bầu trời quang đãng,26.97,83,5.59,0,22,0,4,tomtom_realtime
2026-04-06 22:33:57,Vanh Dai 3,41,41,0.0,497,497,1,1.0,0,0,Clear,bầu trời quang đãng,26.97,83,5.59,0,22,0,4,tomtom_realtime
2026-04-06 22:33:57,Ton Duc Thang,22,29,0.66,520,394,1,0.7586,0,0,Clear,bầu trời quang đãng,26.97,83,5.59,0,22,0,4,tomtom_realtime
2026-04-06 22:39:00,Nguyen Trai,25,31,0.46,404,326,1,0.8065,0,0,Clear,bầu trời quang đãng,26.98,76,5.11,0,22,0,4,tomtom_realtime
2026-04-06 22:39:00,Vanh Dai 3,41,41,0.0,497,497,1,1.0,0,0,Clear,bầu trời quang đãng,26.98,76,5.11,0,22,0,4,tomtom_realtime
2026-04-06 22:39:00,Ton Duc Thang,28,28,0.0,408,408,1,1.0,0,0,Clear,bầu trời quang đãng,26.98,76,5.11,0,22,0,4,tomtom_realtime
2026-04-06 22:44:04,Nguyen Trai,31,31,0.0,326,326,1,1.0,0,0,Clear,bầu trời quang đãng,26.98,76,5.11,0,22,0,4,tomtom_realtime
2026-04-06 22:44:04,Vanh Dai 3,32,40,0.38,637,510,1,0.8,0,0,Clear,bầu trời quang đãng,26.98,76,5.11,0,22,0,4,tomtom_realtime
2026-04-06 22:44:04,Ton Duc Thang,21,28,0.71,545,408,1,0.75,0,0,Clear,bầu trời quang đãng,26.98,76,5.11,0,22,0,4,tomtom_realtime
2026-04-06 22:49:08,Nguyen Trai,27,31,0.29,374,326,1,0.871,0,0,Clear,bầu trời quang đãng,26.98,76,5.11,0,22,0,4,tomtom_realtime
2026-04-06 22:49:08,Vanh Dai 3,41,41,0.0,497,497,1,1.0,0,0,Clear,bầu trời quang đãng,26.98,76,5.11,0,22,0,4,tomtom_realtime
2026-04-06 22:49:08,Ton Duc Thang,21,28,0.71,545,408,1,0.75,0,0,Clear,bầu trời quang đãng,26.98,76,5.11,0,22,0,4,tomtom_realtime
2026-04-06 23:01:22,Nguyen Trai,25,31,0.46,404,326,1,0.8065,0,0,Rain,mưa nhẹ,26.98,74,5.11,0,23,0,4,tomtom_realtime
2026-04-06 23:01:22,Vanh Dai 3,41,41,0.0,497,497,1,1.0,0,0,Rain,mưa nhẹ,26.98,74,5.11,0,23,0,4,tomtom_realtime
2026-04-06 23:01:22,Ton Duc Thang,23,28,0.47,497,408,1,0.8214,0,0,Rain,mưa nhẹ,26.98,74,5.11,0,23,0,4,tomtom_realtime
2026-04-06 23:06:25,Nguyen Trai,31,31,0,326,326,1,1.0,0,0,Rain,mưa nhẹ,26.98,74,5.11,0,23,0,4,tomtom_realtime
2026-04-06 23:06:25,Vanh Dai 3,41,41,0,497,497,1,1.0,0,0,Rain,mưa nhẹ,26.98,74,5.11,0,23,0,4,tomtom_realtime
2026-04-06 23:06:25,Ton Duc Thang,28,28,0,408,408,1,1.0,0,0,Rain,mưa nhẹ,26.98,74,5.11,0,23,0,4,tomtom_realtime
2026-04-06 23:11:29,Nguyen Trai,31,31,0,326,326,1,1.0,0,0,Clear,bầu trời quang đãng,26.98,81,5.11,0,23,0,4,tomtom_realtime
2026-04-06 23:11:29,Vanh Dai 3,41,41,0,497,497,1,1.0,0,0,Clear,bầu trời quang đãng,26.98,81,5.11,0,23,0,4,tomtom_realtime
2026-04-06 23:11:29,Ton Duc Thang,28,28,0,408,408,1,1.0,0,0,Clear,bầu trời quang đãng,26.98,81,5.11,0,23,0,4,tomtom_realtime
2026-04-06 23:16:33,Nguyen Trai,31,31,0.0,326,326,1,1.0,0,0,Clear,bầu trời quang đãng,26.98,81,5.11,0,23,0,4,tomtom_realtime
2026-04-06 23:16:33,Vanh Dai 3,41,41,0.0,497,497,1,1.0,0,0,Clear,bầu trời quang đãng,26.98,81,5.11,0,23,0,4,tomtom_realtime
2026-04-06 23:16:33,Ton Duc Thang,21,28,0.71,545,408,1,0.75,0,0,Clear,bầu trời quang đãng,26.98,81,5.11,0,23,0,4,tomtom_realtime
2026-04-06 23:21:36,Nguyen Trai,25,31,0.46,404,326,1,0.8065,0,0,Clear,bầu trời quang đãng,26.98,83,5.11,0,23,0,4,tomtom_realtime
2026-04-06 23:21:36,Vanh Dai 3,36,41,0.2,567,497,1,0.878,0,0,Clear,bầu trời quang đãng,26.98,83,5.11,0,23,0,4,tomtom_realtime
2026-04-06 23:21:36,Ton Duc Thang,28,28,0.0,408,408,1,1.0,0,0,Clear,bầu trời quang đãng,26.98,83,5.11,0,23,0,4,tomtom_realtime
